{"input_field":"Instruction: Name the attribute according to the following description with up to 3 words. \nInput: Provide the inside diameter of this product\nOutput:","target_field":"Inside Diameter"}
{"input_field":"Instruction: Use no more than 3 words to name the attribute given the following description. \nInput: This attribute represents the size of the rim\nOutput:","target_field":"Rim Size"}
{"input_field":"Instruction: Use up to three words to name the attribute given the description. \nInput: This attribute indicates the ratio of the display height to the display width\nOutput:","target_field":"Image Aspect Ratio"}
{"input_field":"Instruction: Use no more than 3 words to name the attribute given the following description. \nInput: This attribute provides a description of the headphones jack on the item\nOutput:","target_field":"Headphones Jack"}
{"input_field":"Instruction: Use no more than 3 words to name the attribute given the following description. \nInput: This attribute represents the  type of power plug the item has or supports\nOutput:","target_field":"Power Plug"}
{"input_field":"Instruction: Name the attribute according to the following description with up to 3 words. \nInput: This attribute represents the team name of the product from the respective league\nOutput:","target_field":"Team Name"}
{"input_field":"Instruction: Name the attribute according to the following description with up to 3 words. \nInput: Enter the inlet connection type\nOutput:","target_field":"Inlet Connection Type"}
{"input_field":"Instruction: Name the attribute according to the following description with up to 3 words. \nInput: This attribute represent the storage volume the item has or supports\nOutput:","target_field":"Storage Volume"}
{"input_field":"Instruction: Use up to three words to name the attribute given the description. \nInput: This attribute represents the number of channels the item has\nOutput:","target_field":"Number of Channels"}
{"input_field":"Instruction: Name the attribute according to the following description with up to 3 words. \nInput: This attribute is used to describe the bolt, screw, or meshing gear spacing\nOutput:","target_field":"Pitch Circle Diameter"}
{"input_field":"Instruction: Use up to three words to name the attribute given the description. \nInput: Enter the contact material\nOutput:","target_field":"Contact Material"}
{"input_field":"Instruction: Use up to three words to name the attribute given the description. \nInput: Indicates the amount of capacity the fasteners that come with the item can tolerate\nOutput:","target_field":"Fastener Capacity"}
{"input_field":"Instruction: Use up to three words to name the attribute given the description. \nInput: This attribute represents the number of ports the item has\nOutput:","target_field":"Number of Ports"}
{"input_field":"Instruction: Use no more than 3 words to name the attribute given the following description. \nInput: This attribute represents the maximum compatible size supported by the item\nOutput:","target_field":"Maximum Compatible Size"}
{"input_field":"Instruction: Use up to three words to name the attribute given the description. \nInput: Describe the most dominant color of the dial.\nOutput:","target_field":"Dial Color"}
{"input_field":"Instruction: Use up to three words to name the attribute given the description. \nInput: The length of a chain for an item.\nOutput:","target_field":"Chain Length"}
{"input_field":"Instruction: Use up to three words to name the attribute given the description. \nInput: Provide the upper temperature rating\nOutput:","target_field":"Upper Temperature Rating"}
{"input_field":"Instruction: Use up to three words to name the attribute given the description. \nInput: This attribute represents the color temperature of the item\nOutput:","target_field":"Color Temperature"}
{"input_field":"Instruction: Use up to three words to name the attribute given the description. \nInput: Indicates the type of lens mount the product supports\nOutput:","target_field":"Compatible Camera Mount"}
{"input_field":"Instruction: Use no more than 3 words to name the attribute given the following description. \nInput: This attribute indicates the seat back interior height\nOutput:","target_field":"Seat Back Interior Height"}
{"input_field":"Instruction: Name the attribute according to the following description with up to 3 words. \nInput: Enter the most appropriate hair type for the product.\nOutput:","target_field":"Hair Type"}
{"input_field":"Instruction: Name the attribute according to the following description with up to 3 words. \nInput: This attribute indicates the available sound output modes for the item\nOutput:","target_field":"Audio Output Mode"}
{"input_field":"Instruction: Use up to three words to name the attribute given the description. \nInput: This attribute indicates the diameter of the handle\nOutput:","target_field":"Handle Diameter"}
{"input_field":"Instruction: Use up to three words to name the attribute given the description. \nInput: This attribute indicates the size of the gauge\nOutput:","target_field":"Gauge"}
{"input_field":"Instruction: Use up to three words to name the attribute given the description. \nInput: This attribute provides information related to the size of the item\nOutput:","target_field":"Size"}
{"input_field":"Instruction: Use up to three words to name the attribute given the description. \nInput: This attribute provides the industry standards or specifications the product has met\nOutput:","target_field":"Specification Met"}
{"input_field":"Instruction: Use up to three words to name the attribute given the description. \nInput: Belt Width\nOutput:","target_field":"Belt Width"}
{"input_field":"Instruction: Name the attribute according to the following description with up to 3 words. \nInput: This attribute was created to support standardizing how we collect sizing information for apparel bottoms including alpha, numeric and age based sizes as well as inseam size and waist size. This attribute is targeted to be used for pants, shorts and overalls.\nOutput:","target_field":"Bottoms Size"}
{"input_field":"Instruction: Use no more than 3 words to name the attribute given the following description. \nInput: This attribute is to describe the size of the memory card included with an item\nOutput:","target_field":"Included Memory Card Size"}
{"input_field":"Instruction: Name the attribute according to the following description with up to 3 words. \nInput: This attribute indicates the type of material the blade is made of\nOutput:","target_field":"Blade Material"}
{"input_field":"Instruction: Use no more than 3 words to name the attribute given the following description. \nInput: This attribute represents the material feature\nOutput:","target_field":"Material Features"}
{"input_field":"Instruction: Name the attribute according to the following description with up to 3 words. \nInput: This attribute indicates all the functions which the printer provides. This information is used to derive a merchandising value for [printer_function_class].\nOutput:","target_field":"Additional Printer Functions"}
{"input_field":"Instruction: Use up to three words to name the attribute given the description. \nInput: The size of the item when folded\nOutput:","target_field":"Folded Size"}
{"input_field":"Instruction: Use no more than 3 words to name the attribute given the following description. \nInput: Provide the neck style of the product\nOutput:","target_field":"Neck Style"}
{"input_field":"Instruction: Use no more than 3 words to name the attribute given the following description. \nInput: This number is used for comparing brightness for optical items.  The relative brightness is determined by squaring the diameter of the exit pupil. The larger the relative brightness number, the brighter the image.\nOutput:","target_field":"Relative Brightness"}
{"input_field":"Instruction: Use no more than 3 words to name the attribute given the following description. \nInput: Describe the size of the band.\nOutput:","target_field":"Band Size"}
{"input_field":"Instruction: Name the attribute according to the following description with up to 3 words. \nInput: This attribute specifies the highest level of magnification provided by the product\nOutput:","target_field":"Magnification Maximum"}
{"input_field":"Instruction: Use up to three words to name the attribute given the description. \nInput: This attribute provides the flash modes the item offers\nOutput:","target_field":"Flash Modes Description"}
{"input_field":"Instruction: Name the attribute according to the following description with up to 3 words. \nInput: The type of vehicle with which the item is compatible. For tires, the value can be passenger car, truck, quads, etc\nOutput:","target_field":"Compatible with Vehicle Type"}
{"input_field":"Instruction: Use up to three words to name the attribute given the description. \nInput: The type of outlet connection for the product\nOutput:","target_field":"Outlet Connection Type"}
{"input_field":"Instruction: Use no more than 3 words to name the attribute given the following description. \nInput: This attribute indicates the Maximum Operating Voltage\nOutput:","target_field":"Maximum Operating Voltage"}
{"input_field":"Instruction: Name the attribute according to the following description with up to 3 words. \nInput: This attribute specifies the number of connector pins the product has or supports\nOutput:","target_field":"Number of Pins"}
{"input_field":"Instruction: Use no more than 3 words to name the attribute given the following description. \nInput: This attribute represents the type of cap the item is or has\nOutput:","target_field":"Cap Type"}
{"input_field":"Instruction: Use up to three words to name the attribute given the description. \nInput: This attribute represents the total number of USB ports the item has\nOutput:","target_field":"Total USB Ports"}
{"input_field":"Instruction: Use up to three words to name the attribute given the description. \nInput: This attribute indicates the type of closure that the item has\nOutput:","target_field":"Closure Type"}
{"input_field":"Instruction: Name the attribute according to the following description with up to 3 words. \nInput: Describes the type of polarization applied to the lens.\nOutput:","target_field":"Polarization Type"}
{"input_field":"Instruction: Name the attribute according to the following description with up to 3 words. \nInput: Indicates various kinds of insole materials used within the item\nOutput:","target_field":"Insole Material"}
{"input_field":"Instruction: Name the attribute according to the following description with up to 3 words. \nInput: This attribute represents the brake style the item has.\nOutput:","target_field":"Brake Style"}
{"input_field":"Instruction: Use no more than 3 words to name the attribute given the following description. \nInput: Frequency response curve is a graph of frequency response with signal amplitude or gain plotted against frequency\nOutput:","target_field":"Frequency Response Curve"}
{"input_field":"Instruction: Use up to three words to name the attribute given the description. \nInput: This attribute represents the hand orientation the item supports\nOutput:","target_field":"Hand Orientation"}
{"input_field":"Instruction: Name the attribute according to the following description with up to 3 words. \nInput: This attribute provides the types of inputs that can be used to interact with an item\nOutput:","target_field":"Human Interface Input"}
{"input_field":"Instruction: Use no more than 3 words to name the attribute given the following description. \nInput: This attribute represents the grip size of the product used for\nOutput:","target_field":"Grip Size"}
{"input_field":"Instruction: Use no more than 3 words to name the attribute given the following description. \nInput: This attribute provides the maximum power surge the product is rated for, measured in Joules\nOutput:","target_field":"Maximum Surge Rating"}
{"input_field":"Instruction: Use up to three words to name the attribute given the description. \nInput: This attribute represents the socket type that relates to the CPU model\nOutput:","target_field":"CPU Socket"}
{"input_field":"Instruction: Use no more than 3 words to name the attribute given the following description. \nInput: This attribute indicates the number of buttons on the item\nOutput:","target_field":"Button Quantity"}
{"input_field":"Instruction: Use up to three words to name the attribute given the description. \nInput: This attribute indicates the color of the product\nOutput:","target_field":"Color"}
{"input_field":"Instruction: Use no more than 3 words to name the attribute given the following description. \nInput: Enter in the exit pupil diameter in mm\nOutput:","target_field":"Exit Pupil Diameter (mm)"}
{"input_field":"Instruction: Use up to three words to name the attribute given the description. \nInput: This attribute represents the maximum output power of the speakers\nOutput:","target_field":"Speaker Maximum Output Power"}
{"input_field":"Instruction: Use no more than 3 words to name the attribute given the following description. \nInput: This attribute indicates the movement type of the watch\nOutput:","target_field":"Watch Movement"}
{"input_field":"Instruction: Use no more than 3 words to name the attribute given the following description. \nInput: This attribute indicates the Output Current of the item\nOutput:","target_field":"Output Current"}
{"input_field":"Instruction: Use up to three words to name the attribute given the description. \nInput: This attribute represents the type of fuel the item uses\nOutput:","target_field":"Fuel Type"}
{"input_field":"Instruction: Use up to three words to name the attribute given the description. \nInput: This attribute indicates the maximum upstream data transmission rate of a modem or networking device\nOutput:","target_field":"Maximum Upstream Data Transfer Rate"}
{"input_field":"Instruction: Name the attribute according to the following description with up to 3 words. \nInput: This attribute indicates the tolerance of a body to store an electric charge\nOutput:","target_field":"Capacitance Tolerance"}
{"input_field":"Instruction: Use up to three words to name the attribute given the description. \nInput: This attribute indicates the type of fastener that the item has\nOutput:","target_field":"Fastener Type"}
{"input_field":"Instruction: Use up to three words to name the attribute given the description. \nInput: Strand Type\nOutput:","target_field":"Strand Type"}
{"input_field":"Instruction: Use no more than 3 words to name the attribute given the following description. \nInput: The offset of a wheel is the distance from the hub mounting surface to the center line of the wheel\nOutput:","target_field":"Item Offset"}
{"input_field":"Instruction: Use no more than 3 words to name the attribute given the following description. \nInput: Type of bottle that the item includes or accepts\nOutput:","target_field":"Bottle Type"}
{"input_field":"Instruction: Name the attribute according to the following description with up to 3 words. \nInput: This attribute provides information related to the character represented by the item\nOutput:","target_field":"Subject Character"}
{"input_field":"Instruction: Use no more than 3 words to name the attribute given the following description. \nInput: This attribute represents the maximum height the item has or supports\nOutput:","target_field":"Maximum Height"}
{"input_field":"Instruction: Use no more than 3 words to name the attribute given the following description. \nInput: Enter the type of terminal\nOutput:","target_field":"Terminal"}
{"input_field":"Instruction: Name the attribute according to the following description with up to 3 words. \nInput: Add key product benefits in sentence form. Can be maximum of 115 characters (including spaces).  Avoid special characters, caps, and bullets.\nOutput:","target_field":"Product Benefits"}
{"input_field":"Instruction: Use no more than 3 words to name the attribute given the following description. \nInput: Describes what variety of item this is.\nOutput:","target_field":"Variety"}
{"input_field":"Instruction: Use no more than 3 words to name the attribute given the following description. \nInput: This attribute provides a description of the firmness of the item\nOutput:","target_field":"Item Firmness Description"}
{"input_field":"Instruction: Use no more than 3 words to name the attribute given the following description. \nInput: how many video head are in the video tape machine\nOutput:","target_field":"Video Head Quantity"}
{"input_field":"Instruction: Use no more than 3 words to name the attribute given the following description. \nInput: Provide the wheel diameter for RC vehicles\nOutput:","target_field":"Wheel Diameter"}
{"input_field":"Instruction: Name the attribute according to the following description with up to 3 words. \nInput: This attribute indicates the name of the company that manufactures the CPU\nOutput:","target_field":"CPU Model Manufacturer"}
{"input_field":"Instruction: Name the attribute according to the following description with up to 3 words. \nInput: This attribute indicates the Minimum Operating Voltage\nOutput:","target_field":"Minimum Operating Voltage"}
{"input_field":"Instruction: Name the attribute according to the following description with up to 3 words. \nInput: Number; assumed to be in decibels (db)\nOutput:","target_field":"Noise Attenuation"}
{"input_field":"Instruction: Use up to three words to name the attribute given the description. \nInput: Indicates the maximum current the item can carry\nOutput:","target_field":"Maximum Current"}
{"input_field":"Instruction: Use up to three words to name the attribute given the description. \nInput: Indicates the radio frequency band(s) in which the item can transmit\nOutput:","target_field":"Frequency Bands Supported"}
{"input_field":"Instruction: Use no more than 3 words to name the attribute given the following description. \nInput: This attribute represents the dimensions of the item in its package\nOutput:","target_field":"Item Package Dimensions"}
{"input_field":"Instruction: Use no more than 3 words to name the attribute given the following description. \nInput: This attribute provides information related to the form of the item\nOutput:","target_field":"Item Form"}
{"input_field":"Instruction: Use no more than 3 words to name the attribute given the following description. \nInput: This attribute indicates the type of controller the item comes with or is\nOutput:","target_field":"Controller Type"}
{"input_field":"Instruction: Name the attribute according to the following description with up to 3 words. \nInput: This attribute specifies the frequency band class supported by the router\nOutput:","target_field":"Frequency Band Class"}
{"input_field":"Instruction: Name the attribute according to the following description with up to 3 words. \nInput: This attribute indicates the Minimum Input Voltage\nOutput:","target_field":"Minimum Input Voltage"}
{"input_field":"Instruction: Use no more than 3 words to name the attribute given the following description. \nInput: This attribute represents the size of the paper or the paper size the item supports\nOutput:","target_field":"Paper Size"}
{"input_field":"Instruction: Use up to three words to name the attribute given the description. \nInput: Used to indicate additional information about the products ingredients\nOutput:","target_field":"Special Ingredients"}
{"input_field":"Instruction: Name the attribute according to the following description with up to 3 words. \nInput: The material used in the core of the product\nOutput:","target_field":"Core Material"}
{"input_field":"Instruction: Name the attribute according to the following description with up to 3 words. \nInput: This attribute indicates the maximum recommended grade level\nOutput:","target_field":"Maximum Recommended Grade"}
{"input_field":"Instruction: Use up to three words to name the attribute given the description. \nInput: This attribute provides the amount of RAM that comes installed in an item\nOutput:","target_field":"RAM Memory Installed"}
{"input_field":"Instruction: Use up to three words to name the attribute given the description. \nInput: This attribute represents the minimum height the item has or supports\nOutput:","target_field":"Minimum Height"}
{"input_field":"Instruction: Name the attribute according to the following description with up to 3 words. \nInput: Usually used for golf clubs to indicate the type of flex for this item.\nOutput:","target_field":"Golf Club Flex"}
{"input_field":"Instruction: Use up to three words to name the attribute given the description. \nInput: This attribute indicates the amount of time that a product can be used for or is expected to be complete\nOutput:","target_field":"Duration"}
{"input_field":"Instruction: Use up to three words to name the attribute given the description. \nInput: This attribute is normalized with controlled values in some cases.  Unrecognized values may be dropped in the pipeline.  It is not clear where this normalization exists.\nOutput:","target_field":"Size Map"}
{"input_field":"Instruction: Use no more than 3 words to name the attribute given the following description. \nInput: The ply of a product like a paper towel, a tire, or yarn\nOutput:","target_field":"Ply Rating"}
{"input_field":"Instruction: Use no more than 3 words to name the attribute given the following description. \nInput: This attribute indicates the date of publication of the product\nOutput:","target_field":"Publication Date"}
{"input_field":"Instruction: Use no more than 3 words to name the attribute given the following description. \nInput: This attribute indicates the type of lens\nOutput:","target_field":"Lens Type"}
{"input_field":"Instruction: Use up to three words to name the attribute given the description. \nInput: This attribute represents the number of fans that are included with or are part of the product\nOutput:","target_field":"Fan Count"}
{"input_field":"Instruction: Use no more than 3 words to name the attribute given the following description. \nInput: This attribute describes the type of RAM included with or supported by an item\nOutput:","target_field":"RAM Memory Technology"}
{"input_field":"Instruction: Use no more than 3 words to name the attribute given the following description. \nInput: This attribute represents the total amount of energy stored in the lithium batteries\nOutput:","target_field":"Lithium Battery Energy Content"}
{"input_field":"Instruction: Name the attribute according to the following description with up to 3 words. \nInput: Provide the chemical grade (e.x. Reagent, Lab)\nOutput:","target_field":"Grade Rating"}
{"input_field":"Instruction: Name the attribute according to the following description with up to 3 words. \nInput: This attribute indicates the diameter of the bore\nOutput:","target_field":"Bore Diameter"}
{"input_field":"Instruction: Use up to three words to name the attribute given the description. \nInput: This attribute represents the type of base that the product has or uses\nOutput:","target_field":"Base Type"}
{"input_field":"Instruction: Use up to three words to name the attribute given the description. \nInput: This attribute indicates the Number of Conductors\nOutput:","target_field":"Number Of Conductors"}
{"input_field":"Instruction: Use no more than 3 words to name the attribute given the following description. \nInput: This attribute indicates to customers that the package has been certified as FFP\nOutput:","target_field":"Package Type"}
{"input_field":"Instruction: Use up to three words to name the attribute given the description. \nInput: This attribute represents the maximum occupancy of the item. Ususally represented for tents and sleeping bags.\nOutput:","target_field":"Occupancy"}
{"input_field":"Instruction: Use no more than 3 words to name the attribute given the following description. \nInput: This attribute indicates the wireless communication standard for the item\nOutput:","target_field":"Wireless Communication Standard"}
{"input_field":"Instruction: Name the attribute according to the following description with up to 3 words. \nInput: This attribute indicates the diameter of the shaft. This is usually the outside diameter of the shaft from one edge to the other\nOutput:","target_field":"Shaft Diameter"}
{"input_field":"Instruction: Use up to three words to name the attribute given the description. \nInput: Used to describe the width of the chamber\nOutput:","target_field":"Chamber Width"}
{"input_field":"Instruction: Use no more than 3 words to name the attribute given the following description. \nInput: This attribute indicates the method of connecting to or from this device\nOutput:","target_field":"Hardware Interface"}
{"input_field":"Instruction: Name the attribute according to the following description with up to 3 words. \nInput: This attribute represents the finish of the paper\nOutput:","target_field":"Paper Finish"}
{"input_field":"Instruction: Name the attribute according to the following description with up to 3 words. \nInput: This attribute indicates the total number of power outlets the item has\nOutput:","target_field":"Total Power Outlets"}
{"input_field":"Instruction: Use up to three words to name the attribute given the description. \nInput: The number of labels, tags or stickers provided in a box, sheet or roll of labelling material\nOutput:","target_field":"Number of Labels"}
{"input_field":"Instruction: Use up to three words to name the attribute given the description. \nInput: This attribute indicates the level of noise produced by an item\nOutput:","target_field":"Noise Level"}
{"input_field":"Instruction: Use no more than 3 words to name the attribute given the following description. \nInput: This should be a list of all the ingredients of    the food item.  It should agree with the list of    ingredients on the item package.\nOutput:","target_field":"Ingredients"}
{"input_field":"Instruction: Use up to three words to name the attribute given the description. \nInput: Size of optical sensor\nOutput:","target_field":"Optical Sensor Size"}
{"input_field":"Instruction: Use up to three words to name the attribute given the description. \nInput: This attribute represents the type of flash memory that comes with or is installed in the item\nOutput:","target_field":"Flash Memory Type"}
{"input_field":"Instruction: Name the attribute according to the following description with up to 3 words. \nInput: This attribute indicates the chemical composition of the battery cell\nOutput:","target_field":"Battery Cell Composition"}
{"input_field":"Instruction: Use up to three words to name the attribute given the description. \nInput: This attribute was created to support standardizing how we collect sizing information for shapewear or swimwear including alpha, numeric and age based sizes as well as cup size and band size. This attribute is targeted to be used for swimwear, bras, corsets, slips and camisoles.\nOutput:","target_field":"Shapewear Size"}
{"input_field":"Instruction: Use up to three words to name the attribute given the description. \nInput: This attribute provides the maximum focal length of the camera lens\nOutput:","target_field":"Maximum Focal Length"}
{"input_field":"Instruction: Use no more than 3 words to name the attribute given the following description. \nInput: The length of a brush for an item.\nOutput:","target_field":"Brush Length"}
{"input_field":"Instruction: Use up to three words to name the attribute given the description. \nInput: This attribute indicates the Maximum Flow Rate\nOutput:","target_field":"Maximum Flow Rate"}
{"input_field":"Instruction: Use no more than 3 words to name the attribute given the following description. \nInput: Describe the type of clasp.\nOutput:","target_field":"Clasp Type"}
{"input_field":"Instruction: Use up to three words to name the attribute given the description. \nInput: This attribute indicates whether or not the item comes with a remote\nOutput:","target_field":"Includes Remote?"}
{"input_field":"Instruction: Name the attribute according to the following description with up to 3 words. \nInput: Enter the arm length.\nOutput:","target_field":"Arm Length"}
{"input_field":"Instruction: Name the attribute according to the following description with up to 3 words. \nInput: This attribute represents the weight of the item only\nOutput:","target_field":"Item Weight"}
{"input_field":"Instruction: Name the attribute according to the following description with up to 3 words. \nInput: This attribute indicates the percentage of each material the product is composed of and should total 100%\nOutput:","target_field":"Material Composition"}
{"input_field":"Instruction: Name the attribute according to the following description with up to 3 words. \nInput: This attribute represents the maximum height recommendation for the item\nOutput:","target_field":"Maximum Height Recommendation"}
{"input_field":"Instruction: Name the attribute according to the following description with up to 3 words. \nInput: Backing material on the abrasive unit\nOutput:","target_field":"Backing Type"}
{"input_field":"Instruction: Use no more than 3 words to name the attribute given the following description. \nInput: Enter the toe style. Separate each entry with a semicolon.\nOutput:","target_field":"Toe Style"}
{"input_field":"Instruction: Use no more than 3 words to name the attribute given the following description. \nInput: This attribute provides a description of the type of shelf the item has\nOutput:","target_field":"Shelf Type"}
{"input_field":"Instruction: Name the attribute according to the following description with up to 3 words. \nInput: Measurement of the band from tip to tip. If it is a one piece watch band, measure the outside of the band circumference.\nOutput:","target_field":"Band Length"}
{"input_field":"Instruction: Use up to three words to name the attribute given the description. \nInput: This attribute provides the read speed of optical devices\nOutput:","target_field":"Optical Storage Read Speed"}
{"input_field":"Instruction: Name the attribute according to the following description with up to 3 words. \nInput: This attribute indicates seasons which the item is most appropriate for\nOutput:","target_field":"Seasons"}
{"input_field":"Instruction: Use no more than 3 words to name the attribute given the following description. \nInput: This attribute provides the depth of the seat\nOutput:","target_field":"Seat Depth"}
{"input_field":"Instruction: Name the attribute according to the following description with up to 3 words. \nInput: This attribute indicates the type of strap that the item has\nOutput:","target_field":"Strap Type"}
{"input_field":"Instruction: Use no more than 3 words to name the attribute given the following description. \nInput: Number of teeth, along with desired pitch diameter, will dictate pitch of gear\nOutput:","target_field":"Number of Teeth"}
{"input_field":"Instruction: Use no more than 3 words to name the attribute given the following description. \nInput: Describes how the power supply part of the product is mounted to the main product\nOutput:","target_field":"Power Supply Mounting Type"}
{"input_field":"Instruction: Name the attribute according to the following description with up to 3 words. \nInput: This attribute indicates the audio formats the device supports\nOutput:","target_field":"Supported Audio Format"}
{"input_field":"Instruction: Name the attribute according to the following description with up to 3 words. \nInput: This attribute provides information related to certificates that the product has earned\nOutput:","target_field":"Certificate Type"}
{"input_field":"Instruction: Use no more than 3 words to name the attribute given the following description. \nInput: This attribute indicates the special size type for the item\nOutput:","target_field":"Special Size"}
{"input_field":"Instruction: Use no more than 3 words to name the attribute given the following description. \nInput: This attribute shows the shortest amount of time, in seconds, a camera can keep the shutter open\nOutput:","target_field":"Minimum Shutter Speed"}
{"input_field":"Instruction: Use up to three words to name the attribute given the description. \nInput: Indicates size of chest\nOutput:","target_field":"Chest Size"}
{"input_field":"Instruction: Name the attribute according to the following description with up to 3 words. \nInput: Represents the method that a stone, gem, or pearl is affixed to a product such as a ring or earring\nOutput:","target_field":"Setting Type"}
{"input_field":"Instruction: Use up to three words to name the attribute given the description. \nInput: This attribute represents the size of the line produced by the product\nOutput:","target_field":"Line Size"}
{"input_field":"Instruction: Use up to three words to name the attribute given the description. \nInput: Enter the appropriate description. Mandatory if style is a denim, short or pant style.\nOutput:","target_field":"Pocket Description"}
{"input_field":"Instruction: Use no more than 3 words to name the attribute given the following description. \nInput: This attribute represents the total number of identical items that are in the selling unit to the customer\nOutput:","target_field":"Number of Items"}
{"input_field":"Instruction: Use no more than 3 words to name the attribute given the following description. \nInput: This attribute represents the digital video recording and storage format used by the product\nOutput:","target_field":"Media Format Digital Video"}
{"input_field":"Instruction: Use up to three words to name the attribute given the description. \nInput: Bearing Number\nOutput:","target_field":"Bearing Number"}
{"input_field":"Instruction: Use no more than 3 words to name the attribute given the following description. \nInput: This attribute provides information that describes the type of switch the item has\nOutput:","target_field":"Switch Type"}
{"input_field":"Instruction: Use no more than 3 words to name the attribute given the following description. \nInput: This attribute indicates the model year of the item\nOutput:","target_field":"Model Year"}
{"input_field":"Instruction: Name the attribute according to the following description with up to 3 words. \nInput: This attribute describes how the item is powered\nOutput:","target_field":"Power Source"}
{"input_field":"Instruction: Use up to three words to name the attribute given the description. \nInput: Enter the sleeve length in inches\nOutput:","target_field":"Sleeve Length"}
{"input_field":"Instruction: Use no more than 3 words to name the attribute given the following description. \nInput: This attribute provides information related to the orientation of the product\nOutput:","target_field":"Orientation"}
{"input_field":"Instruction: Use no more than 3 words to name the attribute given the following description. \nInput: Indicates the type or types of signal that is supported by the product\nOutput:","target_field":"Signal Format"}
{"input_field":"Instruction: Use up to three words to name the attribute given the description. \nInput: If applicable, the available horsepower of the    product. Input a number only--do not enter units.\nOutput:","target_field":"Horsepower"}
{"input_field":"Instruction: Use up to three words to name the attribute given the description. \nInput: This attribute identifies the species of animal the item is to be used for. For fishing lures, this is the fish that the lure is best for.\nOutput:","target_field":"Target Species"}
{"input_field":"Instruction: Use up to three words to name the attribute given the description. \nInput: The Amperage rating describes the rate at which an item draws electricity. It can also be described as the amount of electrical current required by the device.   Amperage is significant as it can be used to compare the energy draw of similar products as well as the suitability of an appliance for a specific application.\nOutput:","target_field":"Amperage"}
{"input_field":"Instruction: Use no more than 3 words to name the attribute given the following description. \nInput: This attribute indicates the material of the lens\nOutput:","target_field":"Lens Material"}
{"input_field":"Instruction: Use no more than 3 words to name the attribute given the following description. \nInput: This attribute represents the total number of USB 2.0 ports the item has\nOutput:","target_field":"Total USB 2.0 Ports"}
{"input_field":"Instruction: Use no more than 3 words to name the attribute given the following description. \nInput: This attribute represents the audio encoding associated with the product\nOutput:","target_field":"Audio Encoding"}
{"input_field":"Instruction: Use no more than 3 words to name the attribute given the following description. \nInput: Indicate the distance from the center of the wheel hub to the back of the wheel lip\nOutput:","target_field":"Wheel Backspacing"}
{"input_field":"Instruction: Use up to three words to name the attribute given the description. \nInput: This attribute indicates the Maximum Supply Voltage\nOutput:","target_field":"Maximum Supply Voltage"}
{"input_field":"Instruction: Name the attribute according to the following description with up to 3 words. \nInput: Provides a total count of the number of speakers the item has\nOutput:","target_field":"Speaker Count"}
{"input_field":"Instruction: Use no more than 3 words to name the attribute given the following description. \nInput: This attribute represents the type of focus the item has\nOutput:","target_field":"Focus Type"}
{"input_field":"Instruction: Use up to three words to name the attribute given the description. \nInput: This attribute provides the format of media items, or the compatible media format for media readers\nOutput:","target_field":"Video Capture Format"}
{"input_field":"Instruction: Use up to three words to name the attribute given the description. \nInput: This attribute represents information related to the warranty provided for the product\nOutput:","target_field":"Warranty Description"}
{"input_field":"Instruction: Use no more than 3 words to name the attribute given the following description. \nInput: This attribute represents the minimum compatible size supported by the item\nOutput:","target_field":"Minimum Compatible Size"}
{"input_field":"Instruction: Name the attribute according to the following description with up to 3 words. \nInput: This attribute indicates the radio bands the item supports\nOutput:","target_field":"Radio Bands Supported"}
{"input_field":"Instruction: Use up to three words to name the attribute given the description. \nInput: This attribute indicates the number of barcoded products that the customer will receive when they place an order for a quantity of 1\nOutput:","target_field":"Total Eaches"}
{"input_field":"Instruction: Use up to three words to name the attribute given the description. \nInput: This attribute indicates the target audience that the product is intended for\nOutput:","target_field":"Target Audience"}
{"input_field":"Instruction: Use no more than 3 words to name the attribute given the following description. \nInput: Indicates the width of the seat\nOutput:","target_field":"Seat Width"}
{"input_field":"Instruction: Use up to three words to name the attribute given the description. \nInput: Range of this device to provide night vision functionality in low-light environments.\nOutput:","target_field":"Night Vision Range"}
{"input_field":"Instruction: Use up to three words to name the attribute given the description. \nInput: This attribute represents the wattage rating of the product which is related to the peak energy consumption of the product\nOutput:","target_field":"Wattage"}
{"input_field":"Instruction: Name the attribute according to the following description with up to 3 words. \nInput: This attribute provides allergen information related to the product\nOutput:","target_field":"Allergen Information"}
{"input_field":"Instruction: Name the attribute according to the following description with up to 3 words. \nInput: This attribute specifies the phone models a product is compatible with\nOutput:","target_field":"Compatible Phone Models"}
{"input_field":"Instruction: Use no more than 3 words to name the attribute given the following description. \nInput: Enter the input voltage\nOutput:","target_field":"Input Voltage"}
{"input_field":"Instruction: Use up to three words to name the attribute given the description. \nInput: This attribute indicates the Operating voltage\nOutput:","target_field":"Operating Voltage"}
{"input_field":"Instruction: Use up to three words to name the attribute given the description. \nInput: This attribute indicates the length of the shaft\nOutput:","target_field":"Shaft Length"}
{"input_field":"Instruction: Use no more than 3 words to name the attribute given the following description. \nInput: The diameter of the Bulb used in the product\nOutput:","target_field":"Bulb Diameter"}
{"input_field":"Instruction: Use no more than 3 words to name the attribute given the following description. \nInput: Effective video resolution for digital camcorders or other optical recording devices.\nOutput:","target_field":"Effective Video Resolution"}
{"input_field":"Instruction: Use no more than 3 words to name the attribute given the following description. \nInput: Usually used for golf clubs to indicate the loft angle.\nOutput:","target_field":"Golf Club Loft"}
{"input_field":"Instruction: Use no more than 3 words to name the attribute given the following description. \nInput: This attribute indicates the maximum operating pressure that the item can hold in normal operation\nOutput:","target_field":"Maximum Operating Pressure"}
{"input_field":"Instruction: Use up to three words to name the attribute given the description. \nInput: This attribute indicates the type of base that a bulb has.  This information is identified via standardized industry codes.\nOutput:","target_field":"Bulb Base"}
{"input_field":"Instruction: Use no more than 3 words to name the attribute given the following description. \nInput: This attribute indicates the Maximum Voltage\nOutput:","target_field":"Maximum Voltage"}
{"input_field":"Instruction: Name the attribute according to the following description with up to 3 words. \nInput: Enter the thickness of the case.\nOutput:","target_field":"Case Thickness"}
{"input_field":"Instruction: Name the attribute according to the following description with up to 3 words. \nInput: All digital cameras have shooting modes which  control automatically the shutter speed, light  levels and focal range.  This allows you to take  point and shoot almost everywhere\nOutput:","target_field":"Shooting Modes"}
{"input_field":"Instruction: Name the attribute according to the following description with up to 3 words. \nInput: This attribute specifies the type of eyepiece lens\nOutput:","target_field":"Eye Piece Lens Description"}
{"input_field":"Instruction: Use up to three words to name the attribute given the description. \nInput: What are the dimensions of the screen in the following format: WxHxD?\nOutput:","target_field":"Display Dimensions"}
{"input_field":"Instruction: Use no more than 3 words to name the attribute given the following description. \nInput: Provide the size of the thread\nOutput:","target_field":"Thread Size"}
{"input_field":"Instruction: Use up to three words to name the attribute given the description. \nInput: This attribute indicates the clock speed of the graphics processing unit\nOutput:","target_field":"GPU Clock Speed"}
{"input_field":"Instruction: Use up to three words to name the attribute given the description. \nInput: This attribute provides information related to the hardness of the product\nOutput:","target_field":"Item Hardness"}
{"input_field":"Instruction: Use up to three words to name the attribute given the description. \nInput: This attribute indicates the type of container that the product comes in, comes with or is\nOutput:","target_field":"Container Type"}
{"input_field":"Instruction: Name the attribute according to the following description with up to 3 words. \nInput: Enter the contact type\nOutput:","target_field":"Contact Type"}
{"input_field":"Instruction: Use up to three words to name the attribute given the description. \nInput: This attribute represents the recommended uses for the item\nOutput:","target_field":"Recommended Uses For Product"}
{"input_field":"Instruction: Use no more than 3 words to name the attribute given the following description. \nInput: Breaking Strength\nOutput:","target_field":"Breaking Strength"}
{"input_field":"Instruction: Use no more than 3 words to name the attribute given the following description. \nInput: Please enter the type of bearing.\nOutput:","target_field":"Bearing Type"}
{"input_field":"Instruction: Use up to three words to name the attribute given the description. \nInput: This attribute provides the intended lighting source for the film\nOutput:","target_field":"Film Lighting Type"}
{"input_field":"Instruction: Use up to three words to name the attribute given the description. \nInput: This attribute represents the type of mount the item has or is intended for.\nOutput:","target_field":"Mounting Type"}
{"input_field":"Instruction: Use up to three words to name the attribute given the description. \nInput: This attribute represents the maximum weight capacity of the item\nOutput:","target_field":"Weight Capacity Maximum"}
{"input_field":"Instruction: Use up to three words to name the attribute given the description. \nInput: Indicates the total number of Ethernet ports that the item has\nOutput:","target_field":"Total Ethernet Ports"}
{"input_field":"Instruction: Use no more than 3 words to name the attribute given the following description. \nInput: Load Capacity\nOutput:","target_field":"Load Capacity"}
{"input_field":"Instruction: Use up to three words to name the attribute given the description. \nInput: This attribute represents the output wattage the item has or supports\nOutput:","target_field":"Output Wattage"}
{"input_field":"Instruction: Use no more than 3 words to name the attribute given the following description. \nInput: This attribute was created to support standardizing how we collect sizing information for footwear (boots, shoes, sandals, etc.)\nOutput:","target_field":"Footwear Size"}
{"input_field":"Instruction: Use up to three words to name the attribute given the description. \nInput: This attribute indicates the number of sets included\nOutput:","target_field":"Number of Sets"}
{"input_field":"Instruction: Use no more than 3 words to name the attribute given the following description. \nInput: This attribute indicates the height of the heel\nOutput:","target_field":"Heel Height"}
{"input_field":"Instruction: Use up to three words to name the attribute given the description. \nInput: Enter a description of the lining.\nOutput:","target_field":"Lining Description"}
{"input_field":"Instruction: Name the attribute according to the following description with up to 3 words. \nInput: This attribute represents where an item was made to assist in the import process\nOutput:","target_field":"Import Designation"}
{"input_field":"Instruction: Name the attribute according to the following description with up to 3 words. \nInput: This attribute indicates whether or not the product requires assembly\nOutput:","target_field":"Is Assembly Required?"}
{"input_field":"Instruction: Use up to three words to name the attribute given the description. \nInput: This attribute indicates specialty related information about the product\nOutput:","target_field":"Specialty"}
{"input_field":"Instruction: Use up to three words to name the attribute given the description. \nInput: Enter the type of video inputs of the item.\nOutput:","target_field":"Video Input"}
{"input_field":"Instruction: Name the attribute according to the following description with up to 3 words. \nInput: This attribute represents the total number of pieces included in the unit being sold to the customer\nOutput:","target_field":"Number of Pieces"}
{"input_field":"Instruction: Use no more than 3 words to name the attribute given the following description. \nInput: This attribute represents the outward design characteristics of the item\nOutput:","target_field":"Form Factor"}
{"input_field":"Instruction: Name the attribute according to the following description with up to 3 words. \nInput: This attribute describes the type of connector the item has\nOutput:","target_field":"Connector Type"}
{"input_field":"Instruction: Name the attribute according to the following description with up to 3 words. \nInput: This attribute represents the speed of the CPU\nOutput:","target_field":"CPU Speed"}
{"input_field":"Instruction: Name the attribute according to the following description with up to 3 words. \nInput: This attribute specifies the total number of internal bays the product provides\nOutput:","target_field":"Internal Bays Quantity"}
{"input_field":"Instruction: Use no more than 3 words to name the attribute given the following description. \nInput: This attribute indicates the outside diameter of an item\nOutput:","target_field":"Outside Diameter"}
{"input_field":"Instruction: Use no more than 3 words to name the attribute given the following description. \nInput: This attribute indicates the amount or type of coverage an item provides\nOutput:","target_field":"Coverage"}
{"input_field":"Instruction: Name the attribute according to the following description with up to 3 words. \nInput: This attribute represents the temperature rating that the item has and is mainly intended for FC purposes\nOutput:","target_field":"Temperature Rating"}
{"input_field":"Instruction: Use up to three words to name the attribute given the description. \nInput: This attribute provides information related to how an item is installed\nOutput:","target_field":"Installation Type"}
{"input_field":"Instruction: Use no more than 3 words to name the attribute given the following description. \nInput: This attribute indicates the noise control provided by the headphones\nOutput:","target_field":"Noise Control"}
{"input_field":"Instruction: Use up to three words to name the attribute given the description. \nInput: This attribute describes the type of optical imaging sensor used by the product\nOutput:","target_field":"Optical Sensor Technology"}
{"input_field":"Instruction: Name the attribute according to the following description with up to 3 words. \nInput: This attribute identifies the fishing technique best suited for this item.\nOutput:","target_field":"Fishing Technique"}
{"input_field":"Instruction: Use no more than 3 words to name the attribute given the following description. \nInput: Enter the bridge width.\nOutput:","target_field":"Bridge Width"}
{"input_field":"Instruction: Name the attribute according to the following description with up to 3 words. \nInput: This attribute describes the type of cable the item has\nOutput:","target_field":"Cable Type"}
{"input_field":"Instruction: Use up to three words to name the attribute given the description. \nInput: Describes the capacity of a product. Use this for values that are not weight or air volume.\nOutput:","target_field":"Capacity Description"}
{"input_field":"Instruction: Name the attribute according to the following description with up to 3 words. \nInput: This attribute describes the motherboard form factor with which a system cabinet is compatible\nOutput:","target_field":"Supported Motherboard"}
{"input_field":"Instruction: Use no more than 3 words to name the attribute given the following description. \nInput: What is the formulation of the film?\nOutput:","target_field":"Film Color"}
{"input_field":"Instruction: Use up to three words to name the attribute given the description. \nInput: This attribute describes the type of processor included with the product\nOutput:","target_field":"Processor Description"}
{"input_field":"Instruction: Use no more than 3 words to name the attribute given the following description. \nInput: This attribute indicates any specific sports with which an item is designed to be used\nOutput:","target_field":"Sport Type"}
{"input_field":"Instruction: Use up to three words to name the attribute given the description. \nInput: Describes the lock on the item\nOutput:","target_field":"Lock Type"}
{"input_field":"Instruction: Use up to three words to name the attribute given the description. \nInput: This attribute indicates the rise style of the item\nOutput:","target_field":"Rise Style"}
{"input_field":"Instruction: Name the attribute according to the following description with up to 3 words. \nInput: This attribute describes the type of antenna the product is or has\nOutput:","target_field":"Antenna"}
{"input_field":"Instruction: Use no more than 3 words to name the attribute given the following description. \nInput: This attribute indicates the type of resistance system this equipment uses\nOutput:","target_field":"Resistance Mechanism"}
{"input_field":"Instruction: Name the attribute according to the following description with up to 3 words. \nInput: This attribute represents the number of doors the item has\nOutput:","target_field":"Number of Doors"}
{"input_field":"Instruction: Use no more than 3 words to name the attribute given the following description. \nInput: This attribute represents the batteries that are compatible with the item\nOutput:","target_field":"Battery Description"}
{"input_field":"Instruction: Use up to three words to name the attribute given the description. \nInput: Supported modes of microphone operation\nOutput:","target_field":"Microphone Operation Mode"}
{"input_field":"Instruction: Use no more than 3 words to name the attribute given the following description. \nInput: Describe length of the item for items such as skirts, dresses, etc.\nOutput:","target_field":"Item Length Description"}
{"input_field":"Instruction: Use no more than 3 words to name the attribute given the following description. \nInput: Indicates the size of the frame\nOutput:","target_field":"Frame Size"}
{"input_field":"Instruction: Use no more than 3 words to name the attribute given the following description. \nInput: This attribute indicates the Maximum Storage Temperature of the product\nOutput:","target_field":"Maximum Storage Temperature"}
{"input_field":"Instruction: Name the attribute according to the following description with up to 3 words. \nInput: This attribute represents the data transfer rate of the item\nOutput:","target_field":"Data Transfer Rate"}
{"input_field":"Instruction: Use no more than 3 words to name the attribute given the following description. \nInput: This attribute indicates which analog video formats are supported by an item\nOutput:","target_field":"Analog Video Format"}
{"input_field":"Instruction: Use up to three words to name the attribute given the description. \nInput: This attribute represents the position of the auto part\nOutput:","target_field":"Auto Part Position"}
{"input_field":"Instruction: Name the attribute according to the following description with up to 3 words. \nInput: The face style of the product, such as on a micrometer\nOutput:","target_field":"Face Style"}
{"input_field":"Instruction: Use up to three words to name the attribute given the description. \nInput: This attribute represents what the target gender is for the item\nOutput:","target_field":"Target Gender"}
{"input_field":"Instruction: Use no more than 3 words to name the attribute given the following description. \nInput: This attribute provides the image stabilization technology for this item\nOutput:","target_field":"Image Stabilization"}
{"input_field":"Instruction: Name the attribute according to the following description with up to 3 words. \nInput: This attribute indicates the internet applications supported by a product\nOutput:","target_field":"Supported Internet Services"}
{"input_field":"Instruction: Name the attribute according to the following description with up to 3 words. \nInput: What self-timer options are available on the product? Measured in seconds.\nOutput:","target_field":"Self Timer"}
{"input_field":"Instruction: Use no more than 3 words to name the attribute given the following description. \nInput: Describe how the customer is supposed to use the\u00a0 product\nOutput:","target_field":"Directions"}
{"input_field":"Instruction: Use up to three words to name the attribute given the description. \nInput: This attribute represents the processor or processors that are compatible with the item\nOutput:","target_field":"Compatible Processors"}
{"input_field":"Instruction: Use no more than 3 words to name the attribute given the following description. \nInput: This attribute represents the wireless provider the item requires or supports\nOutput:","target_field":"Wireless Provider"}
{"input_field":"Instruction: Use up to three words to name the attribute given the description. \nInput: This attribute provides information related to the products surround sound channel configuration\nOutput:","target_field":"Surround Sound Channel Configuration"}
{"input_field":"Instruction: Name the attribute according to the following description with up to 3 words. \nInput: Provide the Jacket Length in inches\nOutput:","target_field":"Jacket Length"}
{"input_field":"Instruction: Name the attribute according to the following description with up to 3 words. \nInput: This attribute describes how the item opens\nOutput:","target_field":"Opening Mechanism"}
{"input_field":"Instruction: Use no more than 3 words to name the attribute given the following description. \nInput: This attribute represents the draw length of the bow in Archery. It\u2019s a measurement of how far the bow can be pulled back\nOutput:","target_field":"Archery Draw Length"}
{"input_field":"Instruction: Use no more than 3 words to name the attribute given the following description. \nInput: This attribute indicates the type of sensor the item has or is\nOutput:","target_field":"Sensor Type"}
{"input_field":"Instruction: Name the attribute according to the following description with up to 3 words. \nInput: This attribute represents the average standby battery life\nOutput:","target_field":"Average Standby Battery Life"}
{"input_field":"Instruction: Name the attribute according to the following description with up to 3 words. \nInput: This attribute describes the maximum number of devices the item can support\nOutput:","target_field":"Supported Devices Quantity"}
{"input_field":"Instruction: Name the attribute according to the following description with up to 3 words. \nInput: This attribute represents the material of the back of the item\nOutput:","target_field":"Back Material Type"}
{"input_field":"Instruction: Use up to three words to name the attribute given the description. \nInput: The material type of a wheel. \nOutput:","target_field":"Wheel Material"}
{"input_field":"Instruction: Use up to three words to name the attribute given the description. \nInput: This attribute represents the ultraviolet light protection the item provides.\nOutput:","target_field":"Ultraviolet Light Protection"}
{"input_field":"Instruction: Name the attribute according to the following description with up to 3 words. \nInput: Type of a media format for an item.\nOutput:","target_field":"Media Format Type"}
{"input_field":"Instruction: Name the attribute according to the following description with up to 3 words. \nInput: This attribute indicates the degree of protection provided against intrusion, dust, accidental contact, and water\nOutput:","target_field":"International Protection Rating"}
{"input_field":"Instruction: Use up to three words to name the attribute given the description. \nInput: This attribute represents the maximum color print speed\nOutput:","target_field":"Maximum Print Speed (Color)"}
{"input_field":"Instruction: Use no more than 3 words to name the attribute given the following description. \nInput: A description of the type of pad used in the product\nOutput:","target_field":"Pad Type"}
{"input_field":"Instruction: Use no more than 3 words to name the attribute given the following description. \nInput: The width of a brush for an item.\nOutput:","target_field":"Brush Width"}
{"input_field":"Instruction: Use no more than 3 words to name the attribute given the following description. \nInput: This attribute indicates the type of interface your graphics card has with the computer\nOutput:","target_field":"Graphics Card Interface"}
{"input_field":"Instruction: Name the attribute according to the following description with up to 3 words. \nInput: Name of the league associated with a team participating in this event.\nOutput:","target_field":"League Name"}
{"input_field":"Instruction: Name the attribute according to the following description with up to 3 words. \nInput: Describe the material of the band.\nOutput:","target_field":"Band Material Type"}
{"input_field":"Instruction: Use up to three words to name the attribute given the description. \nInput: This attribute indicates the number of pages that the item has\nOutput:","target_field":"Pages"}
{"input_field":"Instruction: Name the attribute according to the following description with up to 3 words. \nInput: This attribute represents information related to the inner material of the item\nOutput:","target_field":"Inner Material"}
{"input_field":"Instruction: Use up to three words to name the attribute given the description. \nInput: Enter the length of the item when extended\nOutput:","target_field":"Extended Length"}
{"input_field":"Instruction: Use up to three words to name the attribute given the description. \nInput: This attribute indicates the number of memory slots available\nOutput:","target_field":"Memory Slots Available"}
{"input_field":"Instruction: Use up to three words to name the attribute given the description. \nInput: Measurement of the brim part of the item. For hats, this is the edge of hat to end of brim.\nOutput:","target_field":"Brim Width"}
{"input_field":"Instruction: Use up to three words to name the attribute given the description. \nInput: The size of the ring\nOutput:","target_field":"Ring Size"}
{"input_field":"Instruction: Name the attribute according to the following description with up to 3 words. \nInput: Provide the durometer or hardness of this item\nOutput:","target_field":"Durometer Hardness"}
{"input_field":"Instruction: Use no more than 3 words to name the attribute given the following description. \nInput: Impedance is an expression of the opposition that an electronic component, circuit, or system offers to alternating and\/or direct electric current\nOutput:","target_field":"Impedance"}
{"input_field":"Instruction: Name the attribute according to the following description with up to 3 words. \nInput: This attribute represents the quantity and type of batteries that are required for the product\nOutput:","target_field":"Number of Batteries"}
{"input_field":"Instruction: Name the attribute according to the following description with up to 3 words. \nInput: This attribute indicates the color of the included ink\nOutput:","target_field":"Ink Color"}
{"input_field":"Instruction: Use up to three words to name the attribute given the description. \nInput: This attribute provides information related to the skill level the item is intended for\nOutput:","target_field":"Skill Level"}
{"input_field":"Instruction: Use no more than 3 words to name the attribute given the following description. \nInput: This attribute provides a description of any coating the lens may have\nOutput:","target_field":"Lens Coating"}
{"input_field":"Instruction: Use up to three words to name the attribute given the description. \nInput: This attribute indicates the length of the cable\nOutput:","target_field":"Cable Length"}
{"input_field":"Instruction: Name the attribute according to the following description with up to 3 words. \nInput: This attribute represents the length of the blade\nOutput:","target_field":"Blade Length"}
{"input_field":"Instruction: Use up to three words to name the attribute given the description. \nInput: This attribute indicates whether or not the item is dishwasher safe\nOutput:","target_field":"Is the item dishwasher safe?"}
{"input_field":"Instruction: Name the attribute according to the following description with up to 3 words. \nInput: Describe the dial window material.\nOutput:","target_field":"Dial Window Material Type"}
{"input_field":"Instruction: Use up to three words to name the attribute given the description. \nInput: This attribute indicates the maximum weight recommendation for the item\nOutput:","target_field":"Maximum Weight Recommendation"}
{"input_field":"Instruction: Use no more than 3 words to name the attribute given the following description. \nInput: This attribute provides a one to two word phrase which describes the item and does not include brand, gender, style or color\nOutput:","target_field":"Item Type Name"}
{"input_field":"Instruction: Name the attribute according to the following description with up to 3 words. \nInput: Please Provide the case material type.\nOutput:","target_field":"Case Material Type"}
{"input_field":"Instruction: Use no more than 3 words to name the attribute given the following description. \nInput: This attribute represents languages associated with the product\nOutput:","target_field":"Language"}
{"input_field":"Instruction: Use up to three words to name the attribute given the description. \nInput: This attribute provides an opportunity to designate contributors of the product.  There is an option to select the role and then provide the appropriate details\nOutput:","target_field":"Contributor"}
{"input_field":"Instruction: Use up to three words to name the attribute given the description. \nInput: This attribute indicates the material that the heater surface is made of\nOutput:","target_field":"Heater Surface Material"}
{"input_field":"Instruction: Name the attribute according to the following description with up to 3 words. \nInput: Bottom style describes the style of the bottom article of clothing in cases where there is a top and bottom piece.\nOutput:","target_field":"Bottom Style"}
{"input_field":"Instruction: Name the attribute according to the following description with up to 3 words. \nInput: This attribute represents the industry standards or formats supported by the item\nOutput:","target_field":"Supported Standards"}
{"input_field":"Instruction: Name the attribute according to the following description with up to 3 words. \nInput: This attribute represents the size of the installed cache memory\nOutput:","target_field":"Cache Memory Installed Size"}
{"input_field":"Instruction: Name the attribute according to the following description with up to 3 words. \nInput: For items that can fit a range of depths of holes and grooves in a material, such as hole-gages and calipers, the maximum measuring depth is the deepest hole or groove that can be accepted\nOutput:","target_field":"Maximum Measuring Depth"}
{"input_field":"Instruction: Use no more than 3 words to name the attribute given the following description. \nInput: This attribute indicates the height of an item in a descriptive manner\nOutput:","target_field":"Height Map"}
{"input_field":"Instruction: Name the attribute according to the following description with up to 3 words. \nInput: This attribute represents the breed recommendation for the item\nOutput:","target_field":"Breed Recommendation"}
{"input_field":"Instruction: Use no more than 3 words to name the attribute given the following description. \nInput: This attribute indicates whether or not the item has self-timer functionality\nOutput:","target_field":"Has Self-Timer"}
{"input_field":"Instruction: Name the attribute according to the following description with up to 3 words. \nInput: This attribute indicates either the water resistant depth in accordance with ISO 22810, or the dive depth in accordance with ISO 6425\nOutput:","target_field":"Water Resistance Depth"}
{"input_field":"Instruction: Use no more than 3 words to name the attribute given the following description. \nInput: This attribute provides the frame rate, also known as frame frequency and frames per second (FPS), which is the frequency (rate) at which an imaging device produces unique consecutive images called frames.\nOutput:","target_field":"Frame Rate"}
