{"input_field":"Instruction: Explain the attribute 'Frame Size'. \nOutput: ","target_field":"Indicates the size of the frame"}
{"input_field":"Please explain to me what the attribute 'Output Current' is about.\nOutput: ","target_field":"This attribute indicates the Output Current of the item"}
{"input_field":"Instruction: Explain the attribute 'Neck Style'. \nOutput: ","target_field":"Provide the neck style of the product"}
{"input_field":"Instruction: Tell me what the attribute 'Optical Storage Write Speed' is about.\nOutput: ","target_field":"This attribute represents the write speed of the optical storage"}
{"input_field":"Instruction: Tell me what the attribute 'Film Lighting Type' is about.\nOutput: ","target_field":"This attribute provides the intended lighting source for the film"}
{"input_field":"Please explain to me what the attribute 'Fastener Capacity' is about.\nOutput: ","target_field":"Indicates the amount of capacity the fasteners that come with the item can tolerate"}
{"input_field":"Instruction: Explain the attribute 'Audio Output Mode'. \nOutput: ","target_field":"This attribute indicates the available sound output modes for the item"}
{"input_field":"Instruction: Tell me what the attribute 'Horsepower' is about.\nOutput: ","target_field":"If applicable, the available horsepower of the    product. Input a number only--do not enter units."}
{"input_field":"Instruction: Tell me what the attribute 'Item Shape' is about.\nOutput: ","target_field":"This attribute indicates the shape of an item"}
{"input_field":"Instruction: Explain the attribute 'Durometer Hardness'. \nOutput: ","target_field":"Provide the durometer or hardness of this item"}
{"input_field":"Instruction: Explain the attribute 'Ingredients'. \nOutput: ","target_field":"This should be a list of all the ingredients of    the food item.  It should agree with the list of    ingredients on the item package."}
{"input_field":"Please explain to me what the attribute 'Inseam Length' is about.\nOutput: ","target_field":"Enter the inseam length."}
{"input_field":"Instruction: Explain the attribute 'Recommended Uses For Product'. \nOutput: ","target_field":"This attribute represents the recommended uses for the item"}
{"input_field":"Please explain to me what the attribute 'Grip Material' is about.\nOutput: ","target_field":"Indicates with what material the handle has been manufactured. See the Values \u200b\u200bValid tab for a list of terms that can be used in this field."}
{"input_field":"Instruction: Explain the attribute 'Sole Material'. \nOutput: ","target_field":"Describes the material of the bottom of the shoe."}
{"input_field":"Instruction: Explain the attribute 'Face Style'. \nOutput: ","target_field":"The face style of the product, such as on a micrometer"}
{"input_field":"Instruction: Explain the attribute 'Supported Application'. \nOutput: ","target_field":"This attribute shows the types of applications a product includes or supports"}
{"input_field":"Please explain to me what the attribute 'Band Length' is about.\nOutput: ","target_field":"Measurement of the band from tip to tip. If it is a one piece watch band, measure the outside of the band circumference."}
{"input_field":"Please explain to me what the attribute 'Target Audience' is about.\nOutput: ","target_field":"This attribute indicates the target audience that the product is intended for"}
{"input_field":"Please explain to me what the attribute 'Hair Type' is about.\nOutput: ","target_field":"Enter the most appropriate hair type for the product."}
{"input_field":"Instruction: Explain the attribute 'CPU Model Manufacturer'. \nOutput: ","target_field":"This attribute indicates the name of the company that manufactures the CPU"}
{"input_field":"Instruction: Tell me what the attribute 'Battery Charge Time' is about.\nOutput: ","target_field":"This attribute represents the amount of time it takes to fully charge the battery"}
{"input_field":"Instruction: Explain the attribute 'Shaft Material'. \nOutput: ","target_field":"Usually used for golf clubs to indicate the type of  shaft for this item."}
{"input_field":"Please explain to me what the attribute 'Contact Type' is about.\nOutput: ","target_field":"Enter the contact type"}
{"input_field":"Instruction: Tell me what the attribute 'Image Stabilization' is about.\nOutput: ","target_field":"This attribute provides the image stabilization technology for this item"}
{"input_field":"Please explain to me what the attribute 'Sun Protection' is about.\nOutput: ","target_field":"The SPF factor of the product"}
{"input_field":"Please explain to me what the attribute 'Graphics Description' is about.\nOutput: ","target_field":"This attribute describes the type of graphics card"}
{"input_field":"Instruction: Tell me what the attribute 'Optical Sensor Technology' is about.\nOutput: ","target_field":"This attribute describes the type of optical imaging sensor used by the product"}
{"input_field":"Please explain to me what the attribute 'Temperature Rating' is about.\nOutput: ","target_field":"Indicate the maximum temperature for which this  item is rated and will continue to work."}
{"input_field":"Instruction: Explain the attribute 'Valve Type'. \nOutput: ","target_field":"This attribute represents the valve type used in the product. Generally represented for tires and cables."}
{"input_field":"Please explain to me what the attribute 'Slot Count' is about.\nOutput: ","target_field":"This attribute indicates the number of slots that the item has"}
{"input_field":"Instruction: Explain the attribute 'Total HDMI Ports'. \nOutput: ","target_field":"This attribute represents the total number of HDMI ports the item has"}
{"input_field":"Instruction: Tell me what the attribute 'Headphones Jack' is about.\nOutput: ","target_field":"This attribute provides a description of the headphones jack on the item"}
{"input_field":"Please explain to me what the attribute 'Grit Type' is about.\nOutput: ","target_field":"This attribute indicates the type of grit associated with the item"}
{"input_field":"Instruction: Tell me what the attribute 'Maximum Height' is about.\nOutput: ","target_field":"This attribute represents the maximum height the item has or supports"}
{"input_field":"Instruction: Tell me what the attribute 'Amperage' is about.\nOutput: ","target_field":"The Amperage rating describes the rate at which an item draws electricity. It can also be described as the amount of electrical current required by the device.   Amperage is significant as it can be used to compare the energy draw of similar products as well as the suitability of an appliance for a specific application."}
{"input_field":"Instruction: Explain the attribute 'Style'. \nOutput: ","target_field":"This attribute provides a description of the style of the item"}
{"input_field":"Instruction: Explain the attribute 'Item Depth'. \nOutput: ","target_field":"This attribute represents the depth of the item"}
{"input_field":"Please explain to me what the attribute 'Room Type' is about.\nOutput: ","target_field":"This attribute indicates the type of room the product is targeted for. Sample value: Bedroom, Living Room"}
{"input_field":"Instruction: Tell me what the attribute 'Construction Type' is about.\nOutput: ","target_field":"This attribute provides information related to the construction of the item"}
{"input_field":"Instruction: Tell me what the attribute 'Maximum Surge Rating' is about.\nOutput: ","target_field":"This attribute provides the maximum power surge the product is rated for, measured in Joules"}
{"input_field":"Instruction: Explain the attribute 'Lining Description'. \nOutput: ","target_field":"Enter a description of the lining."}
{"input_field":"Instruction: Tell me what the attribute 'Flavor' is about.\nOutput: ","target_field":"List out the flavor of the product. If it is a multi-pack, list out all of the separate flavors."}
{"input_field":"Instruction: Tell me what the attribute 'Language' is about.\nOutput: ","target_field":"This attribute represents languages associated with the product"}
{"input_field":"Instruction: Explain the attribute 'Sensor Type'. \nOutput: ","target_field":"This attribute indicates the type of sensor the item has or is"}
{"input_field":"Instruction: Explain the attribute 'Lithium Battery Energy Content'. \nOutput: ","target_field":"This attribute represents the total amount of energy stored in the lithium batteries"}
{"input_field":"Instruction: Explain the attribute 'Is the item dishwasher safe?'. \nOutput: ","target_field":"This attribute indicates whether or not the item is dishwasher safe"}
{"input_field":"Instruction: Explain the attribute 'Focal Length Description'. \nOutput: ","target_field":"Indicates the distance between the center of a lens or curved mirror and its focus"}
{"input_field":"Please explain to me what the attribute 'Inner Material' is about.\nOutput: ","target_field":"This attribute represents information related to the inner material of the item"}
{"input_field":"Please explain to me what the attribute 'Average Standby Battery Life' is about.\nOutput: ","target_field":"This attribute represents the average standby battery life"}
{"input_field":"Instruction: Explain the attribute 'Maximum Current'. \nOutput: ","target_field":"Indicates the maximum current the item can carry"}
{"input_field":"Instruction: Tell me what the attribute 'Total USB 2.0 Ports' is about.\nOutput: ","target_field":"This attribute represents the total number of USB 2.0 ports the item has"}
{"input_field":"Instruction: Explain the attribute 'Night Vision Range'. \nOutput: ","target_field":"Range of this device to provide night vision functionality in low-light environments."}
{"input_field":"Please explain to me what the attribute 'Band Color' is about.\nOutput: ","target_field":"Describe the color of the band."}
{"input_field":"Instruction: Tell me what the attribute 'Pocket Description' is about.\nOutput: ","target_field":"Enter the appropriate description. Mandatory if style is a denim, short or pant style."}
{"input_field":"Please explain to me what the attribute 'Media Type' is about.\nOutput: ","target_field":"This attribute represents the type of media the item is or supports"}
{"input_field":"Instruction: Explain the attribute 'Item Hardness'. \nOutput: ","target_field":"This attribute provides information related to the hardness of the product"}
{"input_field":"Please explain to me what the attribute 'Display Technology' is about.\nOutput: ","target_field":"This attribute indicates the main technology used in the display"}
{"input_field":"Please explain to me what the attribute 'Size' is about.\nOutput: ","target_field":"This attribute provides information related to the size of the item"}
{"input_field":"Please explain to me what the attribute 'Contact Material' is about.\nOutput: ","target_field":"Enter the contact material"}
{"input_field":"Please explain to me what the attribute 'Item Offset' is about.\nOutput: ","target_field":"The offset of a wheel is the distance from the hub mounting surface to the center line of the wheel"}
{"input_field":"Instruction: Explain the attribute 'Minimum Supply Voltage'. \nOutput: ","target_field":"This attribute indicates the Minimum Supply Voltage"}
{"input_field":"Instruction: Tell me what the attribute 'Seat Length' is about.\nOutput: ","target_field":"Indicates the length of the seat"}
{"input_field":"Instruction: Explain the attribute 'Lens Material'. \nOutput: ","target_field":"This attribute indicates the material of the lens"}
{"input_field":"Instruction: Explain the attribute 'Cable Length'. \nOutput: ","target_field":"This attribute indicates the length of the cable"}
{"input_field":"Instruction: Tell me what the attribute 'Seat Width' is about.\nOutput: ","target_field":"Indicates the width of the seat"}
{"input_field":"Please explain to me what the attribute 'Media Format Digital Video' is about.\nOutput: ","target_field":"This attribute represents the digital video recording and storage format used by the product"}
{"input_field":"Instruction: Explain the attribute 'Chamber Width'. \nOutput: ","target_field":"Used to describe the width of the chamber"}
{"input_field":"Instruction: Tell me what the attribute 'Occupancy' is about.\nOutput: ","target_field":"This attribute represents the maximum occupancy of the item. Ususally represented for tents and sleeping bags."}
{"input_field":"Instruction: Explain the attribute 'Chest Size'. \nOutput: ","target_field":"Indicates size of chest"}
{"input_field":"Instruction: Explain the attribute 'Rim Width'. \nOutput: ","target_field":"Indicates the width of the rim of the item"}
{"input_field":"Please explain to me what the attribute 'Total Ethernet Ports' is about.\nOutput: ","target_field":"Indicates the total number of Ethernet ports that the item has"}
{"input_field":"Instruction: Explain the attribute 'Number Of Wires'. \nOutput: ","target_field":"This attribute indicates the Number Of Wires"}
{"input_field":"Instruction: Explain the attribute 'Paper Size'. \nOutput: ","target_field":"This attribute represents the size of the paper or the paper size the item supports"}
{"input_field":"Please explain to me what the attribute 'Maximum Operating Voltage' is about.\nOutput: ","target_field":"This attribute indicates the Maximum Operating Voltage"}
{"input_field":"Instruction: Explain the attribute 'Theme'. \nOutput: ","target_field":"This attribute represents the theme of the product"}
{"input_field":"Please explain to me what the attribute 'Grip Size' is about.\nOutput: ","target_field":"This attribute represents the grip size of the product used for"}
{"input_field":"Instruction: Explain the attribute 'Subject Character'. \nOutput: ","target_field":"This attribute provides information related to the character represented by the item"}
{"input_field":"Please explain to me what the attribute 'Switch Type' is about.\nOutput: ","target_field":"This attribute provides information that describes the type of switch the item has"}
{"input_field":"Instruction: Explain the attribute 'Item Thickness'. \nOutput: ","target_field":"This attribute represents the thickness of the item"}
{"input_field":"Instruction: Explain the attribute 'Number of Batteries'. \nOutput: ","target_field":"This attribute represents the quantity and type of batteries that are required for the product"}
{"input_field":"Please explain to me what the attribute 'Harness Type' is about.\nOutput: ","target_field":"Type of harness"}
{"input_field":"Instruction: Tell me what the attribute 'Fishing Technique' is about.\nOutput: ","target_field":"This attribute identifies the fishing technique best suited for this item."}
{"input_field":"Instruction: Tell me what the attribute 'Continuous Shooting Speed' is about.\nOutput: ","target_field":"This attribute represents the continuous shooting speed the item provides"}
{"input_field":"Instruction: Tell me what the attribute 'Arm Height' is about.\nOutput: ","target_field":"Enter the arm height."}
{"input_field":"Instruction: Explain the attribute 'Pages'. \nOutput: ","target_field":"This attribute indicates the number of pages that the item has"}
{"input_field":"Please explain to me what the attribute 'Eye Piece Lens Description' is about.\nOutput: ","target_field":"This attribute specifies the type of eyepiece lens"}
{"input_field":"Please explain to me what the attribute 'Battery Capacity' is about.\nOutput: ","target_field":"This attribute represents the capacity of the battery"}
{"input_field":"Instruction: Explain the attribute 'Relative Brightness'. \nOutput: ","target_field":"This number is used for comparing brightness for optical items.  The relative brightness is determined by squaring the diameter of the exit pupil. The larger the relative brightness number, the brighter the image."}
{"input_field":"Instruction: Tell me what the attribute 'Watch Movement' is about.\nOutput: ","target_field":"This attribute indicates the movement type of the watch"}
{"input_field":"Please explain to me what the attribute 'Antenna' is about.\nOutput: ","target_field":"This attribute describes the type of antenna the product is or has"}
{"input_field":"Instruction: Tell me what the attribute 'Breaking Strength' is about.\nOutput: ","target_field":"Breaking Strength"}
{"input_field":"Instruction: Explain the attribute 'League Name'. \nOutput: ","target_field":"Name of the league associated with a team participating in this event."}
{"input_field":"Instruction: Explain the attribute 'Minimum Input Voltage'. \nOutput: ","target_field":"This attribute indicates the Minimum Input Voltage"}
{"input_field":"Please explain to me what the attribute 'Material Features' is about.\nOutput: ","target_field":"This attribute represents the material feature"}
{"input_field":"Instruction: Explain the attribute 'Frequency Band Class'. \nOutput: ","target_field":"This attribute specifies the frequency band class supported by the router"}
{"input_field":"Please explain to me what the attribute 'Nominal Power' is about.\nOutput: ","target_field":"This attribute indicates the Nominal Power"}
{"input_field":"Instruction: Explain the attribute 'Opening Mechanism'. \nOutput: ","target_field":"This attribute describes how the item opens"}
{"input_field":"Instruction: Explain the attribute 'Band Material Type'. \nOutput: ","target_field":"Describe the material of the band."}
{"input_field":"Instruction: Explain the attribute 'Cap Size'. \nOutput: ","target_field":"The size of the cap of the product"}
{"input_field":"Instruction: Explain the attribute 'Head Type'. \nOutput: ","target_field":"This attribute indicates the type of head an item has"}
{"input_field":"Please explain to me what the attribute 'Surround Sound Channel Configuration' is about.\nOutput: ","target_field":"This attribute provides information related to the products surround sound channel configuration"}
{"input_field":"Instruction: Tell me what the attribute 'Operation Mode' is about.\nOutput: ","target_field":"Indicate if the product is operated manually or automatically."}
{"input_field":"Instruction: Explain the attribute 'Maximum Frequency'. \nOutput: ","target_field":"This attribute indicates the Maximum Frequency"}
{"input_field":"Please explain to me what the attribute 'Band Size' is about.\nOutput: ","target_field":"This attribute provides the size of the band as a number and corresponding unit"}
{"input_field":"Instruction: Explain the attribute 'Special Size'. \nOutput: ","target_field":"This attribute indicates the special size type for the item"}
{"input_field":"Instruction: Tell me what the attribute 'Connector Type' is about.\nOutput: ","target_field":"This attribute describes the type of connector the item has"}
{"input_field":"Instruction: Tell me what the attribute 'Alarm Clock' is about.\nOutput: ","target_field":"This attribute indicates whether or not the item has alarm clock functionality"}
{"input_field":"Please explain to me what the attribute 'Shaft Length' is about.\nOutput: ","target_field":"This attribute indicates the length of the shaft"}
{"input_field":"Instruction: Tell me what the attribute 'Light Type' is about.\nOutput: ","target_field":"This attribute represents the type of light the item is, has or is intended for"}
{"input_field":"Instruction: Explain the attribute 'Athlete'. \nOutput: ","target_field":"Name of an athelete participating in this event. Accepts multiple values."}
{"input_field":"Please explain to me what the attribute 'Supported Standards' is about.\nOutput: ","target_field":"This attribute represents the industry standards or formats supported by the item"}
{"input_field":"Please explain to me what the attribute 'Life Vest Type' is about.\nOutput: ","target_field":"This attribute describes the type of left vest"}
{"input_field":"Instruction: Tell me what the attribute 'Hardware Interface' is about.\nOutput: ","target_field":"This attribute indicates the method of connecting to or from this device"}
{"input_field":"Instruction: Explain the attribute 'Number of Pieces'. \nOutput: ","target_field":"This attribute represents the total number of pieces included in the unit being sold to the customer"}
{"input_field":"Please explain to me what the attribute 'Seat Back Interior Height' is about.\nOutput: ","target_field":"This attribute indicates the seat back interior height"}
{"input_field":"Please explain to me what the attribute 'Compatible Camera Mount' is about.\nOutput: ","target_field":"Indicates the type of lens mount the product supports"}
{"input_field":"Instruction: Explain the attribute 'Video Capture Format'. \nOutput: ","target_field":"This attribute provides the format of media items, or the compatible media format for media readers"}
{"input_field":"Instruction: Tell me what the attribute 'Net Content Weight' is about.\nOutput: ","target_field":"This attribute represents the weight of the item without packaging. At the parent ASIN level, this will represent the cumulative net weight of the item. For example, if the base unit item net weight is 12 ounces and the parent item contains 6 items, net_content_weight at parent node is equal 72 ounces and net_content_weight at unit mode is equal 12 ounces."}
{"input_field":"Instruction: Tell me what the attribute 'Golf Club Loft' is about.\nOutput: ","target_field":"Usually used for golf clubs to indicate the loft angle."}
{"input_field":"Instruction: Explain the attribute 'Supported Motherboard'. \nOutput: ","target_field":"This attribute describes the motherboard form factor with which a system cabinet is compatible"}
{"input_field":"Please explain to me what the attribute 'Radio Bands Supported' is about.\nOutput: ","target_field":"This attribute indicates the radio bands the item supports"}
{"input_field":"Instruction: Tell me what the attribute 'Exposures per Roll' is about.\nOutput: ","target_field":"This attribute specifies the number of exposures in a single roll or package of film"}
{"input_field":"Instruction: Tell me what the attribute 'Coverage' is about.\nOutput: ","target_field":"This attribute indicates the amount or type of coverage an item provides"}
{"input_field":"Instruction: Tell me what the attribute 'Certificate Type' is about.\nOutput: ","target_field":"This attribute provides information related to certificates that the product has earned"}
{"input_field":"Instruction: Tell me what the attribute 'Maximum Operating Pressure' is about.\nOutput: ","target_field":"This attribute indicates the maximum operating pressure that the item can hold in normal operation"}
{"input_field":"Instruction: Tell me what the attribute 'Film Format Type' is about.\nOutput: ","target_field":"This attribute provides the format of the film included or supported"}
{"input_field":"Instruction: Tell me what the attribute 'Hole Count' is about.\nOutput: ","target_field":"This attribute provides information related to the number of holes the item has"}
{"input_field":"Please explain to me what the attribute 'Supported Devices Quantity' is about.\nOutput: ","target_field":"This attribute describes the maximum number of devices the item can support"}
{"input_field":"Instruction: Tell me what the attribute 'Bristle Material' is about.\nOutput: ","target_field":"This attribute specifies the material used to make the bristles of the item. Bristle materials differentiate the item based on characteristics of the materials."}
{"input_field":"Instruction: Explain the attribute 'Archery Draw Length'. \nOutput: ","target_field":"This attribute represents the draw length of the bow in Archery. It\u2019s a measurement of how far the bow can be pulled back"}
{"input_field":"Instruction: Tell me what the attribute 'Fuel Type' is about.\nOutput: ","target_field":"This attribute represents the type of fuel the item uses"}
{"input_field":"Instruction: Tell me what the attribute 'Strand Type' is about.\nOutput: ","target_field":"Strand Type"}
{"input_field":"Instruction: Tell me what the attribute 'Mounting Type' is about.\nOutput: ","target_field":"This attribute represents the type of mount the item has or is intended for."}
{"input_field":"Instruction: Explain the attribute 'Maximum Energy Output'. \nOutput: ","target_field":"Indicates the maximum energy output of an item"}
{"input_field":"Please explain to me what the attribute 'Lower Temperature Rating' is about.\nOutput: ","target_field":"Indicates the Lower ambient operating Temperature"}
{"input_field":"Please explain to me what the attribute 'Included Components' is about.\nOutput: ","target_field":"This attribute describes the components included with this product"}
{"input_field":"Instruction: Explain the attribute 'Surface Recommendation'. \nOutput: ","target_field":"This attribute represents the surface types that the item is recommended for"}
{"input_field":"Instruction: Explain the attribute 'Assembly Instructions'. \nOutput: ","target_field":"This attribute provides instructions a user needs to assemble the item"}
{"input_field":"Instruction: Explain the attribute 'Speaker Type'. \nOutput: ","target_field":"This attribute provides information about the type of speaker the item is or comes with"}
{"input_field":"Instruction: Explain the attribute 'Strap Type'. \nOutput: ","target_field":"This attribute indicates the type of strap that the item has"}
{"input_field":"Instruction: Tell me what the attribute 'Battery Weight' is about.\nOutput: ","target_field":"This attribute indicates the physical net weight of the battery not including the packaging or the device it will be installed in"}
{"input_field":"Instruction: Explain the attribute 'Model Year'. \nOutput: ","target_field":"This attribute indicates the model year of the item"}
{"input_field":"Please explain to me what the attribute 'Directions' is about.\nOutput: ","target_field":"Describe how the customer is supposed to use the  product"}
{"input_field":"Instruction: Tell me what the attribute 'Frequency Response Curve' is about.\nOutput: ","target_field":"Frequency response curve is a graph of frequency response with signal amplitude or gain plotted against frequency"}
{"input_field":"Instruction: Tell me what the attribute 'Number of Items' is about.\nOutput: ","target_field":"This attribute represents the total number of identical items that are in the selling unit to the customer"}
{"input_field":"Instruction: Explain the attribute 'Breed Recommendation'. \nOutput: ","target_field":"This attribute represents the breed recommendation for the item"}
{"input_field":"Instruction: Tell me what the attribute 'Neck Size' is about.\nOutput: ","target_field":"Provide the neck size of the product"}
{"input_field":"Instruction: Tell me what the attribute 'Lens Coating' is about.\nOutput: ","target_field":"This attribute provides a description of any coating the lens may have"}
{"input_field":"Instruction: Explain the attribute 'Dial Window Material Type'. \nOutput: ","target_field":"Describe the dial window material."}
{"input_field":"Please explain to me what the attribute 'Bike Type' is about.\nOutput: ","target_field":"This attribute represents the type of bike the item is or works with."}
{"input_field":"Instruction: Explain the attribute 'Bulb Shape Size'. \nOutput: ","target_field":"This attribute indicates the type of shape\/size that a bulb has.  This information is identified via standardized industry codes."}
{"input_field":"Please explain to me what the attribute 'Outer Material' is about.\nOutput: ","target_field":"This attribute indicates the material of the outside of the item"}
{"input_field":"Instruction: Explain the attribute 'Microphone Form Factor'. \nOutput: ","target_field":"Describes the physical features of the microphone"}
{"input_field":"Please explain to me what the attribute 'Optical Storage Read Speed' is about.\nOutput: ","target_field":"This attribute provides the read speed of optical devices"}
{"input_field":"Please explain to me what the attribute 'Maximum Black and White Print Resolution' is about.\nOutput: ","target_field":"This attribute represents the maximum black and white print resolution"}
{"input_field":"Please explain to me what the attribute 'Directions' is about.\nOutput: ","target_field":"Describe how the customer is supposed to use the\u00a0 product"}
{"input_field":"Please explain to me what the attribute 'Microphone Operation Mode' is about.\nOutput: ","target_field":"Supported modes of microphone operation"}
{"input_field":"Please explain to me what the attribute 'Age Range Description' is about.\nOutput: ","target_field":"This attribute indicates the age range that the item is intended or appropriate for"}
{"input_field":"Please explain to me what the attribute 'Material Type Free' is about.\nOutput: ","target_field":"This attribute represents the material that the item is free of"}
{"input_field":"Instruction: Tell me what the attribute 'Frequency Bands Supported' is about.\nOutput: ","target_field":"Indicates the radio frequency band(s) in which the item can transmit"}
{"input_field":"Instruction: Tell me what the attribute 'Insole Material' is about.\nOutput: ","target_field":"Indicates various kinds of insole materials used within the item"}
{"input_field":"Instruction: Tell me what the attribute 'Upper Temperature Rating' is about.\nOutput: ","target_field":"Provide the upper temperature rating"}
{"input_field":"Please explain to me what the attribute 'Maximum Rotational Speed' is about.\nOutput: ","target_field":"This attribute indicates the Max Rotational Speed"}
{"input_field":"Instruction: Explain the attribute 'Toe Style'. \nOutput: ","target_field":"Enter the toe style. Separate each entry with a semicolon."}
{"input_field":"Please explain to me what the attribute 'Duration' is about.\nOutput: ","target_field":"This attribute indicates the amount of time that a product can be used for or is expected to be complete"}
{"input_field":"Instruction: Tell me what the attribute 'Package Type' is about.\nOutput: ","target_field":"This attribute indicates to customers that the package has been certified as FFP"}
{"input_field":"Instruction: Tell me what the attribute 'Speaker Count' is about.\nOutput: ","target_field":"Provides a total count of the number of speakers the item has"}
{"input_field":"Instruction: Tell me what the attribute 'Outlet Connection Size' is about.\nOutput: ","target_field":"The type of outlet connection for the product"}
{"input_field":"Instruction: Explain the attribute 'Maximum Compatible Size'. \nOutput: ","target_field":"This attribute represents the maximum compatible size supported by the item"}
{"input_field":"Instruction: Explain the attribute 'Internal Bays Quantity'. \nOutput: ","target_field":"This attribute specifies the total number of internal bays the product provides"}
{"input_field":"Instruction: Tell me what the attribute 'Grade Rating' is about.\nOutput: ","target_field":"Provide the chemical grade (e.x. Reagent, Lab)"}
{"input_field":"Instruction: Explain the attribute 'CPU Speed'. \nOutput: ","target_field":"This attribute represents the speed of the CPU"}
{"input_field":"Please explain to me what the attribute 'Heater Surface Material' is about.\nOutput: ","target_field":"This attribute indicates the material that the heater surface is made of"}
{"input_field":"Instruction: Tell me what the attribute 'Range' is about.\nOutput: ","target_field":"This attribute represents the range of the item"}
{"input_field":"Instruction: Tell me what the attribute 'Noise Attenuation' is about.\nOutput: ","target_field":"Number; assumed to be in decibels (db)"}
{"input_field":"Instruction: Tell me what the attribute 'Maximum Weight Recommendation' is about.\nOutput: ","target_field":"This attribute indicates the maximum weight recommendation for the item"}
{"input_field":"Instruction: Tell me what the attribute 'Variety' is about.\nOutput: ","target_field":"Describes what variety of item this is."}
{"input_field":"Please explain to me what the attribute 'Power Supply Mounting Type' is about.\nOutput: ","target_field":"Describes how the power supply part of the product is mounted to the main product"}
{"input_field":"Instruction: Tell me what the attribute 'Footwear Size' is about.\nOutput: ","target_field":"This attribute was created to support standardizing how we collect sizing information for footwear (boots, shoes, sandals, etc.)"}
{"input_field":"Instruction: Explain the attribute 'Sheet Count'. \nOutput: ","target_field":"This attribute provides the number of sheets included in the product"}
{"input_field":"Instruction: Tell me what the attribute 'Processor Count' is about.\nOutput: ","target_field":"This attribute represents the number of processors the item has"}
{"input_field":"Instruction: Tell me what the attribute 'Heel Height' is about.\nOutput: ","target_field":"This attribute indicates the height of the heel"}
{"input_field":"Please explain to me what the attribute 'Band Width' is about.\nOutput: ","target_field":"Enter the width of the band."}
{"input_field":"Instruction: Tell me what the attribute 'Viewing Angle' is about.\nOutput: ","target_field":"This attribute indicates the angle between the left edge of the viewable region, the eyepoint and the right edge"}
{"input_field":"Instruction: Tell me what the attribute 'Line Weight' is about.\nOutput: ","target_field":"This is a description of the strength rating for rope, cord, chain, fishing line or other items.  This description can come with many standard ratings, depending on the product."}
{"input_field":"Please explain to me what the attribute 'Bore Diameter' is about.\nOutput: ","target_field":"This attribute indicates the diameter of the bore"}
{"input_field":"Please explain to me what the attribute 'Optical Sensor Size' is about.\nOutput: ","target_field":"Size of optical sensor"}
{"input_field":"Instruction: Tell me what the attribute 'AV Output' is about.\nOutput: ","target_field":"What type of audio\/video output does the product include?"}
{"input_field":"Instruction: Tell me what the attribute 'Fan Size' is about.\nOutput: ","target_field":"This attribute represents the size of the fan"}
{"input_field":"Please explain to me what the attribute 'Efficiency' is about.\nOutput: ","target_field":"This attribute represents the efficiency of the item"}
{"input_field":"Instruction: Tell me what the attribute 'RAM Memory Technology' is about.\nOutput: ","target_field":"This attribute describes the type of RAM included with or supported by an item"}
{"input_field":"Please explain to me what the attribute 'Publication Date' is about.\nOutput: ","target_field":"This attribute indicates the date of publication of the product"}
{"input_field":"Please explain to me what the attribute 'Fastener Type' is about.\nOutput: ","target_field":"This attribute indicates the type of fastener that the item has"}
{"input_field":"Instruction: Tell me what the attribute 'Memory Slots Available' is about.\nOutput: ","target_field":"This attribute indicates the number of memory slots available"}
{"input_field":"Instruction: Tell me what the attribute 'Minimum Compatible Size' is about.\nOutput: ","target_field":"This attribute represents the minimum compatible size supported by the item"}
{"input_field":"Please explain to me what the attribute 'Warranty Description' is about.\nOutput: ","target_field":"This attribute represents information related to the warranty provided for the product"}
{"input_field":"Instruction: Explain the attribute 'Lens Color'. \nOutput: ","target_field":"Indicate the Color of lens."}
{"input_field":"Instruction: Explain the attribute 'Noise Control'. \nOutput: ","target_field":"This attribute indicates the noise control provided by the headphones"}
{"input_field":"Instruction: Explain the attribute 'Shapewear Size'. \nOutput: ","target_field":"This attribute was created to support standardizing how we collect sizing information for shapewear or swimwear including alpha, numeric and age based sizes as well as cup size and band size. This attribute is targeted to be used for swimwear, bras, corsets, slips and camisoles."}
{"input_field":"Instruction: Explain the attribute 'Photo Sensor Technology'. \nOutput: ","target_field":"This attribute describes the technology used by the photo sensor"}
{"input_field":"Instruction: Tell me what the attribute 'Container Type' is about.\nOutput: ","target_field":"This attribute indicates the type of container that the product comes in, comes with or is"}
{"input_field":"Instruction: Tell me what the attribute 'Self Timer' is about.\nOutput: ","target_field":"What self-timer options are available on the product? Measured in seconds."}
{"input_field":"Instruction: Tell me what the attribute 'Tire Type' is about.\nOutput: ","target_field":"This attribute represents the vehicles tire type"}
{"input_field":"Instruction: Explain the attribute 'Inlet Connection Type'. \nOutput: ","target_field":"Enter the inlet connection type"}
{"input_field":"Instruction: Explain the attribute 'Is Assembly Required?'. \nOutput: ","target_field":"This attribute indicates whether or not the product requires assembly"}
{"input_field":"Instruction: Explain the attribute 'Bearing Type'. \nOutput: ","target_field":"Please enter the type of bearing."}
{"input_field":"Please explain to me what the attribute 'Extended Length' is about.\nOutput: ","target_field":"Enter the length of the item when extended"}
{"input_field":"Instruction: Explain the attribute 'Battery Cell Composition'. \nOutput: ","target_field":"This attribute indicates the chemical composition of the battery cell"}
{"input_field":"Instruction: Tell me what the attribute 'Maximum Supply Voltage' is about.\nOutput: ","target_field":"This attribute indicates the Maximum Supply Voltage"}
{"input_field":"Instruction: Tell me what the attribute 'Brake Style' is about.\nOutput: ","target_field":"This attribute represents the brake style the item has."}
{"input_field":"Instruction: Tell me what the attribute 'Embellishment Feature' is about.\nOutput: ","target_field":"Description of something extra attached to the item for decorative purposes. Can be used for decoration, accent, ornamentation, trim, or any other additional style detail attached to the item. "}
{"input_field":"Instruction: Tell me what the attribute 'Maximum Sample Rate' is about.\nOutput: ","target_field":"This attribute represents the maximum sample rate"}
{"input_field":"Instruction: Explain the attribute 'Pad Type'. \nOutput: ","target_field":"A description of the type of pad used in the product"}
{"input_field":"Instruction: Explain the attribute 'Material Composition'. \nOutput: ","target_field":"This attribute indicates the percentage of each material the product is composed of and should total 100%"}
{"input_field":"Instruction: Explain the attribute 'Bottom Style'. \nOutput: ","target_field":"Bottom style describes the style of the bottom article of clothing in cases where there is a top and bottom piece."}
{"input_field":"Please explain to me what the attribute 'Number of Players' is about.\nOutput: ","target_field":"This attribute indicates the number of players the item supports"}
{"input_field":"Please explain to me what the attribute 'Are batteries required?' is about.\nOutput: ","target_field":"This attribute indicates whether or not an item requires batteries or is a battery"}
{"input_field":"Please explain to me what the attribute 'Input Voltage' is about.\nOutput: ","target_field":"Enter the input voltage"}
{"input_field":"Instruction: Explain the attribute 'Seat Material'. \nOutput: ","target_field":"Enter the material seat and\/or cushion is made from"}
{"input_field":"Instruction: Explain the attribute 'Noise Level'. \nOutput: ","target_field":"This attribute indicates the level of noise produced by an item"}
{"input_field":"Instruction: Explain the attribute 'CPU Socket'. \nOutput: ","target_field":"This attribute represents the socket type that relates to the CPU model"}
{"input_field":"Instruction: Explain the attribute 'Blade Material'. \nOutput: ","target_field":"This attribute indicates the type of material the blade is made of"}
{"input_field":"Instruction: Tell me what the attribute 'School Type' is about.\nOutput: ","target_field":"Type of school the product is intended to be used for"}
{"input_field":"Please explain to me what the attribute 'Weight Capacity Maximum' is about.\nOutput: ","target_field":"This attribute represents the maximum weight capacity of the item"}
{"input_field":"Instruction: Explain the attribute 'Aspect Ratio'. \nOutput: ","target_field":"This attribute represents the aspect ratio for the product"}
{"input_field":"Instruction: Explain the attribute 'Resistance Mechanism'. \nOutput: ","target_field":"This attribute indicates the type of resistance system this equipment uses"}
{"input_field":"Please explain to me what the attribute 'Bottle Type' is about.\nOutput: ","target_field":"Type of bottle that the item includes or accepts"}
{"input_field":"Please explain to me what the attribute 'Power Plug' is about.\nOutput: ","target_field":"This attribute represents the  type of power plug the item has or supports"}
{"input_field":"Please explain to me what the attribute 'Video Input' is about.\nOutput: ","target_field":"Enter the type of video inputs of the item."}
{"input_field":"Instruction: Tell me what the attribute 'Cable Type' is about.\nOutput: ","target_field":"This attribute describes the type of cable the item has"}
{"input_field":"Please explain to me what the attribute 'Folded Size' is about.\nOutput: ","target_field":"The size of the item when folded"}
{"input_field":"Please explain to me what the attribute 'Hard Disk Form Factor' is about.\nOutput: ","target_field":"This attribute provides the standard size of the hard drive, or the bay the hard drive is compatible with"}
{"input_field":"Instruction: Explain the attribute 'Gem Type'. \nOutput: ","target_field":"The gem type or types associated with the product and used as a matching\/creation attribute for FASHION_JEWELRY"}
{"input_field":"Please explain to me what the attribute 'Seasons' is about.\nOutput: ","target_field":"This attribute indicates seasons which the item is most appropriate for"}
{"input_field":"Instruction: Explain the attribute 'Number of Labels'. \nOutput: ","target_field":"The number of labels, tags or stickers provided in a box, sheet or roll of labelling material"}
{"input_field":"Please explain to me what the attribute 'Door Style' is about.\nOutput: ","target_field":"Provide the door type for the furniture item"}
{"input_field":"Instruction: Explain the attribute 'Focus Type'. \nOutput: ","target_field":"This attribute represents the type of focus the item has"}
{"input_field":"Instruction: Tell me what the attribute 'Suspension Type' is about.\nOutput: ","target_field":"This attribute represents the type of suspension the item has."}
{"input_field":"Instruction: Explain the attribute 'Team Name'. \nOutput: ","target_field":"This attribute represents the team name of the product from the respective league"}
{"input_field":"Instruction: Explain the attribute 'Warranty Type'. \nOutput: ","target_field":"This attribute represents the warranty type of the product provided by the manufacturer."}
{"input_field":"Instruction: Explain the attribute 'Tripod Head Type'. \nOutput: ","target_field":"This attribute represents the type of tripod head the item has"}
{"input_field":"Instruction: Tell me what the attribute 'Number of Teeth' is about.\nOutput: ","target_field":"Number of teeth, along with desired pitch diameter, will dictate pitch of gear"}
{"input_field":"Instruction: Explain the attribute 'Supported Internet Services'. \nOutput: ","target_field":"This attribute indicates the internet applications supported by a product"}
{"input_field":"Instruction: Explain the attribute 'Item Package Dimensions'. \nOutput: ","target_field":"This attribute represents the dimensions of the item in its package"}
{"input_field":"Please explain to me what the attribute 'Flash Memory Type' is about.\nOutput: ","target_field":"This attribute represents the type of flash memory that comes with or is installed in the item"}
{"input_field":"Instruction: Explain the attribute 'Signal Format'. \nOutput: ","target_field":"Indicates the type or types of signal that is supported by the product"}
{"input_field":"Instruction: Tell me what the attribute 'Audio Sensitivity' is about.\nOutput: ","target_field":"Describes the audio sensitivity, often in decibels, of a microphone or other recording device"}
{"input_field":"Please explain to me what the attribute 'Speakers Included' is about.\nOutput: ","target_field":"what speakers come with this item?"}
{"input_field":"Please explain to me what the attribute 'Bulb Base' is about.\nOutput: ","target_field":"This attribute indicates the type of base that a bulb has.  This information is identified via standardized industry codes."}
{"input_field":"Please explain to me what the attribute 'Case Thickness' is about.\nOutput: ","target_field":"Enter the thickness of the case."}
{"input_field":"Please explain to me what the attribute 'Clarity' is about.\nOutput: ","target_field":"This attribute indicates the clarity of an item"}
{"input_field":"Instruction: Explain the attribute 'Indications'. \nOutput: ","target_field":"What conditions would indicate that this product    should be used.  This should agree with the label    on the package and will appear under the \"Label    Information\" area of the page."}
{"input_field":"Instruction: Explain the attribute 'Maximum Downstream Data Transfer Rate'. \nOutput: ","target_field":"This attribute provides the maximum downstream data transmission rate of a modem or networking device"}
{"input_field":"Instruction: Explain the attribute 'Item Form'. \nOutput: ","target_field":"This attribute provides information related to the form of the item"}
{"input_field":"Instruction: Tell me what the attribute 'Compatible Processors' is about.\nOutput: ","target_field":"This attribute represents the processor or processors that are compatible with the item"}
{"input_field":"Instruction: Explain the attribute 'Core Material'. \nOutput: ","target_field":"The material used in the core of the product"}
{"input_field":"Please explain to me what the attribute 'Jacket Length' is about.\nOutput: ","target_field":"Provide the Jacket Length in inches"}
{"input_field":"Please explain to me what the attribute 'Data Transfer Rate' is about.\nOutput: ","target_field":"This attribute represents the data transfer rate of the item"}
{"input_field":"Instruction: Tell me what the attribute 'Fan Count' is about.\nOutput: ","target_field":"This attribute represents the number of fans that are included with or are part of the product"}
{"input_field":"Instruction: Tell me what the attribute 'Control Method' is about.\nOutput: ","target_field":"This attribute was created to assist with capturing how a product is controlled, be it voice, app, remote or touch"}
{"input_field":"Please explain to me what the attribute 'Allergen Information' is about.\nOutput: ","target_field":"This attribute provides allergen information related to the product"}
{"input_field":"Please explain to me what the attribute 'Underwire Type' is about.\nOutput: ","target_field":"This attribute indicates the type of underwire that the item has"}
{"input_field":"Instruction: Tell me what the attribute 'Minimum Height' is about.\nOutput: ","target_field":"This attribute represents the minimum height the item has or supports"}
{"input_field":"Instruction: Tell me what the attribute 'Target Species' is about.\nOutput: ","target_field":"This attribute identifies the species of animal the item is to be used for. For fishing lures, this is the fish that the lure is best for."}
{"input_field":"Please explain to me what the attribute 'Capacitance Tolerance' is about.\nOutput: ","target_field":"This attribute indicates the tolerance of a body to store an electric charge"}
{"input_field":"Instruction: Tell me what the attribute 'Hand Orientation' is about.\nOutput: ","target_field":"This attribute represents the hand orientation the item supports"}
{"input_field":"Instruction: Explain the attribute 'Caster Type'. \nOutput: ","target_field":"The type of caster on a wheeled device (cart, chair, vacuum),"}
{"input_field":"Instruction: Explain the attribute 'Closure Type'. \nOutput: ","target_field":"This attribute indicates the type of closure that the item has"}
{"input_field":"Please explain to me what the attribute 'Handle Diameter' is about.\nOutput: ","target_field":"This attribute indicates the diameter of the handle"}
{"input_field":"Instruction: Tell me what the attribute 'Air Flow Capacity' is about.\nOutput: ","target_field":"This attribute provides information related to the product\u2019s air flow capacity"}
{"input_field":"Instruction: Tell me what the attribute 'Included Memory Card Size' is about.\nOutput: ","target_field":"This attribute is to describe the size of the memory card included with an item"}
{"input_field":"Instruction: Explain the attribute 'Maximum Upstream Data Transfer Rate'. \nOutput: ","target_field":"This attribute indicates the maximum upstream data transmission rate of a modem or networking device"}
{"input_field":"Please explain to me what the attribute 'Fabric Warmth Description' is about.\nOutput: ","target_field":"A standard classification of warmth for comforters, blanket or bedding."}
{"input_field":"Please explain to me what the attribute 'Maximum Temperature' is about.\nOutput: ","target_field":"This attribute represents the maximum temperature"}
{"input_field":"Instruction: Explain the attribute 'Ink Color'. \nOutput: ","target_field":"This attribute indicates the color of the included ink"}
{"input_field":"Instruction: Tell me what the attribute 'Shell Type' is about.\nOutput: ","target_field":"This attribute represents the type of shell the item has"}
{"input_field":"Instruction: Tell me what the attribute 'Sub Brand' is about.\nOutput: ","target_field":"This attribute provides secondary brand information related to the product such as licensed or franchise"}
{"input_field":"Instruction: Tell me what the attribute 'Human Interface Input' is about.\nOutput: ","target_field":"This attribute provides the types of inputs that can be used to interact with an item"}
{"input_field":"Please explain to me what the attribute 'Ring Size' is about.\nOutput: ","target_field":"The size of the ring"}
{"input_field":"Please explain to me what the attribute 'Handle Material' is about.\nOutput: ","target_field":"This attribute indicates the type of material that the handle or handles are made of"}
{"input_field":"Instruction: Tell me what the attribute 'Cache Memory Installed Size' is about.\nOutput: ","target_field":"This attribute represents the size of the installed cache memory"}
{"input_field":"Instruction: Tell me what the attribute 'Item Length Description' is about.\nOutput: ","target_field":"Describe length of the item for items such as skirts, dresses, etc."}
{"input_field":"Instruction: Explain the attribute 'Display Dimensions'. \nOutput: ","target_field":"What are the dimensions of the screen in the following format: WxHxD?"}
{"input_field":"Please explain to me what the attribute 'Flash Modes Description' is about.\nOutput: ","target_field":"This attribute provides the flash modes the item offers"}
{"input_field":"Instruction: Tell me what the attribute 'HDCD Decoding' is about.\nOutput: ","target_field":"Is HDCD decoding supported"}
{"input_field":"Instruction: Tell me what the attribute 'Number of Doors' is about.\nOutput: ","target_field":"This attribute represents the number of doors the item has"}
{"input_field":"Instruction: Explain the attribute 'Button Quantity'. \nOutput: ","target_field":"This attribute indicates the number of buttons on the item"}
{"input_field":"Please explain to me what the attribute 'Magnification Strength' is about.\nOutput: ","target_field":"Used to explain magnification strength of an item to the customer, measured in diopters."}
{"input_field":"Instruction: Tell me what the attribute 'Bulb Diameter' is about.\nOutput: ","target_field":"The diameter of the Bulb used in the product"}
{"input_field":"Instruction: Explain the attribute 'Lock Type'. \nOutput: ","target_field":"Describes the lock on the item"}
{"input_field":"Instruction: Tell me what the attribute 'Belt Style' is about.\nOutput: ","target_field":"This attribute indicates the style of the belt"}
{"input_field":"Instruction: Tell me what the attribute 'Full Cure Time' is about.\nOutput: ","target_field":"Enter the amount of time it takes for the product to reach full strength as a numerical value"}
{"input_field":"Instruction: Tell me what the attribute 'Battery Description' is about.\nOutput: ","target_field":"This attribute represents the batteries that are compatible with the item"}
{"input_field":"Instruction: Explain the attribute 'Ultraviolet Light Protection'. \nOutput: ","target_field":"This attribute represents the ultraviolet light protection the item provides."}
{"input_field":"Instruction: Tell me what the attribute 'Wheel Type' is about.\nOutput: ","target_field":"This attribute indicates the type of wheel(s) the item has"}
{"input_field":"Instruction: Explain the attribute 'Exit Pupil Diameter (mm)'. \nOutput: ","target_field":"Enter in the exit pupil diameter in mm"}
{"input_field":"Instruction: Explain the attribute 'Backing Type'. \nOutput: ","target_field":"Backing material on the abrasive unit"}
{"input_field":"Instruction: Explain the attribute 'Number Of Conductors'. \nOutput: ","target_field":"This attribute indicates the Number of Conductors"}
{"input_field":"Instruction: Tell me what the attribute 'Internet Service Provider' is about.\nOutput: ","target_field":"This attribute is to indicate the internet service providers an item supports"}
