{"input_field":"A user found a product with title 'Janod - Wooden Sound Telephone for Children - Pretend Play Toy - For children from the Age of 18 Months, J05334' on an online shopping website. Please translate the product title into German.\nOutput: ","target_field":"Janod J05334 Holz-Telefon f\u00fcr Kinder, mit Ton, Fantasiespielzeug, f\u00fcr Kinder ab 18 Monaten"}
{"input_field":"A user found a product with title 'Semi-permanent Eyebrow Gel, Waterproof, 24 Hours Long Lasting, Smudge-Proof, Sweat Resistant, Natural, Tinted Brow Pen, with Brush (Black Brown)' on an online shopping website. Please translate the product title into German.\nOutput: ","target_field":"Semi-permanentes Augenbrauen gel, Wasserfestes, 24 Stunden Langanhaltend, wischfest, Schwei-Resistent, Nat\u00fcrlich, Get\u00f6ntes augenbrauenstift, Mit Pinsel (Black Brown)"}
{"input_field":"A product entitled '700 Pieces Flags Index Tabs 3 Sizes Sticky Notes Writable Labels Page Marker Bookmarks Text Highlighter Strips, 7 Colors, 5 Set' exists on an online shopping website. Generate an adequate title for the product when it appears on a(n) German online shopping website.\nOutput: ","target_field":"Pangda 700 St\u00fcck Flaggen Index Registerkarten 3 Gr\u00f6\u00dfen Haftnotizen Beschreibbare Etiketten Lesezeichen Textmarker Streifen, 7 Farben, 5 Set"}
{"input_field":"Translate the product title 'Amazon Basics AA 1.5 Volt Performance Alkaline Batteries - Pack of 20 (Appearance may vary)' into German. \nOutput: ","target_field":"Amazon Basics AA-Alkalibatterien, leistungsstark, 1,5\u00a0V, 20 St\u00fcck (Aussehen kann variieren)"}
{"input_field":"A product entitled 'Docrafts Polystyrene Balls, Assorted Sizes (Pack of 40)' exists on an online shopping website. Generate an adequate title for the product when it appears on a(n) German online shopping website.\nOutput: ","target_field":"Craft Planet Docrafts Styropor-Kugeln, Verschiedene Gr\u00f6\u00dfen (40\u00a0St\u00fcck)"}
{"input_field":"Translate the product title 'Google Pixel 6 Pro Case - Carbon' into German. \nOutput: ","target_field":"Google Pixel 6 Pro Case \u2013 Smaphone-Schutzhu\u0308lle \u2013 Stormy Sky"}
{"input_field":"A user found a product with title 'Paladone Playstation Icons Money Box | Official Licensed Gaming Merchandise' on an online shopping website. Please translate the product title into German.\nOutput: ","target_field":"Paladone Playstation Icons Spardose - Offiziell lizenzierte Gaming-Merchandise, Blau"}
{"input_field":"A user found a product with title 'JETech Case for iPad Air 5\/4 (2022\/2020 5th\/4th Generation 10.9-Inch), Slim Stand Hard Back Shell Cover with Auto Wake\/Sleep (Light Purple)' on an online shopping website. Please translate the product title into German.\nOutput: ","target_field":"JETech H\u00fclle Kompatibel mit iPad Air 5.\/4. Generation 2022\/2020 10,9 Zoll, Unterst\u00fctzung Pencil Aufladung, Abdeckung mit Auto Schlafen\/Wachen (Helles Lila)"}
{"input_field":"A product entitled 'Petpost | Dog Whitening Shampoo - Best Lightening Treatment for Dogs with White Fur - Soothing Watermelon Scent - Maltese, Shih Tzu, Bichon Frise Approved - 474 mL' exists on an online shopping website. Generate an adequate title for the product when it appears on a(n) German online shopping website.\nOutput: ","target_field":"Petpost | Aufhellendes Schampoo f\u00fcr Hunde - Die Beste Behandlung f\u00fcr Hunde mit wei\u00dfem Fell - Hundeshampoo mit Beruhigendem Wassermelonen-Geruch - 474 ml."}
{"input_field":"A user found a product with title 'Scondaor Carbon Monoxide Alarm Detector with 10-Year Sensor, Digital Display CO Alarm Detector with Alarm Record, Battery Operated (3 AA Batteries Included), EN 50291 Certified' on an online shopping website. Please translate the product title into German.\nOutput: ","target_field":"Scondaor CO Melder mit Digitalanzeige, Kohlenmonoxidmelder mit 10 Jahres-Sensor, Batterie austauschbar (3AA-Batterien enthalten), EN 50291 Zertifiziert"}
{"input_field":"Translate the product title 'HOOMIL Crystal Clear for iPhone SE Case 2020\/2022, for iPhone 8 Case, for iPhone 7 Case, Non-Yellowing Slim Fit with 4-Corner Shockproof Protection - Black' into German. \nOutput: ","target_field":"HOOMIL Clear Serie f\u00fcr iPhone 8 H\u00fclle, iPhone 7 H\u00fclle, iPhone SE 2020\/SE 2022 H\u00fclle Nie Vergilbung D\u00fcnn Transparent Case Handyh\u00fclle Schutzh\u00fclle - Schwarz"}
{"input_field":"A user found a product with title 'FINTIE Hybrid Case Compatible with iPad Air 5th Generation (2022) \/ iPad Air 4th Generation (2020) 10.9 inch - Slim Clear Back Cover with Pencil Holder, Auto Wake\/Sleep, Glittering Marble' on an online shopping website. Please translate the product title into German.\nOutput: ","target_field":"Fintie Hybrid H\u00fclle f\u00fcr iPad Air 5. Generation 2022 \/ iPad Air 4. Generation 2020 10.9 Zoll mit Stifthalter - Sto\u00dffeste Schutzh\u00fclle mit transparenter Hartschale auf der R\u00fcckseite, Marmor Rosa"}
{"input_field":"Translate the product title 'Barbie Cutie Reveal Snowflake Sparkle Series Doll with Husky Plush Costume & 10 Surprises Including Mini Pet & Color Change, Gift for Kids 3 Years & Older' into German. \nOutput: ","target_field":"Barbie HJL63 - Cutie Reveal Schneefunkel Serie-Puppe mit Husky-Pl\u00fcschkost\u00fcm und 10 \u00dcberraschungen inklusive kleinem Haustier und Farbwechsel, Spielzeug Geschenk f\u00fcr Kinder ab 3 Jahren"}
{"input_field":"A product entitled 'ORNARTO Compatible with AirPods Pro Case, Protective Liquid Silicone Case for AirPods Pro Soft Skin Front LED Visible Silicone Case,Black' exists on an online shopping website. Generate an adequate title for the product when it appears on a(n) German online shopping website.\nOutput: ","target_field":"ORNARTO Kompatibel mit AirPods Pro H\u00fclle, Sch\u00fctzende Fl\u00fcssig Silikon H\u00fclle f\u00fcr AirPods Pro 2019 Soft Skin Front LED Sichtbar Silikon H\u00fclle, Schwarz"}
{"input_field":"Translate the product title 'EPPO 5 in 1 Toddler Fire Cars Toys Toddler Truck Toys for 3 4 5 6 Year Old Boys, Friction Power Toy Vehicle Carrier Truck Toys for Kids 3-5, Christmas Birthday Gifts for Boys Girls Age 3-9' into German. \nOutput: ","target_field":"EPPO 5 in 1-Kleinkind-Feuerwehrautos-Spielzeug, Kleinkind-LKW-Spielzeug f\u00fcr 3 4 5 6 j\u00e4hrige Jungen, Transporter-LKW-Spielzeug f\u00fcr Kinder 3-5, Weihnachtsgeburtstagsgeschenke f\u00fcr Jungen-M\u00e4dchen"}
{"input_field":"A product entitled 'Hebayy 500 Transparent 8 Color Clear Bingo Counting Chip Plastic Markers (Each Measures 3\/4 inch in Diameter)' exists on an online shopping website. Generate an adequate title for the product when it appears on a(n) German online shopping website.\nOutput: ","target_field":"Hebayy 500 transparente 8-farbige Bingo- & Z\u00e4hl-Chips Plastikmarkierer (mit einem Durchmesser von je 1,9 cm)"}
{"input_field":"A product entitled 'Baby Toothbrush 0-2 Years - BPA-Free Finger Toothbrush Baby, Silicone Toothbrush & Toddler Toothbrush - Designed in Canada - Complete Baby\u2019s First Toothbrush Kit (Purple) - Cherish Baby Care' exists on an online shopping website. Generate an adequate title for the product when it appears on a(n) German online shopping website.\nOutput: ","target_field":"Baby-Zahnb\u00fcrsten-Set (3-24 Monate) - BPA-freie Fingerzahnb\u00fcrste Baby, Baby Zahnb\u00fcrste & Kinder Zahnb\u00fcrste (Kleinkind) - Komplettes Babyzahnb\u00fcrstenset (Lila) - Cherish Baby Care"}
{"input_field":"Translate the product title 'Seagrass Storage Basket with 3 Sections Woven Shelf Baskets for Organizing (Natural, 37cm x 12cm x 8cm)' into German. \nOutput: ","target_field":"Seegras Aufbewahrungskorb Rechteckig Regalk\u00f6rbe Nat\u00fcrliches Gewebt Geflochtener zum Organisieren von Toilettenpapier (37cm x 12cm x 8cm)"}
{"input_field":"A product entitled 'SMCTCRED Belly Bars,9PCS 316L Surgical Steel CZ Belly Bars with Dangle Cubic Zirconia Curved Body Piercing Jewelry Barbells for Women Girls (7 Pieces)' exists on an online shopping website. Generate an adequate title for the product when it appears on a(n) German online shopping website.\nOutput: ","target_field":"SMCTCRED Bauchnabelpiercings, 9 PCS 316L Chirurgenstahl CZ Bauchnabelpiercings mit Dangle Zirkonia Curved Piercing Schmuck Barbells f\u00fcr Frauen M\u00e4dchen (7 St\u00fcck)"}
{"input_field":"A user found a product with title 'JLab Go Air Pop True Wireless Earbuds, Headphones In Ear, Bluetooth Earphones with Microphone, Wireless Ear Buds, TWS Bluetooth Earbuds with Mic, USB Charging Case, Dual Connect, EQ3 Sound, Lilac' on an online shopping website. Please translate the product title into German.\nOutput: ","target_field":"JLab Go Air Pop Kopfh\u00f6rer Kabellos, In Ear Kopfh\u00f6rer Bluetooth, True Wireless Headphones, Kabellose In-Ear Ohrh\u00f6rer, Earbuds mit USB Ladebox, 32+ Std Spielzeit, Dual Connect, EQ3 Sound, Lila"}
{"input_field":"Translate the product title 'Video Capture Card, 4K Cam Link Card HDMI to USB 3.0 Capture Card, 1080P 60FPS Video Capture Device for Gaming, Streaming, Compatible with Mac OS System Windows for PS4 PS5, Nintendo Switch, Xbox One' into German. \nOutput: ","target_field":"Videoaufnahmekarte, 4K Cam Link-Karte, HDMI auf USB 3.0 Capture-Karte, 1080P 60FPS, Videoaufnahmeger\u00e4t f\u00fcr Spiele, Streaming, kompatibel mit Mac OS-System, Windows f\u00fcr PS4 PS5, Switch, Xbox1"}
{"input_field":"A user found a product with title 'Parker Ballpoint Pen Refills | Medium Point | Black QUINKflow Ink | 3 Count' on an online shopping website. Please translate the product title into German.\nOutput: ","target_field":"Parker Kugelschreiberminen | mittlere Spitze | schwarze QUINKflow Tinte | 3 Ersatzminen f\u00fcr Kugelschreiber"}
{"input_field":"Translate the product title 'Pampers Baby Nappies Size 1 (2-5 kg \/ 4-11 lbs), Harmonie, 102 Nappies, SAVING PACK, Baby Essentials For Newborn' into German. \nOutput: ","target_field":"Pampers Windeln Gr\u00f6\u00dfe 1 (2-5 kg), Harmony, 0% Kompromiss, 100% Absorption, Inhaltsstoffe pflanzlichen Ursprungs, hypoallergen, 102 Babywindeln"}
{"input_field":"Translate the product title 'Tile Mate (2022) Bluetooth Item Finder, 1 Pack, 60m finding range, works with Alexa & Google Home, iOS & Android Compatible, Find your Keys, Remotes & More, Canyon Blue' into German. \nOutput: ","target_field":"Tile Mate (2022) Bluetooth Schl\u00fcsselfinder, 1er Pack, 60 m Reichweite, inkl. Community Suchfunktion, iOS und Android App, kompatibel mit Alexa und Google Home, Canyon Blau, RE-40001-CB"}
{"input_field":"A user found a product with title 'ThinkMax 12 Pcs Halloween Wind Up Toys Assorted Clockwork Toys for Kids Halloween Party Favors, Goodie Bag Filler' on an online shopping website. Please translate the product title into German.\nOutput: ","target_field":"ThinkMax 12 St\u00fcck Halloween Aufziehspielzeug f\u00fcr Halloween Party Gunst Goody Bag F\u00fcller"}
{"input_field":"A user found a product with title 'Polarduck Mini Tripod, Mobile Phone Tripod, Vlogging Tripod Compatible with iPhone\/Camera\/DLSR\/Smartphone\/Webcam with Universal Phone Holder & GoPro Mount, 360\u00b0Rotation Ball Head & Extendable Legs' on an online shopping website. Please translate the product title into German.\nOutput: ","target_field":"Polarduck Mini Stativ, Handy Stativ, Kamera Stativ, Stativ f\u00fcr iPhone\/DLSR\/Beamer\/Webcam mit GoPro Halterung und Smartphone Halterung, Kugelkopf Stativkopf 360 Grad Panorama und Ausziehbare Beine"}
{"input_field":"A product entitled 'Curlsmith - Hair Makeup - Vegan Temporary Hair Color and Styling Gel, Gold (89ml)' exists on an online shopping website. Generate an adequate title for the product when it appears on a(n) German online shopping website.\nOutput: ","target_field":"Curlsmith - Hair Makeup - Vegane tempor\u00e4re Haarfarbe und Styling-Gel (Goldene Farbe)"}
{"input_field":"Translate the product title 'LEGO 60220 City Great Vehicles Garbage Truck' into German. \nOutput: ","target_field":"LEGO 60220 City Great Vehicles M\u00fcllabfuhr"}
{"input_field":"Translate the product title 'Amazon Basics Pet Bed for Dogs - Machine Washable, Medium (89 x 58 x 8cm), Grey Swirl' into German. \nOutput: ","target_field":"Amazon Basics Hundebett und Haustierbett f\u00fcr Mittelgro\u00dfe Hunde - Waschbar und Strapazierf\u00e4hig, 89 x 58 x 8 cm, Graue Wirbel"}
{"input_field":"A product entitled 'KOALA Inkjet Photo Paper 7x5 '' 13x18 cm Glossy 100 Sheets 240 GSM for Canon Hp Epson Inkjet Printer' exists on an online shopping website. Generate an adequate title for the product when it appears on a(n) German online shopping website.\nOutput: ","target_field":"Koala Inkjet Hochgl\u00e4nzend Fotopapier 13x18 cm, 240 g\/m\u00b2, 100 Blatt, f\u00fcr Canon HP Epson Tintenstrahldrucker"}
{"input_field":"A product entitled 'TiMOVO Case for New iPad 9th Generation 2021\/8th Gen 2020\/7th Gen 2019, 360 Degree Rotating Stand Protective Cover, Smart Swivel Case with Auto Sleep\/Wake Fit iPad 10.2-inch - Black' exists on an online shopping website. Generate an adequate title for the product when it appears on a(n) German online shopping website.\nOutput: ","target_field":"TiMOVO H\u00fclle f\u00fcr Neu iPad 9. Gen 2021 \/ iPad 8. Gen 2020 \/ 7. Gen 2020 10,2 Zoll, 360 Grad Drehung Schutzh\u00fclle Drehbar St\u00e4nder Magnetisch f\u00fcr Auto Schlaf\/Wach - Schwarz"}
{"input_field":"Translate the product title 'Rosemary Oil for Hair Growth & Skin Care, Rosemary Essential Oil for Eyebrow and Eyelash Growth 100% Pure Natural, Nourishes The Scalp, Strengthens Hair, Stimulates Hair Growth for Men Women (1PC)' into German. \nOutput: ","target_field":"Rosmarin\u00f6l f\u00fcr Haarwachstum & Hautpflege, reines Bio-Rosmarin-\u00d6l f\u00fcr die Pflege der Kopfhaut, st\u00e4rkt das Haar, stimuliert das Haarwachstum f\u00fcr M\u00e4nner und Frauen"}
{"input_field":"A user found a product with title 'Max Factor Real Brow Fill and Shape Pencil, Deep Brown, 0.66 ml' on an online shopping website. Please translate the product title into German.\nOutput: ","target_field":"Max Factor Real Brow Fill & Shape Pencil, Farbe 04 Deep Brown, 10 g"}
{"input_field":"A product entitled 'SIQUK Eyeglass Repair Screwdriver Set 8-in-1 Magnetic Screwdriver and Tweezers, Multi-Function Mini Screwdriver, Cleaning Cloth for Glasses, Watch and Electronics Repair' exists on an online shopping website. Generate an adequate title for the product when it appears on a(n) German online shopping website.\nOutput: ","target_field":"SIQUK Schraubendreher Set 8 in 1 Magnetisches Schraubendreher Kit Multifunktions Mini Schraubendreher, Reinigungstuch f\u00fcr Brillen, Uhren und Elektronik-Reparatur"}
{"input_field":"A user found a product with title 'TORRO Phone Case Compatible With Apple iPhone 11 Genuine Quality Leather Flip Cover With [Card Slots] [Horizontal Viewing Stand] [Durable Frame] 6.1 Inch 2019 Release (Dark Brown)' on an online shopping website. Please translate the product title into German.\nOutput: ","target_field":"TORRO Handyh\u00fclle Kompatibel mit Apple iPhone 11 hochwertiges Leder mit [Karten Steckf\u00e4chern] [Horizontale Standfunktion] [strapazierf\u00e4higer Rahmen] 6.1 Zoll Ausgabe 2019 (Dunkelbraun)"}
{"input_field":"A user found a product with title 'Hasbro Marvel Spidey and His Amazing Friends Hero Reveal Multipack With Mask-Flip Feature, 10cm Action Figure Toys, Kids 3 And Up' on an online shopping website. Please translate the product title into German.\nOutput: ","target_field":"Marvel Spidey and His Amazing Friends Maskierte Helden Multipack, 10 cm gro\u00dfe Action-Figuren, f\u00fcr Kinder ab 3 Jahren"}
{"input_field":"Translate the product title '3 Pairs Half Finger Gloves Winter Fingerless Gloves Knit Gloves for Men Women, Multicoloured, M' into German. \nOutput: ","target_field":"SATINIOR 3 Paar Halb Fingerhandschuhe Winter Fingerlose Handschuhe Strickhandschuhe f\u00fcr M\u00e4nner Frauen (Farbe Set 1)"}
{"input_field":"A user found a product with title 'Revlon Professional Uniq One All in One Hair Treatment' on an online shopping website. Please translate the product title into German.\nOutput: ","target_field":"Revlon Professional Uniq One All-In-One Tratamiento Capilar Haar Behandlung, 150ml"}
{"input_field":"A product entitled 'PROMiXX Pro Shaker Bottle (iX-R Edition) | Rechargeable, Powerful for Smooth Protein Shakes | includes Supplement Storage - BPA Free | 600ml Cup (Silver Blue\/Gray)' exists on an online shopping website. Generate an adequate title for the product when it appears on a(n) German online shopping website.\nOutput: ","target_field":"PROMiXX Pro Shaker-Flasche (iX-R Auflage), wiederaufladbar, leistungsstark f\u00fcr glatte Protein-Shakes, inklusive Supplement-Aufbewahrung, BPA-frei, 600 ml Becher (Silberblau\/Grau)"}
{"input_field":"A user found a product with title 'Basesailor USB C to Lightning Charger Cable Right Angle 2M with USB Adapter,Apple MFI Certified 90 Degree Type C PD Fast Charging Cord for iPhone 11 12 13 14 Mini Pro Max,SE,AirPods,iPad 8th 9th Gen' on an online shopping website. Please translate the product title into German.\nOutput: ","target_field":"Basesailor USB C auf Lightning Ladekabel 2M mit USB A Adapter,90 Grad Apple MFI Zertifiziert Lang Kable,Typ C Netzteil PD Schnellladekabel f\u00fcr iPhone 14 11 12 13 Mini Pro Max SE,Airpods 3,iPad 8 9 Gen"}
{"input_field":"Translate the product title 'Hoodie Blanket,Oversized Blanket Sweatshirt,Soft Warm Comfortable Giant Front Pocket for Men Women Teens Friends(Blue)' into German. \nOutput: ","target_field":"Lushforest Sweatshirt, \u00fcbergro\u00dfe Kapuze, tragbare Decke, weich, warm, bequem, gro\u00dfe Fronttasche f\u00fcr Erwachsene, M\u00e4nner, Frauen, Teenager, Freunde Gr. Einheitsgr\u00f6\u00dfe (Blau)"}
{"input_field":"Translate the product title 'kwmobile TPU Silicone Case Compatible with Samsung Galaxy S22 - Case Slim Phone Cover with Soft Finish - Fruity Orange' into German. \nOutput: ","target_field":"kwmobile H\u00fclle kompatibel mit Samsung Galaxy S22 - H\u00fclle Silikon gummiert - Handyh\u00fclle - Handy Case in Fruity Orange"}
{"input_field":"Translate the product title 'NUPTIO Lanterns for Candles Garden Lanterns, 2 Pcs Vintage Style Hanging Small Lanterns for Tealight Candle, Black Candle Tea Light Holders for Indoor Outdoor Events Birthday Party Wedding' into German. \nOutput: ","target_field":"Nuptio Laternen f\u00fcr Kerzen Gartenlaternen, 2 St\u00fcck Vintage Stil H\u00e4ngen Kleine Laternen f\u00fcr Teelicht Kerze, Schwarze Kerze Teelichthalter f\u00fcr Indoor Outdoor Events Geburtstagsfeier Hochzeit"}
{"input_field":"A product entitled 'TRIXES Keyboard Mini Wired USB Key Board Slim Silver & White - Plug and Play - Compact and Durable - Suitable for PC, Computer, Apple Mac, Laptop, Windows etc' exists on an online shopping website. Generate an adequate title for the product when it appears on a(n) German online shopping website.\nOutput: ","target_field":"TRIXES Mini USB-Kabel-Tastatur US-Layout - Leichte und Schlank - Kompakt und langlebig - in Silber und Weiss - Plug & Play - Geeignet f\u00fcr PC Computer Apple Mac Laptop Windows etc."}
{"input_field":"A user found a product with title 'MapofBeauty Cosplay Costume Men's Short Straight Wig (Dark Green)' on an online shopping website. Please translate the product title into German.\nOutput: ","target_field":"MapofBeauty Cosplay Kost\u00fcm M\u00e4nner kurze gerade Per\u00fccke (Forest gr\u00fcn)"}
{"input_field":"A product entitled 'Termichy Milk Powder Dispenser, 250g Formula Dispenser, Airtight Milk Powder Container for Travel Feeding with Leveler and Spoon (Blue,1 Pack)' exists on an online shopping website. Generate an adequate title for the product when it appears on a(n) German online shopping website.\nOutput: ","target_field":"Milchpulver Portionierer, Termichy Milchpulver-Spender, 250g luftdichter tragbarer Milchpulver-Beh\u00e4lter f\u00fcr Reisen, mit Schaber und L\u00f6ffel (Blau,1 St\u00fcck)"}
{"input_field":"A user found a product with title 'S.W.A.T. Vests - Size Accessory for Police Policeman Fancy Dress' on an online shopping website. Please translate the product title into German.\nOutput: ","target_field":"Widmann - Kugelsichere Weste S.W.A.T, Geheimagent, Karneval, Mottoparty"}
{"input_field":"A user found a product with title 'Electric Heating Pad for Back Neck and Shoulders Warm Relax, Heat Pads Fast Heating Hot Therapy Warp with 5 Levels Temperature Settings, Overheating Protection, Auto Shut Off (60x90cm)' on an online shopping website. Please translate the product title into German.\nOutput: ","target_field":"Heizkissen f\u00fcr R\u00fccken Schulter Nacken Abschaltautomatik W\u00e4rmekissen und Schnelle Erw\u00e4rmung Hei\u00dfe Therapie Warp mit 5 Temperaturstufen, \u00dcberhitzungsschutz, Automatische Abschaltung, (60x90cm)"}
{"input_field":"Translate the product title 'PraNaturals Skin Perfector Face Serum Kit 3x30ml \u2013 Hyaluronic Acid, Retinol & Vitamin C \u2013 Face Care Anti Ageing Lotion, Reduces fine lines and wrinkles, Enriched with natural oils and vitamins' into German. \nOutput: ","target_field":"PraNaturals Skin Perfector Gesichtsserum Kit 3x30ml \u2013 Hyalurons\u00e4ure, Retinol & Vitamin C \u2013 Beseitigt F\u00e4ltchen und Falten, Mit nat\u00fcrlichen \u00d6len und Vitaminen"}
{"input_field":"A product entitled 'PLAYMOBIL - 71002 - Caleche royale et cheval ail\u00e9' exists on an online shopping website. Generate an adequate title for the product when it appears on a(n) German online shopping website.\nOutput: ","target_field":"PLAYMOBIL - 71002 - K\ufffdnigliche Kutsche und gefl\ufffdgeltes Pferd"}
{"input_field":"Translate the product title 'Max Factor Real Brow Fill and Shape Pencil, Soft Brown, 0.66 ml' into German. \nOutput: ","target_field":"Max Factor Real Brow Fill & Shape Pencil, Farbe 02 Soft Brown, 10 g"}
{"input_field":"Translate the product title 'Prosperplast ZA1215 Garden Chest 190 Litres Woodebox Plastic in Anthracite 78 x 43.3 x 55 cm, Small' into German. \nOutput: ","target_field":"Prosperplast Woodebox aus Kunststoff in Anthrazit, 78 x 43,3 x 55 cm"}
{"input_field":"Translate the product title 'Jewelkeeper Horse Music Box & Little Girls Jewellery Set - 3 Horse Gifts for Girls' into German. \nOutput: ","target_field":"Jewelkeeper - Pferd-Spieluhr & M\u00e4dchenschmuck-Set - 3 Pferdegeschenke f\u00fcr M\u00e4dchen Gr\u00fcn"}
{"input_field":"A user found a product with title 'JETech Case for iPhone 12\/12 Pro 6.1-Inch, Shock-Absorption Bumper Phone Cover, Anti-Scratch Clear Back (Purple)' on an online shopping website. Please translate the product title into German.\nOutput: ","target_field":"JETech H\u00fclle Kompatibel iPhone 12\/12 Pro 6,1 Zoll, Handyh\u00fclle Schutzh\u00fclle Case Cover mit Anti-kratzt Transparente und R\u00fcckseite (Lila)"}
{"input_field":"Translate the product title 'DELL - DISPLAY B2B DELL ULTRASHARP 27 4K USB-C HUB MONITOR - U2723QE - 68.47CM (27.' into German. \nOutput: ","target_field":"Dell UltraSharp 27 4K USB-C Hub Monitor - U2723QE, Silver"}
{"input_field":"A user found a product with title 'Funko 42752 POP. Marvel Advent Calendar Embargo Collectible Figure, Multi' on an online shopping website. Please translate the product title into German.\nOutput: ","target_field":"Funko 42752 Pop. Marvel Advent Calendar Collectible Figure, Multi"}
{"input_field":"A user found a product with title 'Rapesco 1687 Packing Tape Rolls Variety Pack, 50 mm wide, Pack of 6 Tape Rolls, 2 x Brown, 2 x Clear, 2 x \u201cFRAGILE\u201d' on an online shopping website. Please translate the product title into German.\nOutput: ","target_field":"Rapesco 1687 Verpackungsb\u00e4ndern Sortimentpackung, 50 mm breit, 6 St\u00fcck Klebebandrollen, 2 x Braun, 2 x Transparent, 2 x \u201eFRAGILE\u201c"}
{"input_field":"Translate the product title 'Crest 3D White Radiant Mint Whitening Toothpaste, 3.5 oz' into German. \nOutput: ","target_field":"Crest 3D White Radiant Mint Whitening Zahnpasta, 100 ml"}
{"input_field":"Translate the product title 'kwmobile Case Compatible with Apple iPhone 11 - Soft TPU Phone Cover with Credit Card Holder Slot on Back - Dark Blue' into German. \nOutput: ","target_field":"kwmobile H\u00fclle kompatibel mit Apple iPhone 11 - Handyh\u00fclle mit Fach f\u00fcr Karten - Handy Cover Case in Dunkelblau"}
{"input_field":"A user found a product with title 'SITHON Hard Shell Laptop Sleeve Case for MacBook Pro 14-inch 2021, 13.3'' MacBook Air\/Pro, iPad Pro 12.9\", Surface Pro X\/7\/6\/5\/4\/3, Shock Absorption Carrying Cover Protective Bag, Black' on an online shopping website. Please translate the product title into German.\nOutput: ","target_field":"SITHON Laptop Tasche Hartschalen H\u00fclle f\u00fcr 14 Zoll MacBook Pro 2021, 13 Zoll MacBook Air\/Pro M2 M1, iPad Pro 12.9\", Surface Pro X\/7\/6\/5\/4\/3\/, sto\u00dffest Laptop Sleeve Case Laptoph\u00fclle, Schwarz"}
{"input_field":"A user found a product with title 'LEGO 41919 DOTS Power Bracelet' on an online shopping website. Please translate the product title into German.\nOutput: ","target_field":"LEGO 41919 DOTS Superhelden Armband"}
{"input_field":"A product entitled 'Auyuiiy silicone Case Compatible with Airpods Pro 2nd Generation [Front LED Visible][Supports Wireless Charging] Shock Proof Protective Cover for Airpods Pro 2022 Charging Case(Purple)' exists on an online shopping website. Generate an adequate title for the product when it appears on a(n) German online shopping website.\nOutput: ","target_field":"Silikonh\u00fclle Kompatibel mit AirPods Pro 2. Generation h\u00fclle [LED an der Vorderseite sichtbar] [Unterst\u00fctzt kabelloses Laden] Airpods pro 2 h\u00fclle (2022 Released) (Lavender)"}
{"input_field":"A user found a product with title 'Philips Avent Ultra Air Soother 2 Pack - BPA-Free Soother for Babies Aged 6-18 Months (Model SCF085\/17)' on an online shopping website. Please translate the product title into German.\nOutput: ","target_field":"Philips Avent Ultra Air Schnuller, 2er-Pack \u2013 BPA-freier Schnuller f\u00fcr Babys von 6 bis 18 Monaten, L\u00f6we\/Nilpferd (Modell SCF085\/17)"}
{"input_field":"A product entitled 'Poly Nails Gel Kit - Saviland Glitter Poly Nails Gel Nail 7 Colors Builder Nail Gel Nudes Nature Series Nail Extension Gel Nail Enhancement Manicure Kit for Gel Polish Starter' exists on an online shopping website. Generate an adequate title for the product when it appears on a(n) German online shopping website.\nOutput: ","target_field":"Poly Nails Gel Kit - Saviland Glitter Poly Nails Gel Nagel 7 Farben Builder Nagelgel Nudes Nature Serie Nagelverl\u00e4ngerung Gel Nagelverbesserung Manik\u00fcre Kit f\u00fcr Gelpoliermittel Starter"}
{"input_field":"A product entitled 'Gritin Phone Stand, Adjustable Phone Holder Stand Dock - Full Aluminum Desktop Holder Stand for iPhone 14, 14 Plus, 14 Pro, 13, 13 Pro Max, 12 Mini, 12 Pro Max, 11 Pro, XR X , HUAWEI, Galaxy- Black' exists on an online shopping website. Generate an adequate title for the product when it appears on a(n) German online shopping website.\nOutput: ","target_field":"Gritin Handy St\u00e4nder, Multi-Winkel Handy Halterung Verstellbare Handyhalterung, Universal Faltbarer Tisch Halter f\u00fcr iPhone 13, 13 Pro, 12 Mini, 12 Pro Max, 11 Pro, XR X XS 8 7 6 Plus, Huawei, Galaxy"}
{"input_field":"A product entitled 'Lifewit Sherpa Throw Blanket Reversible Soft Blanket for Couch Sofa Bed, Decorative Thick Fuzzy Fluffy Fleece Blanket for Travel and Outdoor Camping, Grey, 130 x 150cm' exists on an online shopping website. Generate an adequate title for the product when it appears on a(n) German online shopping website.\nOutput: ","target_field":"Lifewit Sherpa Kuscheldecke, Wendbar weiche Decke f\u00fcr Couch, Sofa, Bett, Dekorative Dicke, Flauschige Fleecedecke \u00fcberwurfdecke f\u00fcr Reisen und Outdoor-Camping, Grau, 130 x 150 cm"}
{"input_field":"Translate the product title 'Animal Crossing: New Horizons (Nintendo Switch)' into German. \nOutput: ","target_field":"Animal Crossing: New Horizons NSW ["}
{"input_field":"A user found a product with title 'Amazon Basics Ratchet Lashing Straps, 6 m Long, 25 mm Wide, Load Capacity 800 kg, DIN EN 12195-2 Passed - Blue (10-Pack)' on an online shopping website. Please translate the product title into German.\nOutput: ","target_field":"Amazon Basics \u2013 Spanngurte mit Ratschenschloss, 6\u00a0m lang, 25\u00a0mm breit, Belastbarkeit 800\u00a0kg, entspricht DIN EN 12195-2, Blau, 10\u00a0St\u00fcck"}
{"input_field":"Translate the product title 'elago Liquid Silicone Case Compatible with iPhone 11 Case (6.1 Inches), Silicone Mobile Phone Case, All-Round Protection: 3-Layer Protective Case, Raised Edge for Screen and Camera (Night Green)' into German. \nOutput: ","target_field":"elago Liquid Silicone Case Kompatibel mit iPhone 11 H\u00fclle (6,1\"), Silikon Handyh\u00fclle, Rundumschutz : 3-Layer Schutzh\u00fclle, erh\u00f6hter Rand f\u00fcr Bildschirm & Kamera (Nachtgr\u00fcn)"}
{"input_field":"Translate the product title 'nextzett 91480615 Rubber Care Stick, 100 Ml, White' into German. \nOutput: ","target_field":"Nextzett 91480615 Rubber Care Stick, 100 ml, wei\u00df"}
{"input_field":"A product entitled 'Steadtler Fimo Soft Starter Pack 12 x 57 g Multicolour Blocks' exists on an online shopping website. Generate an adequate title for the product when it appears on a(n) German online shopping website.\nOutput: ","target_field":"Fimo Soft Starter Pack 12 x 56g Multicolour Blocks by Steadtler"}
{"input_field":"A user found a product with title 'OPPO A54s Smartphone, 5000mAh Long-Lasting Battery, RAM 4GB + ROM 128GB expandable, 6.52\u201d 60HZ Display, AI Triple Camera 50+2+2 MP, NFC, ColorOS11.1, [UK Version], Black' on an online shopping website. Please translate the product title into German.\nOutput: ","target_field":"OPPO A54s Smartphone, 5000mAh Langzeit-Akku, RAM 4GB + ROM 128GB erweiterbar, 6,5 Zoll 60HZ Display, AI Triple-Kamera 50+2+2 MP, NFC, ColorOS11.1, [UK-Version] Schwarz"}
{"input_field":"A product entitled 'Plague Doctor Mask Bird Beak Long Nose Beak Steampunk Mask with a Pair of Gloves and Black Hooded Cloak Halloween Costume Props Mask' exists on an online shopping website. Generate an adequate title for the product when it appears on a(n) German online shopping website.\nOutput: ","target_field":"Pest Doctor Maske Vogel Schnabel Lange Nase Steampunk Maske mit einem Paar Handschuhen und schwarzem Kapuzenumhang Halloween Kost\u00fcm Requisiten Maske"}
{"input_field":"Translate the product title 'Castle Art Supplies Watercolour Brush Pens Set | 24 Lively Colours, with Flexible Nylon Tips | For adult colouring, painting, lettering \u2013 artists and beginners | Travel Case with Extra Water Brush Pen' into German. \nOutput: ","target_field":"Castle Art Supplies Aquarell-Pinselstiftset | 24 lebendige Farben, mit flexiblen Nylonspitzen | Malen, Zeichnen, Lettering f\u00fcr erfahrene K\u00fcnstler und Anf\u00e4nger | Reiseetui mit extra Wasserpinsel Stift"}
{"input_field":"Translate the product title 'True Utility TU214 Sharkey, 12 in 1 Multitool, Silver, One Size' into German. \nOutput: ","target_field":"True Utility TU214 Sharkey 12 in-1 Multitool, Silber, Einheitsgr\u00f6\u00dfe"}
{"input_field":"A product entitled 'ESR Hybrid Magnetic Case with HaloLock, Compatible with iPhone 14 Case and iPhone 13 Case, Compatible with MagSafe, Shockproof Military-Grade Protection, Smooth Grip, Classic Series, Black' exists on an online shopping website. Generate an adequate title for the product when it appears on a(n) German online shopping website.\nOutput: ","target_field":"ESR Classic Hybrid Magnet H\u00fclle mit HaloLock, kompatibel mit iPhone 14 und iPhone 13, kompatibel mit MagSafe, Milit\u00e4rnorm Sturzschutz, geschmeidiger Griff, Classic Serie, Schwarz"}
{"input_field":"A user found a product with title 'New Apple AirPods Max - Pink' on an online shopping website. Please translate the product title into German.\nOutput: ","target_field":"Neu Apple AirPods\u00a0Max - Pink"}
{"input_field":"Translate the product title 'Geyoga Kids Mouse Costume Set Costume Tutu Skirt Set Mouse Ears Nose Bow Tie Tail Tutu Skirt Fancy Costume Accessories, Pink and Grey, M' into German. \nOutput: ","target_field":"Geyoga Kinder Maus Kost\u00fcm Set Kost\u00fcm Tutu Rock Set Maus Ohren Nase Fliege Schwanz Tutu Rock Ausgefallenes Kost\u00fcm Zubeh\u00f6r, Grau mit Rosa"}
{"input_field":"Translate the product title 'SONGMICS Jewellery Box, Travel Jewellery Case, Portable, Lockable Jewellery Organiser with 2 Drawers, Mirror, Lock and Keys, Gift Idea, White JBC154W01' into German. \nOutput: ","target_field":"SONGMICS Schmuckschatulle, Reise-Schmucketui, tragbar, abschlie\u00dfbares Schmuckk\u00e4stchen, mit 2 Schubladen, Spiegel, Schloss und Schl\u00fcssel, Geschenkidee, wei\u00df JBC154W01"}
{"input_field":"A user found a product with title 'HYZUO 13 Inch Laptop Sleeve Case Compatible with MacBook Air M2 A2681 13.6\" Display, MacBook Air 13 M1 2018-2022, MacBook Pro 13 M2\/A2686 M1\/A2338 2016-2022, XPS 13, with Accessory Bag, Dark Green' on an online shopping website. Please translate the product title into German.\nOutput: ","target_field":"HYZUO 13 Zoll Laptop H\u00fclle Tasche Laptoph\u00fclle Kompatibel mit MacBook Air 13,6 M2 A2681 2022, MacBook Air 13 M1 A2337 2018-2022, MacBook Pro 13 M2 A2686 M1 A2338 2016-2022, XPS 13, Dunkelgr\u00fcn"}
{"input_field":"A product entitled 'tonies\u00a0Audio Character for Toniebox, Paw Patrol: Marshall, Audio Book Story Collection for Children for Use with Toniebox Music Player\u00a0(Sold Separately)' exists on an online shopping website. Generate an adequate title for the product when it appears on a(n) German online shopping website.\nOutput: ","target_field":"tonies Audio Charakter f\u00fcr Toniebox, Paw Patrol: Marshall, H\u00f6rbuch Story Collection f\u00fcr Kinder zur Verwendung mit Toniebox Musik-Player (separat erh\u00e4ltlich)"}
{"input_field":"Translate the product title 'Minthouz USB C Car Charger, USB Type C Car Charger 38W Dual Port Fast Charging USB PD3.0&QC3.0 Power Adapter Compatible with iPhone 12 Mini\/Pro\/Pro Max,AirPods,iPad,Samsung S20,Note 20 and More - Gray' into German. \nOutput: ","target_field":"Minthouz Zigarettenanz\u00fcnder USB C Kfz Ladeger\u00e4t 38 W Dual-Port schnelles Aufladen PD3.0 & QC3.0 Auto Ladeger\u00e4t, Kompatibel mit iPhone 12 Mini\/Pro\/Pro Max, AirPods, iPad, Samsung S20, Note 20 und Mehr"}
{"input_field":"Translate the product title 'COM-FOUR\u00ae SWAT vest for adults - ideal for costumes, carnival, carnival, Halloween or bachelor party (01 piece - SWAT vest)' into German. \nOutput: ","target_field":"Wilhelm Sell\u00ae S.W.A.T. Weste f\u00fcr Erwachsene - Ideal f\u00fcr Kost\u00fcme, Fasching, Karneval, Halloween oder Junggesellenabschied (01 St\u00fcck - SWAT Weste)"}
{"input_field":"Translate the product title 'KADAX Ironing Board, Small, Folding Ironing Board for Steam Irons, 100.5 x 30 cm, Wide Ironing Surface, Height Adjustable, Extendable Iron Rack, Steam Ironing Board' into German. \nOutput: ","target_field":"KADAX B\u00fcgelbrett, Kleiner, klappbarer B\u00fcgeltisch f\u00fcr Dampfb\u00fcgeleisen, 100,5 x 30 cm, breite B\u00fcgelfl\u00e4che, h\u00f6henverstellbar, ausziehbare B\u00fcgeleisenablage, Dampfb\u00fcgeltisch"}
{"input_field":"A user found a product with title 'Parker Jotter Originals Ballpoint Pen | Classic Red Finish | Medium Point | Blue Ink' on an online shopping website. Please translate the product title into German.\nOutput: ","target_field":"Parker Jotter Originals Kugelschreiber | Klassisches Rot | Mittlere Spitze | Blau Tinte"}
{"input_field":"A user found a product with title 'MOSISO Laptop Sleeve Compatible with MacBook Air 13 inch M2 A2681 M1 A2337 A2179 A1932 2022-2018\/Pro 13 M2 M1 A2338 A2251 A2289 A1989 A1706 A1708, Neoprene Bag Cover with Small Case, Baby Pink' on an online shopping website. Please translate the product title into German.\nOutput: ","target_field":"MOSISO Laptop H\u00fclle Tasche Kompatibel mit MacBook Air 13 Zoll M2 A2681 M1 A2337 A2179 A1932 2022-2018\/Pro 13 Zoll M2 M1 A2338 A2251 A2289 A2159 A1989,Neopren Sleeve mit Klein Fall,Baby Rosa"}
{"input_field":"A user found a product with title 'TIKALONG Car Charger, 2.4A Metal Cigarette Lighter Adapter with 2 Lightning Cables, Dual-Port USB Socket with LED, Compatible with iPhone 13\/12\/11\/Pro Max\/mini\/SE\/XS\/XR\/X\/8\/7\/6 etc.' on an online shopping website. Please translate the product title into German.\nOutput: ","target_field":"TIKALONG Zigarettenanz\u00fcnder USB-Adapter mit 2 Lightning Kabeln, 2,4A 2-Port-Autoladeger\u00e4t aus Metall mit LED, Kfz-Handy-Ladeger\u00e4t Kompatibel mit iPhone 13\/12\/11\/Pro Max\/mini\/SE\/XS\/XR\/X\/8\/7\/6 usw."}
{"input_field":"A product entitled 'Smiffys Mini Tophat, Black, with Black Ribbon and FeatherLadies' exists on an online shopping website. Generate an adequate title for the product when it appears on a(n) German online shopping website.\nOutput: ","target_field":"Smiffys - Mini-Zylinderhut, Schwarz, mit schwarzem Band und Federdamen"}
{"input_field":"Translate the product title 'Crucial RAM 32GB DDR4 3200MHz CL22 (or 2933MHz or 2666MHz) Laptop Memory CT32G4SFD832A' into German. \nOutput: ","target_field":"Crucial RAM 32GB DDR4 3200MHz CL22 (2933MHz oder 2666MHz) Laptop Arbeitsspeicher CT32G4SFD832A"}
{"input_field":"Translate the product title 'Trimits Classic Knit Wooden Spinning Yarn and Thread Holder, Wood, Brown, 9 x 9 x 16 cm' into German. \nOutput: ","target_field":"Groves Holzspinn garn und Fadenhalter, Holz, Braun, 9 x 9 x 16 cm"}
{"input_field":"A user found a product with title 'Spigen Liquid Air Case Compatible with Galaxy Watch 5 Pro 45mm - Matte Black' on an online shopping website. Please translate the product title into German.\nOutput: ","target_field":"Spigen Liquid Air H\u00fclle Kompatibel mit Galaxy Watch 5 Pro 45mm (2022) -Schwarz"}
{"input_field":"A product entitled 'Disney Princess Royal Shimmer Ariel Doll, Fashion Doll with Skirt and Accessories, Toy for Kids Ages 3 and Up' exists on an online shopping website. Generate an adequate title for the product when it appears on a(n) German online shopping website.\nOutput: ","target_field":"Disney Prinzessinnen Schimmerglanz Arielle Puppe, Modepuppe mit Rock und Accessoires, Spielzeug f\u00fcr Kinder ab 3 Jahren"}
{"input_field":"A product entitled 'Ouwegaga Compatible With Apple Watch Strap 38mm 40mm 41mm 42mm 44mm 45mm 49mm, Stainless Steel Metal Straps Compatible with iWatch Strap SE Ultra\/Series 8 7 6 5 4 3 2 1, 42mm\/44mm\/45mm\/49mm Grey' exists on an online shopping website. Generate an adequate title for the product when it appears on a(n) German online shopping website.\nOutput: ","target_field":"Ouwegaga Kompatibel mit Apple Watch Armband 38mm 40mm 41mm 42mm 44mm 45mm 49mm, Ersatz Edelstahl Metall Armband Kompatibel mit iWatch Armband Series 8 7 6 5 4 3 2 1\/SE Ultra,42mm\/44mm\/45mm\/49mm Grau"}
{"input_field":"A product entitled 'Razer Kiyo Pro - USB Streaming Camera with High-Performance Light Sensor and Stand (Webcam, Full HD Video 1080P, 60 FPS, HDR, Wide-Angle Lens, Open Broadcaster Software, Xsplit) Black' exists on an online shopping website. Generate an adequate title for the product when it appears on a(n) German online shopping website.\nOutput: ","target_field":"Razer Kiyo Pro - USB Streaming Kamera mit Hochleistungslichtsensor und St\u00e4nder (Webcam, Full HD Video 1080p, 60 FPS, HDR, Weitwinkelobjektiv, Open Broadcaster Software, Xsplit) Schwarz"}
{"input_field":"A product entitled 'Optimum Nutrition Gold Standard Pre-Workout Shot, Food Supplement with Beta Alanine, Caffeine and Vitamin B6 and B12, Mixed Berry, 12-Pack, 12 x 60 ml' exists on an online shopping website. Generate an adequate title for the product when it appears on a(n) German online shopping website.\nOutput: ","target_field":"Optimum Nutrition Gold Standard Pre-Workout Shot, Nahrungserg\u00e4nzungsmittel mit Beta Alanin, Koffein und Vitamin B6 und B12, Mixed Berry, 12 x 60 ml Pack"}
{"input_field":"Translate the product title 'Apple Silicone Case with MagSafe (for iPhone 12 Pro Max) - Pistachio' into German. \nOutput: ","target_field":"Apple Silikon\u00a0Case mit MagSafe (f\u00fcr iPhone 12 Pro Max) - Pistazie"}
{"input_field":"A product entitled 'Logitech G PRO X SUPERLIGHT Wireless Gaming Mouse, HERO 25K Sensor, Ultra-light with 63g, 5 Programmable Buttons, 70 hours Battery Life, Zero Additive PTFE Feet, PC\/Mac - Black' exists on an online shopping website. Generate an adequate title for the product when it appears on a(n) German online shopping website.\nOutput: ","target_field":"Logitech G PRO X SUPERLIGHT kabellose Gaming-Maus mit HERO 25K Sensor, Ultra-leicht mit 63g, 5 programmierbare Tasten, 70 Stunden Akkulaufzeit, Zero Additive PTFE Feet, PC\/Mac - Schwarz"}
{"input_field":"A user found a product with title 'VOLKSLAND Hanging Organiser Over the Door, Shoe Racks, Shoe Storage, 24 Large Mesh Pockets Storagehanger for Bedroom Bathroom Closet, 59 X 21.6, Black' on an online shopping website. Please translate the product title into German.\nOutput: ","target_field":"VOLKSLAND H\u00e4ngender Organizer \u00fcber der T\u00fcr, Schuhregale, Schuhaufbewahrung, 24 gro\u00dfe Netztaschen Aufbewahrungsb\u00fcgel f\u00fcr Schlafzimmer Badezimmer Schrank, 59 x 21,6, Schwarz"}
{"input_field":"Translate the product title 'Spigen Rugged Armor Case Compatible with Google Pixel Buds Pro - Matte Black' into German. \nOutput: ","target_field":"Spigen Rugged Armor H\u00fclle Kompatibel mit Google Pixel Buds Pro - Schwarz"}
{"input_field":"Translate the product title 'Persona 5 Royal (PlayStation 5)' into German. \nOutput: ","target_field":"Persona 5 Royal (PlayStation 5)"}
