{"input_field":"A product entitled 'LEGO 31100 Creator 3in1 Sports Car Toy - Hot Rod - Plane Building Set, Toys for 7 Plus Years Old Boys and Girls' exists on an online shopping website. Generate an adequate title for the product when it appears on a(n) Spanish online shopping website.\nOutput: ","target_field":"LEGO 31100 Creator 3en1 Deportivo, B\u00f3lido o Avi\u00f3n, Set de construcci\u00f3n y Juguetes para Ni\u00f1os y Ni\u00f1as 6 a\u00f1os"}
{"input_field":"Translate the product title 'CeMiKa Compatible with Apple Watch Strap 41mm 40mm 38mm, Silicone Sport Band Replacement Straps Compatible with Apple Watch Ultra, iWatch Series 8 7 6 SE 5 4 3 2 1, Small, White' into Spanish. \nOutput: ","target_field":"CeMiKa Compatible con Apple Watch Correa 38mm 40mm 41mm 42mm 44mm 45mm 49mm, Deportivas de Silicona Correas de Repuesto para iWatch Series 8 7 6 5 4 3 2 1 SE Ultra, 38mm\/40mm\/41mm-S\/M, Blanco"}
{"input_field":"Translate the product title 'Kinderkraft Car Seat COMFORT UP, Booster Child Seat, with 5 Point Harness, Adjustable Headrest, for Toddlers, Infant, Group 1\/2\/3, 9-36 Kg, Up to 12 Years, Safety Certificate ECE R44\/04, Navy' into Spanish. \nOutput: ","target_field":"Kinderkraft Silla de Coche Ajustable COMFORT UP, Grupo 1\/2\/3, 9-36 Kg, Azul"}
{"input_field":"A user found a product with title 'Janod - Magneti'Book Dinosaurs - 50-Part Educational Magnetic Game Teaches Fine Motor Skills and Imagination - Fsc Certified - Suitable for Ages 3 and Up, J02590' on an online shopping website. Please translate the product title into Spanish.\nOutput: ","target_field":"Janod - Magneti'Book Dinosaurios - Juego Educativo Magn\u00e9tico de 50\u00a0Piezas - Desarrolla la Motricidad Fina y la Imaginaci\u00f3n - Certificado FSC\u00ae - A partir de 3\u00a0A\u00f1os, J02590"}
{"input_field":"A user found a product with title 'Amazon Basics HDMI to VGA Adapter' on an online shopping website. Please translate the product title into Spanish.\nOutput: ","target_field":"Amazon Basics-Adaptador de HDMI a VGA"}
{"input_field":"A product entitled 'Sony LinkBuds S Truly Wireless Noise Cancelling Headphones - Ultra light for All-day Comfort with Crystal clear call quality - Up to 20 hours battery life with charging case - White' exists on an online shopping website. Generate an adequate title for the product when it appears on a(n) Spanish online shopping website.\nOutput: ","target_field":"Auriculares LinkBuds S True Wireless de Sony con Noise Cancelling, Ultraligeros para llevarlos c\u00f3modamente todo el d\u00eda, Calidad de llamada cristalina, Hasta 20H de bater\u00eda con estuche de carga, Blanco"}
{"input_field":"Translate the product title 'EUDEMON Childproof Door Lever Lock, Baby Safety Door Handle Lock, Easy to Install and Use 3M VHB Adhesive no Tools Need or Drill (White, 2 Pack)' into Spanish. \nOutput: ","target_field":"EUDEMON Cerradura de la manija de la puerta de seguridad para ni\u00f1os, f\u00e1cil de instalar y usar adhesivo 3M VHB, no se requieren herramientas ni taladros (Blanco, 2 Piezas)"}
{"input_field":"Translate the product title 'JBL Quantum 100 Wired Over-Ear Gaming Headset with Boom Mic, Multi-Platform Compatible, in Black' into Spanish. \nOutput: ","target_field":"JBL Quantum 100 Auriculares para gamers con sonido QuantumSOUND, micr\u00f3fono Boom y, dise\u00f1o ligero y c\u00f3modo a la par que llamativo, compatible con m\u00faltiples plataformas, en negro"}
{"input_field":"Translate the product title 'Optimum Nutrition Gold Standard Whey Muscle Building and Recovery Protein Powder With Naturally Occurring Glutamine and Amino Acids, Cereal Milk, 899 g, 29 Servings, Packaging May Vary' into Spanish. \nOutput: ","target_field":"Optimum Nutrition Gold Standard 100% Whey Prote\u00edna en Polvo, Glutamina y Amino\u00e1cidos Naturales, BCAA, Leche con Cereales, 29 Porciones, 899 g, Embalaje Puede Variar"}
{"input_field":"A product entitled 'nonda USB C to USB Adapter(2 Pack),USB-C to USB 3.0 Adapter,USB Type-C to USB,Thunderbolt 3 to USB Female Adapter OTG for MacBook Pro 2019\/2018\/2017,MacBook Air 2018,Surface Go,and More Type-C Devices' exists on an online shopping website. Generate an adequate title for the product when it appears on a(n) Spanish online shopping website.\nOutput: ","target_field":"nonda Adaptador USB C a USB 3.0 (2 Pack), Adaptador USB-C a USB, USB Tipo-C a USB, Thunderbolt 4\/3 a Adaptador USB Hembra para MacBook Pro 2021, MacBook Air 2022, iPad Pro iMac 2021, Otros Tipo C"}
{"input_field":"A product entitled 'URAQT Hair Spray Bottle, Continuous Water Mister Empty Spray Bottle, Salon Hairdressing Spray Bottle, Multifunctional Fine Mist Water Spray Bottle for Plants, Pets, Home Clean, 200ML' exists on an online shopping website. Generate an adequate title for the product when it appears on a(n) Spanish online shopping website.\nOutput: ","target_field":"URAQT Botella Pulverizador Agua Peluqueria, 200ml Fina Niebla Pulverizador Continuo, Botella de Spray para el Cabello Recargable, Frascos de Spray Vacio para Peinado, Plantas, Mascotas, Limpieza"}
{"input_field":"A user found a product with title 'Royal Walk Windproof Folding Travel Umbrella Compact and Strong Luxurious Real Wood Handle Automatic Open Close Vented Double Canopy for Men and Women (Black)' on an online shopping website. Please translate the product title into Spanish.\nOutput: ","target_field":"Royal Walk Paraguas Plegable Antiviento para Hombre y Mujer Apertura y Cierre Autom\u00e1tico, Compacto y Fuerte, Mango de Madera Real de Lujo, Paraguas Resistente al Viento Reflectante con Doble Cubierta"}
{"input_field":"Translate the product title 'Luclay Halloween Mask LED Light up Mask with 3 lighting modes, Scary and Rave Face Mask for Halloween Cosplay carnival festival party (Glowing Blue)' into Spanish. \nOutput: ","target_field":"Luclay Mascaras Halloween LED, Mascara la Purga con 3 modos de iluminaci\u00f3n, m\u00e1scara facial aterradora y rave para la fiesta del festival de carnaval de Halloween Cosplay (Glowing Blue)"}
{"input_field":"Translate the product title 'Rimmel London Match Perfection Foundation SPF20, 100 Ivory' into Spanish. \nOutput: ","target_field":"Rimmel London Match Perfection Foundation Base de Maquillaje Tono 100 Ivory - 30 ml"}
{"input_field":"Translate the product title 'elago Liquid Silicone Case Compatible with iPhone 13 Pro Case (6.1\"), Premium Silicone, Full Body Protection - 3 Layer Shockproof Phone Cover, Anti-Scratch Soft Microfiber Lining (Midnight Green)' into Spanish. \nOutput: ","target_field":"elago Silicona L\u00edquida Funda Compatible con iPhone 13 Pro Case (6.1\"), Silicona Premium, Protecci\u00f3n Completa - Prueba de Golpes, Anti-Ara\u00f1azos Revestimiento de Microfibra Suave (Verde Noche)"}
{"input_field":"A product entitled 'New Bee Bluetooth Earpiece Wireless Bluetooth Headset Handsfree in Ear with Clear Voice Capture Technology Bluetooth In-Ear Headset for iPhone Samsung Huawei HTC, Sony, etc' exists on an online shopping website. Generate an adequate title for the product when it appears on a(n) Spanish online shopping website.\nOutput: ","target_field":"New Bee Manos Libres Auricular Bluetooth Auricular inal\u00e1mbrico Bluetooth Mano Libre con tecnolog\u00eda de Captura de Voz Clara Auricular Bluetooth para iPhone Samsung Huawei Sony, etc (Negro)"}
{"input_field":"Translate the product title 'Spigen Ultra Hybrid Hard Clear Back [Long Lasting Clarity] [Military Grade Shockproof] Case Compatible with iPhone 14 Pro Max - Abyss Green' into Spanish. \nOutput: ","target_field":"Spigen Funda Ultra Hybrid Compatible con iPhone 14 Pro MAX - Abyss Verde"}
{"input_field":"A product entitled 'A4 FBA Labels, 1 per Page; Pack Suitable for Product Self Adhesive Labels. for Inkjet or Laser. (1 per Sheet \/ 100 Sheets)' exists on an online shopping website. Generate an adequate title for the product when it appears on a(n) Spanish online shopping website.\nOutput: ","target_field":"Etiquetas A4 1por hoja; Paquete adecuado para etiquetas de c\u00f3digo de barras autoadhesivas de productos de Log\u00edstica de Amazon. Para inyecci\u00f3n de tinta o l\u00e1ser."}
{"input_field":"A product entitled 'LAPMART Retractable Vampire Zombie Fangs, Reusable Vampire Fangs With Box Halloween Cosplay Costume Party Dentures Decoration Scary Creepy Retractable Braces for Kids\/Adults, White' exists on an online shopping website. Generate an adequate title for the product when it appears on a(n) Spanish online shopping website.\nOutput: ","target_field":"Colmillos de Zombi retr\u00e1ctiles, Colmillos de Vampiro Reutilizables con Caja, Disfraz de Halloween, decoraci\u00f3n de dentaduras dentadas, espeluznantes y espeluznantes retr\u00e1ctiles"}
{"input_field":"A user found a product with title 'Amazon Basics Mini DisplayPort to HDMI Cable - 3 m (10 Feet)' on an online shopping website. Please translate the product title into Spanish.\nOutput: ","target_field":"Amazon Basics - Cable adaptador Mini DisplayPort a HDMI (3 m)"}
{"input_field":"A product entitled 'Silkland 4K HDMI Cable 2M, 4K HDMI Lead, Support 4K@60Hz, ARC, HDR, 3D, Ethernet, Ultra High Speed 2M HDMI Cable, Compatible with TV, Blu-Ray, PS4\/5, Xbox, Projector, Soundbar, Sky, PC, Laptop' exists on an online shopping website. Generate an adequate title for the product when it appears on a(n) Spanish online shopping website.\nOutput: ","target_field":"Cable HDMI 4K 2 Metros, Silkland Cable HDMI 2.0 4K HDR, Soporte ARC, 3D, 4K@60Hz, 2K@144Hz, 1080P, Ethernet, HDMI Cable 2 Metros Compatible con 4K UHD TV, BLU-Ray, PS4\/5, Xbox One\/360, Proyector"}
{"input_field":"A user found a product with title 'NUK Mini Magic Cup Sippy Cup | 360\u00b0 Anti-Spill Rim | 6+ Months | Easy Grip Handles | BPA-Free | 160 ml | Blue Ladybird,10255605' on an online shopping website. Please translate the product title into Spanish.\nOutput: ","target_field":"NUK Mini Magic 10255605 - Taza de entrenamiento para sorber | borde antiderrames de 360\u00b0 | para beb\u00e9s a partir de 6 meses | asas de f\u00e1cil agarre | sin BPA | 160 ml | motivo de mariquitas"}
{"input_field":"A product entitled 'Skipping Rope, Gritin Speed Jump Rope, Tangle-free Adjustable Rope, Rapid Ball Bearings & Soft Foam Handle Design, Lightweight for Adults, Kids, Fitness, Fat Burning [Rope Length Adjuster Included]' exists on an online shopping website. Generate an adequate title for the product when it appears on a(n) Spanish online shopping website.\nOutput: ","target_field":"Cuerda para Saltar, Gritin Cuerda de Salto Ajustable Sin Enredos de Alta Velocidad con Rodamientos de Bolas R\u00e1pidos y Mango de Espuma Suave para Hombre, Mujer, Fitness, Boxeo, Ejercicio-2.8M"}
{"input_field":"Translate the product title 'Garmin fenix 6 Pro, Ultimate Multisport GPS Watch, Features Mapping, Music, Grade-Adjusted Pace Monitoring and Pulse Ox Sensors, Black with Black Band' into Spanish. \nOutput: ","target_field":"Garmin Fenix \u200b\u200b6 Pro, reloj GPS multideporte definitivo, funciones de mapeo, m\u00fasica, monitoreo de ritmo ajustado por grado y sensores de pulso, negro con banda negra"}
{"input_field":"Translate the product title 'VOVIPO Universal 6-6.8 Inch kindle paperwhite E-reader Protective Case,Folio Cover Compatible With BQ Kobo Kindle Sony Pocketook Tolino 6-6.8inch Ereader-Apricot Flower' into Spanish. \nOutput: ","target_field":"VOVIPO Funda Protectora Universal para Lector electr\u00f3nico de 6-6.8 Pulgadas, Funda Folio Compatible con BQ Kobo Kindle Paperwhite Sony Pocketook Tolino Ereader de 6-6.8 Pulgadas-Apricot Flower"}
{"input_field":"A user found a product with title 'Loop Quiet - Ear Plugs for Sleep \u2013 Super Soft, Reusable Hearing Protection in Flexible Silicone for Noise Reduction & Flights - 8 Ear Tips in XS\/S\/M\/L \u2013 27dB Noise Cancelling - Mint' on an online shopping website. Please translate the product title into Spanish.\nOutput: ","target_field":"Loop Quiet - Tapones O\u00eddos para dormir \u2013 Protecci\u00f3n Auditiva de Silicona Suave Reutilizables + 8 Puntas para los Oidos en XS\/S\/M\/L - Reducci\u00f3n Sonido 27dB - Antiruido, Estudiar - Menta"}
{"input_field":"A user found a product with title 'SanDisk Ultra Fit 64GB USB 3.1 Flash Drive up to 130MB\/s read' on an online shopping website. Please translate the product title into Spanish.\nOutput: ","target_field":"SanDisk Ultra Fit, Memoria flash USB 3.1 de 64 GB con hasta 130 MB\/s de velocidad de lectura, Tradicional, Color Negro"}
{"input_field":"Translate the product title '[3 Pack] NEW'C Designed for iPhone 12\/12 Pro (6.1\") Screen Protector Tempered Glass, Case Friendly Anti Scratch Bubble Free Ultra Resistant' into Spanish. \nOutput: ","target_field":"NEW'C 3 Piezas, Protector Pantalla para iPhone 12\/12 Pro (6.1), Cristal templado Antiara\u00f1azos, Antihuellas, Sin Burbujas, Dureza 9H, 0.33 mm Ultra Transparente, Ultra Resistente"}
{"input_field":"Translate the product title 'HOMVILLA Digital Alarm Clock with Big LED Temperature Display, Portable Mirror Alarm with Dual Alarm Snooze Time 4 Levels Adjustable Brightness Dimmer 13 Music USB Charging Port for Bedside, Bedroom' into Spanish. \nOutput: ","target_field":"HOMVILLA Reloj Despertador Digital con Pantalla LED de Temperatura, Alarma de Espejo Port\u00e1til con Alarma Doble Tiempo de Repetici\u00f3n 4 Niveles de Brillo Regulable 13 M\u00fasica Despertadores Digitales"}
{"input_field":"A product entitled 'Hantoc 12 Packs Cat Water Fountain Filters, Replacement Pet Water Fountain Filters 1.6L for Flower Fountains Replacement Filters with Resin and Active Carbon for Drinking Fountains' exists on an online shopping website. Generate an adequate title for the product when it appears on a(n) Spanish online shopping website.\nOutput: ","target_field":"Hantoc 12 Piezas Filtros Fuente Gatos, Filtros de Repuesto de Fuentes de Agua Gato\/Perro 1,6L Filtros Fuente de Fuentes de Mascotas con Resina y Carb\u00f3n Activo para Fuentes de Flores Redondo"}
{"input_field":"Translate the product title '2Pack USB C Fast Charging Cable 10Gbps Data Belker USB A Android Auto Cable QC3.0 3A Fast Charger Data Transfer Cable USB3.2 Gen2 for Samsung Note20 Galaxy S22\/S21\/S20 Galaxy Z Flip4 Tab S8 Pixel 7 1M' into Spanish. \nOutput: ","target_field":"Paquete de 2 Cables USB C de Carga r\u00e1pida 10Gbps Data Belker USB A Android Auto Cable QC3.0 3A Cable de Transferencia de Datos para Samsung Note20 Galaxy S21 Galaxy Z Flip3 Pixel 6 1M\/3.3ft"}
{"input_field":"A product entitled 'Paula's Choice Skin Perfecting 2% BHA Liquid Exfoliant - Face Exfoliating Peel Fights Blackheads & Enlarged Pores - with Salicylic Acid - Combination & Oily Skin - 30 ml' exists on an online shopping website. Generate an adequate title for the product when it appears on a(n) Spanish online shopping website.\nOutput: ","target_field":"Paula's Choice Skin Perfecting 2% BHA Exfoliante Liquido - Peeling Facial Combate los Puntos Negros, Poros Dilatados, Espinillas y Acne - con \u00c1cido Salic\u00edlico - Piel Mixta a Grasa - 30 ml"}
{"input_field":"A user found a product with title 'Morpilot Cat Carrier Backpack, Foldable Pet Backpack Carrier for Cats and Small Dogs, Breathable Dog Carrier Backpack with Inner Safety Leash + Folding Dog Bowl, Ideal for Hiking Traveling Outdoor Use' on an online shopping website. Please translate the product title into Spanish.\nOutput: ","target_field":"morpilot Mochila Gato, Mochila Transportin Perro Plegable para Gatos y Perros Peque\u00f1os, Bolsa de Transporte Transpirable con Correa de Seguridad Interior + Taz\u00f3n, Ideal para Viajes, Uso al Aire Libre"}
{"input_field":"Translate the product title 'CRY BABIES MAGIC TEARS Happy Flowers | Mini Cry Baby Surprise Doll with 9 Accessories, Real Tears and Smells Like Flowers | Doll for Girls and Boys +3 Years Old' into Spanish. \nOutput: ","target_field":"BEB\u00c9S LLORONES L\u00c1GRIMAS M\u00c1GICAS Happy Flowers | Mini beb\u00e9 llor\u00f3n Sorpresa Que llora L\u00e1grimas de Verdad y huele a Flor con 9 Accesorios - Mu\u00f1eca para ni\u00f1as y ni\u00f1os +3 A\u00f1os"}
{"input_field":"Translate the product title 'Duracell Specialty 2032 Lithium Coin Battery 3V, pack of 8, with Baby Secure Technology and suitable for keyfobs, scales, wearables and medical devices (DL2032\/CR2032) [Amazon exclusive]' into Spanish. \nOutput: ","target_field":"Duracell - Pilas de bot\u00f3n de litio 2032 de 3 V, paquete de 8, con Tecnolog\u00eda Baby Secure, para uso en llaves con sensor magn\u00e9tico, b\u00e1sculas, elementos vestibles, dispositivos m\u00e9dicos (DL2032\/CR2032)"}
{"input_field":"A user found a product with title 'MASBRILL Light Up Dog Collar, LED Dog Collar Lights for the Dark, Rechargeable and Waterproof Flashing Dog Collars with 3 Glowing Modes, Adjustable Pet Collar for Small\/Medium\/Large Dog(Red M)' on an online shopping website. Please translate the product title into Spanish.\nOutput: ","target_field":"MASBRILL Collar Luminoso Perro de Mascota, 3 Modos Collar Perro Luz con Recargable y Impermeable, Ajustable Collares LED para Perros Peque\u00f1os\/Medianos\/Grandes(Rojo M)"}
{"input_field":"A user found a product with title 'MR.SIGA Premium Microfiber Cleaning Cloths for Lens, Eyeglasses, Screens, Tablets, Glasses, 6 Pack, 6 x 7 inches (15 x 18 cm)' on an online shopping website. Please translate the product title into Spanish.\nOutput: ","target_field":"MR.SIGA Pa\u00f1os de Limpieza de Microfibra para Lentes, Gafas, Pantallas, tabletas, anteojos (6 Unidades)"}
{"input_field":"Translate the product title 'CS COSDDI Travel Mugs, Insulated Coffee Cup with Leakproof Lid - Reusable Coffee Cups Travel - Car Coffee Cup - Stainless Steel Thermal Mug for Hot and Cold Coffee Water and Tea (Blue-A, 380 ml)' into Spanish. \nOutput: ","target_field":"CS COSDDI Tazas de viaje aisladas con tapa a prueba de fugas, tazas de caf\u00e9 reutilizables, taza de caf\u00e9 para coche, taza t\u00e9rmica de acero inoxidable para agua caliente y fr\u00eda y t\u00e9 de 380 ml (azul-A)"}
{"input_field":"Translate the product title 'Thermal Grizzly Kryonaut Extreme W\u00e4rmeleitpaste - 2 Gramm' into Spanish. \nOutput: ","target_field":"Thermal Grizzly Kryonaut Extreme W\u00e4rmeleitpaste - 2 Gramm"}
{"input_field":"A user found a product with title 'Amazon Brand - Umi Computer Desk Small Office Desk Work Table PC Study Writing Desk for Home Office - 90x50x84.5cm, Light Oak and Dark Grey' on an online shopping website. Please translate the product title into Spanish.\nOutput: ","target_field":"Amazon Brand - Umi Escritorio para Computadora Muebles de Oficina Mesa de PC Trabajo Mesa de Ordenador con Estante Metal y MDF - 90x50x84,5cm, Roble Claro y Gris Oscuro"}
{"input_field":"Translate the product title 'Amazon Basics Adjustable Cell Phone Stand | Black' into Spanish. \nOutput: ","target_field":"Amazon Basics \u2013 Soporte ajustable para tel\u00e9fono m\u00f3vil | Negro"}
{"input_field":"Translate the product title 'USB C Cable 5A [2Pack\/1M+2M], NIMASO USB Type C 40W Huawei Superfast Charging Charger Data Cable Lead for Huawei P40 Pro, P20, P30 Pro, P30, Mate 20 Pro, Mate 20, Mate 20 RS, nova 5 Pro, Honor 20' into Spanish. \nOutput: ","target_field":"NIMASO Huawei Cable USB C 5A[2 Pack\/1M+2M],Cable USB Tipo C Carga R\u00e1pida y Sincronizaci\u00f3n para Huawei P40,P40 Pro,P40 Pro+,P40 Lite,P30 Pro,P30,P20 Lite,P20,Mate 20 Pro,Mate30,Mate20 RS,nova5 Pro"}
{"input_field":"A user found a product with title 'SONGMICS Baby Hangers, Pack of 50 kid\u2019s Velvet Hangers with Rose Gold Hooks, Non-Slip Children\u2019s Hangers for Clothes in Closet, Baby or Children's Coats, White CRF027W01' on an online shopping website. Please translate the product title into Spanish.\nOutput: ","target_field":"SONGMICS Perchas Infantiles, Paquete de 50, Perchas de Terciopelo con Ganchos de Oro Rosa, Perchas Infantiles Antideslizantes para Ropa del Armario, Abrigos para Beb\u00e9s o Ni\u00f1os, Blanco CRF027W01"}
{"input_field":"Translate the product title 'Utopia Towels 8 Piece Towel Set - 2 Bath Towels, 2 Hand Towels and 4 Washcloths Cotton Hotel Quality Super Soft and Highly Absorbent (Grey)' into Spanish. \nOutput: ","target_field":"Utopia Towels - Juego de Toallas Premium de 8 Piezas; 2 Toallas de ba\u00f1o, 2 Toallas de Mano y 4 toallitas - Algod\u00f3n - Calidad del Hotel, s\u00faper Suave y Altamente Absorbente (Gris)"}
{"input_field":"A product entitled 'Blink Mini | Compact indoor plug-in smart security camera, 1080p HD day and night video, night vision, motion detection, two-way audio, easy setup, Works with Alexa \u2014 1 camera (White)' exists on an online shopping website. Generate an adequate title for the product when it appears on a(n) Spanish online shopping website.\nOutput: ","target_field":"Blink Mini | C\u00e1mara de seguridad inteligente compacta, interior, cableada, v\u00eddeo HD 1080p, detecci\u00f3n de movimiento, audio bidireccional, f\u00e1cil de configurar, compatible con Alexa | 1 c\u00e1mara (blanco)"}
{"input_field":"A product entitled 'Amazon Basics LED E14 Small Edison Screw Candle Bulb, 5W (equivalent to 40W), Warm White, Dimmable- Pack of 2' exists on an online shopping website. Generate an adequate title for the product when it appears on a(n) Spanish online shopping website.\nOutput: ","target_field":"Amazon Basics Bombilla LED E14, 5W (equivalente a 40W), Blanco C\u00e1lido, Regulable- 2 unidades"}
{"input_field":"A product entitled 'Ann Clark Cookie Cutters 3-Piece Halloween Cookie Cutter Set with Recipe Booklet, Bat, Pumpkin and Ghost' exists on an online shopping website. Generate an adequate title for the product when it appears on a(n) Spanish online shopping website.\nOutput: ","target_field":"Ann Clark Cookie Cutters Juego de 3 cortadores de galletas Halloween con libro de recetas, murci\u00e9lago, calabaza y fantasma - Acero fabricado en EE.\u00a0UU."}
{"input_field":"A user found a product with title '[3 Pack] NEW'C Designed for iPhone 11 Pro Max and iPhone XS Max (6.5\") Screen Protector Tempered Glass, Case Friendly Anti Scratch Bubble Free Ultra Resistant' on an online shopping website. Please translate the product title into Spanish.\nOutput: ","target_field":"NEW'C 3 Piezas, Protector Pantalla para iPhone 11 Pro MAX y iPhone XS MAX (6.5), Cristal templado Antiara\u00f1azos, Antihuellas, Sin Burbujas, Dureza 9H, 0.33 mm Ultra Transparente, Ultra Resistente"}
{"input_field":"A user found a product with title 'CENHUFO for Samsung A04S Case\/Samsung A13 5G Case (Not fit A13 4G), Built-in Screen Protector 360 Full Body Protective Rugged Bumper Phone Shockproof Case for Samsung Galaxy A13 5G\/Samsung Galaxy A04S' on an online shopping website. Please translate the product title into Spanish.\nOutput: ","target_field":"CENHUFO Funda Samsung A04s, Funda Samsung A13 5G (NO 4G), Carcasa Antigolpes 360 Grados con Protector de Pantalla Integrado Robusto Doble Cara Case Funda para Samsung Galaxy A13 5G \/ A04s - Negro"}
{"input_field":"A user found a product with title 'ANSIO Tarpaulin 1.5m x 6m \/ 5ft x 20ft Tarpaulin Waterproof Sheet 140g\/m\u00b2 - Green' on an online shopping website. Please translate the product title into Spanish.\nOutput: ","target_field":"ANSIO Lona alquitranada 1.5m x 6m \/ 5 pies x 20 pies, S\u00e1bana Impermeable Lona alquitranada, 140 g\/m\u00b2 - Verde"}
{"input_field":"A user found a product with title 'Crethink 5 Pieces Christmas Cookie Cutter - Gingerbread Man, Christmas Tree, Snowflake, Santa Head - Stainless Steel Xmas Cookie Cutters for Baking' on an online shopping website. Please translate the product title into Spanish.\nOutput: ","target_field":"Crethink Cortador de galletas navide\u00f1as de 5 piezas - Hombre de pan de jengibre, \u00e1rbol de Navidad, copo de nieve, mu\u00f1eco de nieve, cara de Pap\u00e1 Noel y renos"}
{"input_field":"Translate the product title 'JETech Screen Protector for iPad 9 \/ 8 \/ 7 (10.2-Inch, 2021 \/ 2020 \/ 2019 Model, 9th \/ 8th \/ 7th Generation), Tempered Glass Film' into Spanish. \nOutput: ","target_field":"JETech Protector de Pantalla Compatible con iPad 9\/8\/7 (10,2 Pulgadas, 2021\/2020\/2019 Modelo, 7\u00aa\/8\u00aa\/9\u00aa Generaci\u00f3n), Cristal Vidrio Templado"}
{"input_field":"A user found a product with title 'CeMiKa Compatible with Apple Watch Strap 38mm 40mm 41mm, Silicone Sport Band Replacement Straps Compatible with Apple Watch Ultra, iWatch Series 8 7 6 SE 5 4 3 2 1, Large, Blue' on an online shopping website. Please translate the product title into Spanish.\nOutput: ","target_field":"CeMiKa Compatible con Apple Watch Correa 38mm 40mm 41mm 42mm 44mm 45mm 49mm, Deportivas de Silicona Correas de Repuesto para iWatch Series 8 7 6 5 4 3 2 1 SE Ultra, 38mm\/40mm\/41mm-M\/L, Azul"}
{"input_field":"Translate the product title 'Kingston DataTraveler Exodia DTX\/128GB Flash Drive USB 3.2 Gen 1 - with Protective Cap and Keyring in Multiple Colours' into Spanish. \nOutput: ","target_field":"Kingston DataTraveler Exodia DTX\/128GB Flash Drive USB 3.2 Gen 1 - with Protective Cap and Keyring in Multiple Colours"}
{"input_field":"A user found a product with title 'SONGMICS Clothes Rack on Wheels, Heavy Duty Clothes Rail, with Extendable Hanging Rail, 90 kg Load Capacity, Easy Assembly, Portable, Silver HSR13S' on an online shopping website. Please translate the product title into Spanish.\nOutput: ","target_field":"SONGMICS Burro Ropa con Ruedas, Perchero Burro Extensible con Carga Pesada, Capacidad de Carga M\u00e1x. de 90 kg, F\u00e1cil de Montar, Port\u00e1til, Plata HSR13S"}
{"input_field":"A user found a product with title 'EasyULT USB C to USB 3.0 Adapter, Type-C to USB A Adapter, Thunderbolt 4\/3 to USB Adapter OTG, Compatible for MacBook Pro 2020\/19\/18\/17, MacBook Air 2020, Samsung Notebook 9-Black' on an online shopping website. Please translate the product title into Spanish.\nOutput: ","target_field":"EasyULT Adaptador USB C a USB 3.0, Tipo-C a USB 3.0 Adaptador con OTG, Adaptador Thunderbolt 3 a USB de Aluminio, Compatible con MacBook Pro 2020\/19\/18, MacBook Air 20\/19\/18(Negro)"}
{"input_field":"A product entitled 'Amazon Brand - Happy Belly Select Colombia Coffee Beans, 1Kg (2 Packs x 500gr) - Rainforest Alliance Certified' exists on an online shopping website. Generate an adequate title for the product when it appears on a(n) Spanish online shopping website.\nOutput: ","target_field":"Marca Amazon - Happy Belly Select Granos de caf\u00e9 Colombia, 1 kg (2x500g) - Certificado por Rainforest Alliance"}
{"input_field":"Translate the product title 'Logitech G435 LIGHTSPEED & Bluetooth Wireless Gaming Headset, Ultra Lightweight 165g over-ear headphones, built-in mics, 18h battery, compatible with Dolby Atmos, PC, PS4, PS5, Nintendo Switch - Black' into Spanish. \nOutput: ","target_field":"Logitech G435 Auriculares Inal\u00e1mbricos LIGHTSPEED para Gaming, Ligeros, micr\u00f3fono integrado, Bater\u00eda de 18 horas, Compatibles con Dolby Atmos, Bluetooth, PC, PS4, PS5, M\u00f3vil, Nintendo Switch - Negro"}
{"input_field":"A user found a product with title 'Philips Racing Vision GT200 H7 Headlight Bulb +200%, Double Set,' on an online shopping website. Please translate the product title into Spanish.\nOutput: ","target_field":"Philips Bombilla para faros delanteros RacingVision GT200 H7 +200%, juego doble"}
{"input_field":"A user found a product with title 'Optimum Nutrition Serious Mass Protein Powder High Calorie Mass Gainer with Vitamins, Creatine and Glutamine, Chocolate, 16 Servings, 5.45 kg' on an online shopping website. Please translate the product title into Spanish.\nOutput: ","target_field":"Optimum Nutrition Serious Mass Proteina en Polvo, Mass Gainer Alto en Prote\u00edna, con Vitaminas, Creatina y Glutamina, Chocolate, 16 Porciones, 5,45kg, Embalaje Puede Variar"}
{"input_field":"Translate the product title 'Dr Brown's Options+ Anti-Colic Baby Bottles, Four Pack, 270 ml Bottles' into Spanish. \nOutput: ","target_field":"Dr Brown's Options+ Biberones antic\u00f3licos, paquete de 4, botellas de 270\u00a0ml"}
{"input_field":"Translate the product title '100 Pairs Earplugs for Noise Cancelling Ultra Soft Foam Ear Plugs for Sleeping Snoring Noise Cancel Reusable Earplugs' into Spanish. \nOutput: ","target_field":"100 pares de tapones para los o\u00eddos para cancelaci\u00f3n de ruido de espuma ultra suave para dormir ronquidos Cancelar ruido tapones reutilizables"}
{"input_field":"A product entitled 'The Hunger of the Wolf Dry Dog Food - For Large or Giant Breeds, Formula Good for Joint Health with Chicken, Adult - 3kg' exists on an online shopping website. Generate an adequate title for the product when it appears on a(n) Spanish online shopping website.\nOutput: ","target_field":"The Hunger of the Wolf Alimento seco para perros de razas grandes y gigantes, f\u00f3rmula con pollo indicada para la salud de las articulaciones - 3kg"}
{"input_field":"A user found a product with title 'Logitech Pebble Wireless Mouse with Bluetooth or 2.4 GHz Receiver, Silent, Slim Computer Mouse with Quiet Clicks For Laptop, Notebook, iPad, PC and Mac - Blueberry' on an online shopping website. Please translate the product title into Spanish.\nOutput: ","target_field":"Logitech Pebble Rat\u00f3n inal\u00e1mbrico con Bluetooth o receptor 2.4 GHz, silencioso, rat\u00f3n delgado, clics silenciosos para ordenador port\u00e1til, bloc de notas, iPad, PC y Mac, Ar\u00e1ndano"}
{"input_field":"Translate the product title 'Bosch -W5W (- 501) LED Retrofit car light bulbs - 6 000 K 12 V 1 W W2,1x9,5d - 2 bulbs' into Spanish. \nOutput: ","target_field":"Bosch -W5W LED Retrofit L\u00e1mparas para veh\u00edculos - 6 000 K 12 V 1 W W2,1x9,5d - L\u00e1mparas x2"}
{"input_field":"Translate the product title 'Google Pixel 6a \u2013 Unlocked Android 5G Smartphone with 12 megapixel camera and 24-hour battery \u2013 Sage' into Spanish. \nOutput: ","target_field":"Google Pixel 6a: smartphone 5G Android libre con c\u00e1mara de 12 megap\u00edxeles y bater\u00eda de 24 horas de duraci\u00f3n, de color Salvia"}
{"input_field":"A product entitled 'sprecenk Wardrobe Clothes Storage Organiser, 9 Grids Closet Drawer Organisers Dividers, 2PCS Foldable Jeans Storage Organiser Box for T-shirts, Shorts, Skirts and Baby Clothes, Grey' exists on an online shopping website. Generate an adequate title for the product when it appears on a(n) Spanish online shopping website.\nOutput: ","target_field":"sprecenk Organizador Armario Ropa, 9 Rejillas Cajas Organizadoras Armarios, 2 Piezas Plegable Separador Cajones Organizador Para Camisetas, Pantalones Cortos, Faldas y Ropa de Beb\u00e9, Gris"}
{"input_field":"A product entitled 'Snazaroo Classic Face and Body Paint, Bright Yellow, 18.8g Professional Water Based, Single Cake Makeup Supplies for Adults, Kids and Special FX' exists on an online shopping website. Generate an adequate title for the product when it appears on a(n) Spanish online shopping website.\nOutput: ","target_field":"Snazaroo - Pintura facial y corporal, 18 ml, color amarillo brillante, profesional a base de agua, pastilla de aquacolor individual para adultos, ni\u00f1os y efectos especiales"}
{"input_field":"A user found a product with title 'Hair Spray Bottle, Uervoton Continuous Water Mister Spray Bottle Empty, Aerosol Fine Mist Curly Hair Spray Bottle for Taming Hair in Morning, Hairstyling, Plants, Pets, Cleaning-5.4oz\/160ml (Black)' on an online shopping website. Please translate the product title into Spanish.\nOutput: ","target_field":"Botella de spray para el cabello, Uervoton botella de spray de agua continua vac\u00eda, masticando el cabello por la ma\u00f1ana, peinado, plantas, mascotas, limpieza 160 ml Frascos de spray (Negro)"}
{"input_field":"A user found a product with title 'Tommee Tippee Closer to Nature Baby Bottle Teats, Breast-Like, Anti-Colic Valve, Soft Silicone, Fast Flow, 6m+, Pack of 6,Clear' on an online shopping website. Please translate the product title into Spanish.\nOutput: ","target_field":"Tommee Tippee Closer to Nature Tetinas con Forma de Pecho y V\u00e1lvula Antic\u00f3lico, Silicona Suave, Flujo R\u00e1pido, 6m+, Pack de 6"}
{"input_field":"A user found a product with title 'Amazon Basics Male Dog Wrap, Disposable Nappies \u2013 XS, Pack of 30' on an online shopping website. Please translate the product title into Spanish.\nOutput: ","target_field":"Amazon Basics Pa\u00f1ales desechables para perro macho, XS, paquete de 30"}
{"input_field":"A product entitled 'Philips Avent Newborn Natural Starter Set (Model SCD301\/01)' exists on an online shopping website. Generate an adequate title for the product when it appears on a(n) Spanish online shopping website.\nOutput: ","target_field":"Set de inicio para reci\u00e9n nacidos Philips Avent Natural (modelo SCD301\/01)"}
{"input_field":"A user found a product with title 'Introducing Kindle Scribe | The first Kindle for reading and writing. Features a 10.2-inch, 300 ppi Paperwhite display and includes Basic Pen | 16 GB' on an online shopping website. Please translate the product title into Spanish.\nOutput: ","target_field":"Te presentamos Kindle Scribe, el primer Kindle para leer y escribir, con una pantalla Paperwhite de 10,2\" y 300 ppp | Con l\u00e1piz b\u00e1sico | 16 GB"}
{"input_field":"Translate the product title 'ROYAL CANIN An Allergenic Dog Food, 8 kg' into Spanish. \nOutput: ","target_field":"ROYAL CANIN Alimento para Perros Anallergenic - 8 kg"}
{"input_field":"A user found a product with title 'WaterWipes Original Biodegradable Baby Wipes, 99.9% Water Based Wet Wipes & Unscented for Sensitive Skin, 720 Count (12 packs)' on an online shopping website. Please translate the product title into Spanish.\nOutput: ","target_field":"WaterWipes - Toallitas Originales biodegradables para beb\u00e9s reci\u00e9n nacidos, formuladas con un 99,9\u00a0% de agua y sin perfume, ideales para pieles sensibles, 720 unidades (12 paquetes)"}
{"input_field":"A user found a product with title 'VOVIPO Slimshell Protective Case for All-new Kindle 6 Inch(11th Gen, 2022 release), will not fit Kindle Paperwhite and Kindle 2019-Blue' on an online shopping website. Please translate the product title into Spanish.\nOutput: ","target_field":"VOVIPO Funda Protectora Slimshell para el Nuevo Kindle 6 Pulgadas (versi\u00f3n 2022 de 11.\u00aa generaci\u00f3n), no es Compatible con Kindle Paperwhite y Kindle 2019-Blue"}
{"input_field":"A user found a product with title 'VOVIPO Slimshell Protective Case for All-new Kindle 6 Inch(11th Gen, 2022 release), will not fit Kindle Paperwhite and Kindle 2019-Black' on an online shopping website. Please translate the product title into Spanish.\nOutput: ","target_field":"VOVIPO Funda Protectora Slimshell para el Nuevo Kindle 6 Pulgadas (versi\u00f3n 2022 de 11.\u00aa generaci\u00f3n), no es Compatible con Kindle Paperwhite y Kindle 2019-Black"}
{"input_field":"A product entitled 'SONGMICS Set of 30 Velvet Hangers, 43.5 cm Long, Space-Saving, High Load Capacity, with 360\u00b0 Swivel Hooks, for Coats Shirts Suits, Pink CRF26PK' exists on an online shopping website. Generate an adequate title for the product when it appears on a(n) Spanish online shopping website.\nOutput: ","target_field":"SONGMICS Juego de 30 Perchas Aterciopeladas, 43,5 cm de Largo, Finas, de Gran Capacidad de Carga, con Ganchos Giratorios de 360\u00b0, para Camisas de Abrigo Completas, Rosa CRF26PK"}
{"input_field":"A product entitled 'Duracell Specialty Alkaline MN21 Battery 12V, pack of 2 (A23 \/ 23A \/ V23GA \/ LRV08 \/ 8LR932) designed for use in remote controls, wireless doorbells and security systems' exists on an online shopping website. Generate an adequate title for the product when it appears on a(n) Spanish online shopping website.\nOutput: ","target_field":"Duracell - Pilas especiales alcalinas MN21 de 12\u00a0V, paquete de 2 unidades (A23 \/ 23A \/ V23GA \/ LRV08 \/ 8LR932) dise\u00f1adas para su uso en mandos a distancia, timbres inal\u00e1mbricos y sistemas de seguridad"}
{"input_field":"A product entitled 'Nothing Ear (stick) - wireless earbuds, comfortable ergonomic design, 4.4g ultra lightweight, custom dynamic driver, Clear Voice Technology, press controls, up to 29 hrs of listening time' exists on an online shopping website. Generate an adequate title for the product when it appears on a(n) Spanish online shopping website.\nOutput: ","target_field":"Nothing Ear (Stick) - Auriculares inal\u00e1mbricos, dise\u00f1o ergon\u00f3mico c\u00f3modo, Ultraligero de 4,4g, Driver Personalizado, tecnolog\u00eda Clear Voice, Controles t\u00e1ctiles, hasta 29 de bater\u00eda"}
{"input_field":"A product entitled 'Electric Toothbrush, Sonic Toothbrushes with 8 Brush Heads 40000 VPM 5 Modes, Sonic Toothbrushes Fast Charge 4 Hours Last 30 Days, Rechargeable Electric Toothbrush for Adults, Black' exists on an online shopping website. Generate an adequate title for the product when it appears on a(n) Spanish online shopping website.\nOutput: ","target_field":"Cepillo de dientes el\u00e9ctrico, cepillo de dientes el\u00e9ctrico Sonic con 8 cabezales de cepillo 40000 VPM 5 modos, cepillo de dientes el\u00e9ctrico recargable para adultos, negro"}
{"input_field":"A user found a product with title 'USB C Hub, ZESKRIS USB C Adapter, 6 IN 1 USB C Hub Multiport Adapter with 2 USB 3.0 SD\/TF\/Micro SD Card Reader 4K HDMI 100W PD for Macbook Air\/Pro and Other Type C Devices (Black)' on an online shopping website. Please translate the product title into Spanish.\nOutput: ","target_field":"Hub USB C, ZESKRIS 6 en 1 MackBook USB multipuerto Adaptador con 2 USB 3.0 SD\/MicroSD Lector de Tarjetas 4K HDMI 100W PD para Macbook Air\/Pro y Otros Dispositivos Tipo C (Negro)"}
{"input_field":"A product entitled 'Dermacol - Full Coverage Foundation, Liquid Makeup Matte Foundation with SPF 30, Waterproof Foundation for Oily Skin, Acne, & Under Eye Bags, Long-Lasting Makeup Products, 30g, Shade 212' exists on an online shopping website. Generate an adequate title for the product when it appears on a(n) Spanish online shopping website.\nOutput: ","target_field":"Dermacol - Base de Maquillaje de Cobertura Total, Base de Maquillaje L\u00edquida Mate con SPF 30 Para Pieles Grasas, Acn\u00e9 y Bolsas Bajo los Ojos, Productos de Maquillaje de Larga Duraci\u00f3n, 30g, tono 212"}
{"input_field":"Translate the product title 'GimCat Multi-Vitamin Paste Extra - Cat snack with beta-glucans and omega 3 & 6 fatty acids for healthy cell protection - 1 tube (1 x 200 g)' into Spanish. \nOutput: ","target_field":"GimCat Multi-Vitamin Extra, pasta multivitaminas - Snack para gatos, con beta-glucano y omega 3 & 6 para una protecci\u00f3n celular saludable - 1 tubo (1 x 200 g)"}
{"input_field":"Translate the product title 'INFANTINO Lil' Nibblers Vibrating Apple Teether, Soft-Textured Silicone for Sensory Exploration, Teething Relief, Helps Soothe Sore Gums, Babies & Toddlers, red and Green' into Spanish. \nOutput: ","target_field":"Lil' Nibblers Vibrating Apple Teether - Mordedor con vibraci\u00f3n, forma de manzana, silicona de textura suave para exploraci\u00f3n sensorial, alivio de la dentici\u00f3n, ayuda a calmar las enc\u00edas doloridas"}
{"input_field":"A user found a product with title 'Durex Sensilueta Water Based Vaginal Lubricant, Mimics Natural Lubrication \u2013 40 ml' on an online shopping website. Please translate the product title into Spanish.\nOutput: ","target_field":"Durex Sensilube Lubricante Vaginal de Base Agua, Imita la Lubricaci\u00f3n Natural - 40 ml"}
{"input_field":"A user found a product with title 'L\u03dfK 6 Pack Screen Protector for Apple Watch 40mm Series 6 5 4 SE - HD Clear Case Friendly Bubble Free No Lifted Edges Not Wet Application Flexible TPU Soft Film - iWatch 40mm Series 6 5 4 SE - Clear' on an online shopping website. Please translate the product title into Spanish.\nOutput: ","target_field":"L\u03dfK 6 Pack Protector de Pantalla para Apple Watch 40mm Series 6 5 4 SE - HD Flexible Pel\u00edcula de TPU Sin Burbujas Sin Bordes Elevados Kit F\u00e1cil instalaci\u00f3n - iWatch 40mm Series 6 5 4 SE"}
{"input_field":"Translate the product title 'Crucial BX500 240 GB CT240BX500SSD1-Up to 540 MB\/s (Internal SSD, 3D NAND, SATA, 2.5 Inch), Black' into Spanish. \nOutput: ","target_field":"Crucial BX500 240 GB CT240BX500SSD1 Unidad interna de estado s\u00f3lido, hasta 540 MB\/s (3D NAND, SATA, 2.5 Pulgadas)"}
{"input_field":"A user found a product with title 'iHealth No-Touch Forehead Thermometer, Digital Infrared Thermometer for Adults and Kids, Touchless Baby Thermometer with 3 Ultra-sensitive Sensors(PT3)' on an online shopping website. Please translate the product title into Spanish.\nOutput: ","target_field":"iHealth no-touch term\u00f3metro de la frente, term\u00f3metro infrarrojo digital para adultos y ni\u00f1os, sin contacto term\u00f3metro para beb\u00e9s con 3 sensores ultrasensibles (pt3)"}
{"input_field":"Translate the product title 'Salter Mechanical Personal Scale, with Analog Dial and Magnifying Glass, White, 26 x 25.4 x 4.9 cm' into Spanish. \nOutput: ","target_field":"Salter B\u00e1scula personal mec\u00e1nica, con esfera anal\u00f3gica y lupa, blanca, 26 x 25,4 x 4,9 cm"}
{"input_field":"A product entitled 'Munchkin Maxi-Secure Pressure Fit Safety Gate, 76 - 82 cm, White' exists on an online shopping website. Generate an adequate title for the product when it appears on a(n) Spanish online shopping website.\nOutput: ","target_field":"Munchkin Barrera de seguridad a presi\u00f3n Maxi-Secure, 76 - 82 cm, blanca"}
{"input_field":"Translate the product title 'Sunday Funday KOOKYLOOS series \u2013 Surprise collectable dolls with fashion accessories, shoes, dresses and toys, with 3 funny expressions' into Spanish. \nOutput: ","target_field":"KOOKYLOOS Serie Sunday Funday - Mu\u00f1eca sorpresa coleccionable con accesorios de moda, zapatos, vestidos y juguetes, con 3 expresiones divertidas"}
{"input_field":"Translate the product title 'BIBS Boheme Soother 2-Pack. BPA Free. Round Nipple, Size 1 (0-6 Months), Ivory \/ Blossom' into Spanish. \nOutput: ","target_field":"BIBS Boheme Paquete de 2 chupetes. Libre de BPA. Tetina redonda, Talla 1 (0-6 meses), Ivory \/ Blossom"}
{"input_field":"Translate the product title 'Spigen Liquid Air Case Compatible with Samsung Galaxy S22 5G - Abyss Green' into Spanish. \nOutput: ","target_field":"Spigen Funda Liquid Air Compatible con Samsung Galaxy S22 5G - Verde-Cian"}
{"input_field":"A product entitled 'Logitech M280 Wireless Mouse, 2.4 GHz with USB Nano Receiver, 1000 DPI Optical Tracking, 3 Buttons, 18 Month Battery, Compatible with PC, Mac, Laptop, Chromebook - Black' exists on an online shopping website. Generate an adequate title for the product when it appears on a(n) Spanish online shopping website.\nOutput: ","target_field":"Logitech M280 Rat\u00f3n Inal\u00e1mbrico, 2.4 GHz, Nano Receptor USB, Seguimiento \u00d3ptico, Resoluci\u00f3n 1000 dpi, 3 botones, Bater\u00eda de 18 Meses, Compatible con PC, Mac, Port\u00e1til, Chromebook - Negro"}
{"input_field":"A user found a product with title 'ZKAPOR iPhone Cable Short 1FT\/30CM, [MFi Certified] Lightning Cable Nylon iPhone Fast Charging Cable Compatible with iPhone 13\/12\/ 11\/ Pro\/Max\/XR\/XS\/Max\/X\/ 10\/8\/ 7\/6\/ Plus\/SE\/ 2020 -Grey' on an online shopping website. Please translate the product title into Spanish.\nOutput: ","target_field":"ZKAPOR Cable Cargador iPhone Corto 30CM, [MFi Certificado] Cable iPhone Carga Rapida Nylon Cable iPhone Compatible con iPhone 13\/12\/ 11\/ Pro\/Max\/XR\/XS\/Max\/X\/ 10\/8\/ 7\/6\/ Plus\/SE\/ 2020 -Gris"}
{"input_field":"Translate the product title 'Weider Collagen. With Hyaluronic Acid, Magnesium and Vitamin C. 100% Peptan. Zero fat. Sugar zero. Keto.' into Spanish. \nOutput: ","target_field":"Weider Collagen. Con \u00c1cido Hialur\u00f3nico, Magnesio y Vitamina C. 100% Peptan. Cero grasas. Cero az\u00facar. Keto."}
{"input_field":"A user found a product with title 'The Cheeky Panda \u2013 Bamboo Toilet Tissue Paper | Pack of 4 Rolls (3-Ply, 200 Sheets) | Hypoallergenic, Plastic-Free, Eco-Friendly, Super Soft, Strong & Sustainable' on an online shopping website. Please translate the product title into Spanish.\nOutput: ","target_field":"The Cheeky Panda - Papel higi\u00e9nico de bamb\u00fa | Paquete de 4 rollos (3 capas, 200 hojas) | Hipoalerg\u00e9nico, sin pl\u00e1stico, ecol\u00f3gico, s\u00faper suave, fuerte y sostenible"}
{"input_field":"A product entitled 'Kingston NV2 NVMe PCIe 4.0 SSD 250G M.2 2280 - SNV2S\/250G' exists on an online shopping website. Generate an adequate title for the product when it appears on a(n) Spanish online shopping website.\nOutput: ","target_field":"Kingston NV2 NVMe PCIe 4.0 SSD 250G M.2 2280 - SNV2S\/250G"}
{"input_field":"A user found a product with title 'La Roche-Posay Cicaplast Baume B5 SPF50 40ml' on an online shopping website. Please translate the product title into Spanish.\nOutput: ","target_field":"La Roche-Posay Cicaplast Baume B5 SPF50 40ml"}
