{"input_field":"A user found a product with title 'American Tourister - Soundbox Spinner Expandable, 77cm, 97\/110 L - 4.2 KG, Yellow (Golden Yellow)' on an online shopping website. Please translate the product title into Japanese.\nOutput: ","target_field":"[\u30a2\u30e1\u30ea\u30ab\u30f3\u30c4\u30fc\u30ea\u30b9\u30bf\u30fc] \u30b9\u30fc\u30c4\u30b1\u30fc\u30b9 \u30ad\u30e3\u30ea\u30fc\u30b1\u30fc\u30b9 \u30b5\u30a6\u30f3\u30c9\u30dc\u30c3\u30af\u30b9 \u30b9\u30d4\u30ca\u30fc 77\/28 TSA EXP \u4fdd\u8a3c\u4ed8 97L 77 cm 4.2kg \u30b4\u30fc\u30eb\u30c7\u30f3\u30a4\u30a8\u30ed\u30fc"}
{"input_field":"A product entitled 'ARCANITE 2-Pack 64GB microSDXC Memory Card - A1, UHS-I U3, V30, 4K, C10, MicroSD, Optimal read speeds up to 90 MB\/s' exists on an online shopping website. Generate an adequate title for the product when it appears on a(n) Japanese online shopping website.\nOutput: ","target_field":"\u3010Amazon.co.jp \u9650\u5b9a\u3011\u30a2\u30eb\u30ab\u30ca\u30a4\u30c8(ARCANITE) 2\u679a\u30bb\u30c3\u30c8 64GB microSDXC\u30ab\u30fc\u30c9 UHS-I U3, A1, V30, 4K, C10 - AK2PV30A164"}
{"input_field":"Translate the product title 'Kingston Canvas Select Plus microSD Card SDCS2\/64 GB Class 10 (SD Adapter Included)' into Japanese. \nOutput: ","target_field":"\u30ad\u30f3\u30b0\u30b9\u30c8\u30f3 microSD 64GB \u6700\u5927100MB\/s UHS-I V10 A1 Nintendo Switch\u52d5\u4f5c\u78ba\u8a8d\u6e08 Canvas Select Plus SDCS2\/64GB"}
{"input_field":"A user found a product with title 'ESR iPad Air 5th Generation Case\/iPad Air 4th Generation Case(10.9 inch), Trifold Smart Case, iPad Air 2022\/2020 Case with Clasp, Auto Sleep\/Wake, Ascend Series, Blue' on an online shopping website. Please translate the product title into Japanese.\nOutput: ","target_field":"ESR iPad Air 5 \u30b1\u30fc\u30b9 iPad Air 4 \u30b1\u30fc\u30b9 10.9\u30a4\u30f3\u30c1 \u4e09\u3064\u6298\u308a\u30b9\u30de\u30fc\u30c8\u30b1\u30fc\u30b9 \u30aa\u30fc\u30c8\u30b9\u30ea\u30fc\u30d7\u6a5f\u80fd\u4ed8\u304d Pencil 2\u306e\u30da\u30a2\u30ea\u30f3\u30b0\u30fb\u5145\u96fb\u5bfe\u5fdc \u7559\u3081\u5177\u4ed8\u304d iPad Air \u7b2c5\u4e16\u4ee3\u30fbiPad Air \u7b2c4\u4e16\u4ee3\u7528\u30ab\u30d0\u30fc \u30c0\u30fc\u30af\u30d6\u30eb\u30fc"}
{"input_field":"A user found a product with title 'Seagate Storage Expansion Card for Xbox Series X|S 1TB Solid State Drive - NVMe Expansion SSD for Xbox Series X|S (STJR1000400)' on an online shopping website. Please translate the product title into Japanese.\nOutput: ","target_field":"Xbox Series X\/S\u7528 Seagate\u30b9\u30c8\u30ec\u30fc\u30b8\u62e1\u5f35\u30ab\u30fc\u30c9 1TB(STJR1000400)"}
{"input_field":"A product entitled 'Ultrasonic Pest Repeller 2 Pack - Powerful Mouse Repellent - 3 Working Modes - Wide Frequency Range Pest Control Device - Ideal for Mice, Rats, Mosquitoes, Cockroach, Moths, Ants' exists on an online shopping website. Generate an adequate title for the product when it appears on a(n) Japanese online shopping website.\nOutput: ","target_field":"AMZ \u30d6\u30e9\u30f3\u30c9\u00a0 \u2010 \u8d85\u97f3\u6ce2\u30da\u30b9\u30c8\u30ea\u30da\u30e9\u30fc\u00a0 \u2010 \u5f37\u529b\u30cd\u30ba\u30df\u6483\u9000\u5668 \u2010 3\u30e2\u30fc\u30c9 \u2010 \u5e83\u57df\u5e45\u30da\u30b9\u30c8\u30b3\u30f3\u30c8\u30ed\u30fc\u30eb\u6a5f\u5668 \u2010 \u30cd\u30ba\u30df\u3001\u868a\u3001\u30b4\u30ad\u30d6\u30ea\u3001\u86fe\u3001\u87fb\u306a\u3069\u306b\u52b9\u679c\u7684\u00a0 \u2010 2\u500b\u30d1\u30c3\u30af"}
{"input_field":"Translate the product title 'LEGO 21160 Minecraft The Illager Raid Village Building Toy with Ravager and Kai Action Figures, Adventure Set, Gift for Boys and Girls Aged 8 Plus' into Japanese. \nOutput: ","target_field":"\u30ec\u30b4(LEGO) \u30de\u30a4\u30f3\u30af\u30e9\u30d5\u30c8 \u30a4\u30ea\u30b8\u30e3\u30fc\u306e\u8972\u6483 21160 \u304a\u3082\u3061\u3083 \u30d6\u30ed\u30c3\u30af \u30d7\u30ec\u30bc\u30f3\u30c8 \u30c6\u30ec\u30d3\u30b2\u30fc\u30e0 \u5bb6 \u304a\u3046\u3061 \u7537\u306e\u5b50 \u5973\u306e\u5b50 8\u6b73\u4ee5\u4e0a"}
{"input_field":"A user found a product with title 'ESR Ascend Trifold Case Compatible with iPad 10th Generation (2022, 10.9 Inch), Auto Sleep and Wake, Trifold Stand, Lightweight Hard Back Cover, Frosted Black' on an online shopping website. Please translate the product title into Japanese.\nOutput: ","target_field":"ESR iPad \u7b2c10\u4e16\u4ee3 \u30b1\u30fc\u30b9 (2022)\u5bfe\u5fdc 10.9\u30a4\u30f3\u30c1 \u4e09\u3064\u6298\u308a\u30b1\u30fc\u30b9 \u30b9\u30bf\u30f3\u30c9\u30b1\u30fc\u30b9 \u8efd\u91cf\u786c\u8cea\u80cc\u9762\u30ab\u30d0\u30fc \u30d5\u30ed\u30b9\u30c8\u30d6\u30e9\u30c3\u30af Ascend Series"}
{"input_field":"Translate the product title 'ProCase iPad 10.2 Inch 2021 2020 2019 Case with Screen Protector, Slim Protective Cover, for iPad 7th \/ 8th \/ 9th Generation \u2013Black' into Japanese. \nOutput: ","target_field":"ProCase iPad 10.2\" 9\/8\/7 \u30d5\u30a9\u30ea\u30aa\u30b1\u30fc\u30b9 [\u5f37\u5316\u30ac\u30e9\u30b9\u4ed8\u304d]\u3001\u4e09\u3064\u6298\u308a\u30b9\u30bf\u30f3\u30c9 \u4fdd\u8b77\u30b1\u30fc\u30b9 \u534a\u900f\u660e \u3064\u3084\u6d88\u3057 \u30b9\u30de\u30fc\u30c8\u30ab\u30d0\u30fc \u5bfe\u5fdc\u6a5f\u7a2e\uff1a iPad 10.2\" \u7b2c9\u4e16\u4ee3 2021\/ \u7b2c8\u4e16\u4ee3 2020\/\u7b2c7\u4e16\u4ee3 2019 - \u30d6\u30e9\u30c3\u30af"}
{"input_field":"A user found a product with title 'Echo Show 5 (2nd generation) Adjustable Stand | Deep Sea Blue' on an online shopping website. Please translate the product title into Japanese.\nOutput: ","target_field":"\u3010Echo Show 5 \u7b2c2\u4e16\u4ee3\u7528\u3011 Amazon\u7d14\u6b63 \u89d2\u5ea6\u8abf\u7bc0\u30b9\u30bf\u30f3\u30c9 (\u30c7\u30a3\u30fc\u30d7\u30b7\u30fc\u30d6\u30eb\u30fc)"}
{"input_field":"A product entitled 'adidas Duffel Bag, Einheitsgr\u00f6\u00dfe, Crew Navy \/ Black White' exists on an online shopping website. Generate an adequate title for the product when it appears on a(n) Japanese online shopping website.\nOutput: ","target_field":"[\u30a2\u30c7\u30a3\u30c0\u30b9] \u30a8\u30c3\u30bb\u30f3\u30b7\u30e3\u30eb\u30ba \u30ed\u30b4 \u30c0\u30c3\u30d5\u30eb\u30d0\u30c3\u30b0 60202 \u30af\u30eb\u30fc\u30cd\u30a4\u30d3\u30fc\/\u30d6\u30e9\u30c3\u30af\/\u30db\u30ef\u30a4\u30c8(GN2035)"}
{"input_field":"Translate the product title 'FINTIE Hybrid Case Compatible with iPad Pro 12.9 inch (2022\/2021\/2020\/2018, 6th\/5th\/4th\/3rd Generation) - Shockproof Clear Back Cover with Pencil Holder, Auto Wake\/Sleep, Glittering Marble' into Japanese. \nOutput: ","target_field":"Fintie iPad Pro 12.9 \u30b1\u30fc\u30b9 2022\/ 2021\/ 2020\/2018 12.9\u30a4\u30f3\u30c1 \u900f\u660e\u30d0\u30c3\u30af\u30ab\u30d0\u30fc Apple Pencil \u53ce\u7d0d\u53ef\u80fd Apple Pencil 2 \u30ef\u30a4\u30e4\u30ec\u30b9\u5145\u96fb\u5bfe\u5fdc \u4e09\u3064\u6298\u30b9\u30bf\u30f3\u30c9 \u30b9\u30ea\u30fc\u30d7\u6a5f\u80fd \u8efd\u91cf \u8584\u578b \u50b7\u3064\u3051\u9632\u6b62 PU\u5408\u6210\u30ec\u30b6\u30fc TPU (\u30e2\u30c7\u30eb\u756a\u53f7A2378\u3001A2461\u3001A2379\u3001A2462)(\u67c4 X \u30de\u30fc\u30d6\u30eb\u30d4\u30f3\u30afA)"}
{"input_field":"Translate the product title 'Laphroaig 10 Year Old Islay Single Malt Scotch Whisky, 70 cl' into Japanese. \nOutput: ","target_field":"\u30e9\u30d5\u30ed\u30a4\u30b010\u5e74 [ \u30a6\u30a4\u30b9\u30ad\u30fc \u30a4\u30ae\u30ea\u30b9 700ml ]"}
{"input_field":"Translate the product title 'UGREEN 3.5mm Audio Cable Aux Headphone Lead Braided Stereo Mini Jack Male to Male Auxiliary TRS Cord Compatible with Earphone Car Speaker Amp Soundbar TV PC Laptop iPod MP3 Player iPad iPhone(0.5M)' into Japanese. \nOutput: ","target_field":"UGREEN 3.5mm \u30aa\u30fc\u30c7\u30a3\u30aa\u30b1\u30fc\u30d6\u30eb \u30aa\u30b9\u30aa\u30b9 \u9ad8\u8010\u4e45\u30ca\u30a4\u30ed\u30f3 aux\u30b1\u30fc\u30d6\u30eb 3.5mm\u30b9\u30c6\u30ec\u30aa\u30df\u30cb\u30d7\u30e9\u30b0 \u30d8\u30c3\u30c9\u30db\u30f3\u30b1\u30fc\u30d6\u30eb \u30ca\u30a4\u30ed\u30f3\u7de8\u307f \u30aa\u30b9\u30aa\u30b9 \u30aa\u30fc\u30c7\u30a3\u30aa\u30b1\u30fc\u30d6\u30eb \u9ad8\u8010\u4e45\u6027 \u30d8\u30c3\u30c9\u30db\u30f3\/\u30b9\u30d4\u30fc\u30ab\u30fc\/\u97f3\u97ff\/\u8eca\/iPhone\/iPad\/iPod\/PC\u306a\u3069\u306b\u5bfe\u5fdc 0.5M"}
{"input_field":"A product entitled 'HAPUP Cat Water Fountain for Drinking 1.8L Automatic Pet Fountain Dispenser Transparent with 2 Replacement Filters 1 Adjustable Pump for Cats Puppy Indoor' exists on an online shopping website. Generate an adequate title for the product when it appears on a(n) Japanese online shopping website.\nOutput: ","target_field":"HAPUP \u732b \u6c34 \u30d5\u30a1\u30a6\u30f3\u30c6\u30f3 \u72ac \u30a6\u30a9\u30fc\u30bf\u30fc\u30c7\u30a3\u30b9\u30da\u30f3\u30b5\u30fc 61\u30aa\u30f3\u30b9\/1.8L \u81ea\u52d5 \u30da\u30c3\u30c8 \u30c9\u30ea\u30f3\u30af \u30d5\u30a1\u30a6\u30f3\u30c6\u30f3 \u900f\u660e \u30d5\u30a3\u30eb\u30bf\u30fc2\u500b \u4ea4\u63db\u7528 \u8abf\u7bc0\u53ef\u80fd \u9759\u97f3 \u30a6\u30a9\u30fc\u30bf\u30fc\u30dd\u30f3\u30d7 1\u500b"}
{"input_field":"A product entitled 'Schleich 15023 Ankylosaurus Dinosaurs' exists on an online shopping website. Generate an adequate title for the product when it appears on a(n) Japanese online shopping website.\nOutput: ","target_field":"\u30b7\u30e5\u30e9\u30a4\u30d2 \u6050\u7adc \u30a2\u30f3\u30ad\u30ed\u30b5\u30a6\u30eb\u30b9 \u30d5\u30a3\u30ae\u30e5\u30a2 15023"}
{"input_field":"A user found a product with title 'JETech Case for iPad Pro 9.7-Inch 2016 (Old Model), Slim Stand Hard Back Shell Cover with Auto Wake\/Sleep (Black)' on an online shopping website. Please translate the product title into Japanese.\nOutput: ","target_field":"JEDirect iPad Pro 9.7 \u30b1\u30fc\u30b9 \u30ec\u30b6\u30fc \u4e09\u3064\u6298\u30b9\u30bf\u30f3\u30c9 \u30aa\u30fc\u30c8\u30b9\u30ea\u30fc\u30d7\u6a5f\u80fd \u30b9\u30de\u30fc\u30c8\u30ab\u30d0\u30fc (\u30d6\u30e9\u30c3\u30af)"}
{"input_field":"A user found a product with title 'Boba Wrap Baby Carrier, Grey - Original Stretchy Infant Sling, Perfect for Newborn Babies and Children up to 35 lbs' on an online shopping website. Please translate the product title into Japanese.\nOutput: ","target_field":"\u30dc\u30d0\u30e9\u30c3\u30d7\u30d9\u30d3\u30fc\u30ad\u30e3\u30ea\u30a2\u3001\u72ec\u81ea\u306e\u4f38\u7e2e\u6027\u306e\u62b1\u3063\u3053\u7d10\u3001\u65b0\u751f\u5150\u306815kg\u307e\u3067\u306e\u8d64\u3061\u3083\u3093\u306b\u6700\u9069 (Grey)"}
{"input_field":"A product entitled 'Kingston NV2 NVMe PCIe 4.0 SSD 2000G M.2 2280 -SNV2S\/2000G' exists on an online shopping website. Generate an adequate title for the product when it appears on a(n) Japanese online shopping website.\nOutput: ","target_field":"\u30ad\u30f3\u30b0\u30b9\u30c8\u30f3\u30c6\u30af\u30ce\u30ed\u30b8\u30fc Kingston SSD NV2 2TB PCIe Gen 4.0 x4 \u6700\u59273,500MB\/\u79d2 M.2 2280 NVMe SNV2S\/2000G \u6b63\u898f\u4ee3\u7406\u5e97\u4fdd\u8a3c\u54c1 3\u5e74\u4fdd\u8a3c"}
{"input_field":"A user found a product with title 'Kingston NV2 NVMe PCIe 4.0 SSD 1000G M.2 2280 -SNV2S\/1000G' on an online shopping website. Please translate the product title into Japanese.\nOutput: ","target_field":"\u30ad\u30f3\u30b0\u30b9\u30c8\u30f3\u30c6\u30af\u30ce\u30ed\u30b8\u30fc Kingston SSD NV2 1TB PCIe Gen 4.0 x4 \u6700\u59273,500MB\/\u79d2 M.2 2280 NVMe SNV2S\/1000G \u6b63\u898f\u4ee3\u7406\u5e97\u4fdd\u8a3c\u54c1 3\u5e74\u4fdd\u8a3c"}
{"input_field":"A product entitled 'Nike BA5871-010 NK HERITAGE S SMIT Gym Bag womens black\/black\/(white) MISC' exists on an online shopping website. Generate an adequate title for the product when it appears on a(n) Japanese online shopping website.\nOutput: ","target_field":"\u30ca\u30a4\u30ad\uff08NIKE) \u30d8\u30ea\u30c6\u30a4\u30b8 S SMIT \u30df\u30cb \u30b7\u30e7\u30eb\u30c0\u30fc \u30d0\u30c3\u30b0 BA5871-010 (\u30d6\u30e9\u30c3\u30af)"}
{"input_field":"A product entitled 'JOREST Watch Battery Replacement Kit, Watchmaker Repair Screwdriver, Watch Opening Tool, Watch Strap Replacement,Watch Back Remover, Watch Case Opener, Watch Back Remover Holder, Spring bar, Tweezers' exists on an online shopping website. Generate an adequate title for the product when it appears on a(n) Japanese online shopping website.\nOutput: ","target_field":"\u8155\u6642\u8a08 \u96fb\u6c60\u4ea4\u63db \u5de5\u5177\u3010JOREST\u3011\u6642\u8a08\u5de5\u5177\u30bb\u30c3\u30c8\u3001 \u6642\u8a08\u30d0\u30f3\u30c9\/\u30d9\u30eb\u30c8 \u4ea4\u63db\u5de5\u5177\u3001\u6642\u8a08\u306e\u88cf\u84cb\u30aa\u30fc\u30d7\u30ca\u30fc\u3001 \u6642\u8a08\u4fee\u7406\u3001\u6642\u8a08\u30a2\u30af\u30bb\u30b5\u30ea\u30fc\u3001\u6642\u8a08 \u88cf\u84cb \u5916\u3057 \u5de5\u5177\u3001\u30b9\u30d7\u30ea\u30f3\u30b0\u30d0\u30fc\u3001\u30d4\u30f3\u30bb\u30c3\u30c8"}
{"input_field":"Translate the product title '[USB-IF Certified] Cable Matters Gen 2 10 Gbps USB C to USB C Cable fast charging 1m (USB C Monitor Cable, 100W USB C Cable fast charging) with 8K Video and 100W Power Delivery in Black' into Japanese. \nOutput: ","target_field":"\u3010USB-IF \u8a8d\u8a3c\u6e08\u307f\u3011 Cable Matters USB Type C\u30b1\u30fc\u30d6\u30eb 1m USB C USB C \u30b1\u30fc\u30d6\u30eb USB 3.1 Gen 2 10 Gbps 4K 60HZ 100W PD\u5145\u96fb USB Type C 3.1 Gen 2 \u30b1\u30fc\u30d6\u30eb \u30bf\u30a4\u30d7C\u30b1\u30fc\u30d6\u30eb Type C \u30b1\u30fc\u30d6\u30eb \u30d6\u30e9\u30c3\u30af"}
{"input_field":"A user found a product with title 'Travel Pillow, Best Memory Foam Neck Pillow Head Support Soft Pillow for Sleeping Rest, Airplane Car & Home Use (Black)' on an online shopping website. Please translate the product title into Japanese.\nOutput: ","target_field":"\u65c5\u884c\u7528\u6795 \u6700\u9ad8\u306e\u4f4e\u53cd\u767a\u7d20\u6750 \u9996\u6795 \u982d\u90e8\u30b5\u30dd\u30fc\u30c8\u30bd\u30d5\u30c8\u6795 \u7761\u7720\u4f11\u606f \u98db\u884c\u6a5f \u8eca \u5bb6\u5ead\u7528 (\u30d6\u30e9\u30c3\u30af) \u30d6\u30e9\u30c3\u30af TP-B"}
{"input_field":"A user found a product with title 'Yottamaster USB3.1 Gen 2 Type C to USB A OTG Cable, 10Gbps USB C Male to USB A Femal Adapter Cable Converter (0.3m,1m)' on an online shopping website. Please translate the product title into Japanese.\nOutput: ","target_field":"Yottamaster USB Type-C \u5909\u63db\u30b1\u30fc\u30d6\u30eb\uff080.3m\uff09OTG\u30b1\u30fc\u30d6\u30eb USB3.1 Gen2 \u30bf\u30a4\u30d7C\u30aa\u30b9\u2192\u30bf\u30a4\u30d7A\u30e1\u30b9 \u5909\u63db\u30a2\u30c0\u30d7\u30bf 10Gbps\u9ad8\u901f\u30c7\u30fc\u30bf\u8ee2\u9001 \u30bf\u30a4\u30d7C \u5909\u63db\u30b3\u30cd\u30af\u30bf\u30fc \u30d6\u30e9\u30c3\u30af[P-U30-CAF10]"}
{"input_field":"A user found a product with title '[2 Pack] ProCase Waterproof Phone Case Dry Bag Pouch, for iPhone 14 Plus Pro Max, iPhone 13 12 Pro Max, 11 Xs Max XR X 8 7 6S Plus, Galaxy S22 S22+ S21 FE, Up to 7.0 inch -Pink\/Black' on an online shopping website. Please translate the product title into Japanese.\nOutput: ","target_field":"ProCase [2\u500b\u30bb\u30c3\u30c8]\u9632\u6c34\u30b1\u30fc\u30b9 IPX8\u8a8d\u5b9a \u643a\u5e2f\u96fb\u8a71\u7528\u30c9\u30e9\u30a4\u30d0\u30c3\u30b0 \u6700\u59277.0\u201d\u30b9\u30de\u30db\u306b\u5bfe\u5fdc\u53ef\u80fd \u9069\u7528\u7aef\u672b\uff1aiPhone 14 13 Mini Pro Max\u30fbiPhone 12\u30fb11\u30fbXS\u30fbXR\u30fb8\u30fbAndroid -\u30d4\u30f3\u30af\/\u30d6\u30e9\u30c3\u30af"}
{"input_field":"Translate the product title 'Spigen ArcField [Designed for Samsung] Qi True 15W Super Fast wireless Charger Stand for Galaxy Z Fold Flip 4 3 S22 Plus Ultra Note 20 S21 S20 and more [No Adapter Included]' into Japanese. \nOutput: ","target_field":"Spigen Galaxy \u30ef\u30a4\u30e4\u30ec\u30b9\u5145\u96fb\u5668 \u30b9\u30bf\u30f3\u30c9 [ Galaxy\u8d85\u6025\u901f\u5145\u96fb & \u30ea\u30a2\u30eb15W & \u30b1\u30fc\u30b9\u4e92\u63db ] Galaxy Z Fold Flip 3 4 S22 5G Ultra S21 S20 \u30ae\u30e3\u30e9\u30af\u30b7\u30fc \u305d\u306e\u4ed6\u5bfe\u5fdc"}
{"input_field":"A user found a product with title 'Amazon Basics Mini DisplayPort to HDMI Cable - 0.9 m (3 Feet)' on an online shopping website. Please translate the product title into Japanese.\nOutput: ","target_field":"Amazon\u30d9\u30fc\u30b7\u30c3\u30af Mini DisplayPort - HDMI \u5909\u63db\u30b1\u30fc\u30d6\u30eb 0.9m"}
{"input_field":"A user found a product with title 'Travel Pillow, Best Memory Foam Neck Pillow Head Support Soft Pillow for Sleeping Rest, Airplane Car & Home Use (Grey)' on an online shopping website. Please translate the product title into Japanese.\nOutput: ","target_field":"\u30c8\u30e9\u30d9\u30eb\u30d4\u30ed\u30fc \u6700\u9ad8\u306e\u4f4e\u53cd\u767a\u7d20\u6750 \u30cd\u30c3\u30af\u30d4\u30ed\u30fc \u30d8\u30c3\u30c9\u30b5\u30dd\u30fc\u30c8 \u30bd\u30d5\u30c8\u30d4\u30ed\u30fc \u7761\u7720\u4f11\u606f\u7528 \u98db\u884c\u6a5f \u8eca \u5bb6\u5ead\u7528 (\u30b0\u30ec\u30fc)"}
{"input_field":"A user found a product with title 'Compatible with Apple Watch Band 41mm 40mm with Bumper Case, elkson Quattro Pro Rugged Men Bands for Apple Watch SE and iWatch Series 8 7 6 5 4 Cover, Sport Military Protective Cases Men Women, Black' on an online shopping website. Please translate the product title into Japanese.\nOutput: ","target_field":"elkson \u30a2\u30c3\u30d7\u30eb\u30a6\u30a9\u30c3\u30c1\u30d0\u30f3\u30c9 Apple Watch 41mm 40mm \u30d0\u30f3\u30d1\u30fc\u30b1\u30fc\u30b9\u4ed8\u304d \u9811\u4e08\u306a\u30e1\u30f3\u30ba\u30d0\u30f3\u30c9 Apple Watch SE iWatch Series 7 6 5 4\u7528, Quattro Pro Series \u30b9\u30dd\u30fc\u30c4\u30df\u30ea\u30bf\u30ea\u30fc\u4fdd\u8b77\u30b1\u30fc\u30b9 \u30d7\u30ed\u30c6\u30af\u30bf\u30fc \u843d\u4e0b\u9632\u6b62 \u8010\u885d\u6483 \u9ed2\u8272"}
{"input_field":"A product entitled 'Syncwire 2M USB C to Lightning Cable, MFi Certified, Type C to Lightning iPhone Charging Cable, Supports PD 20W Fast Charging Cable for iPhone 13\/13 Pro\/12\/12 Pro\/12 Pro Max\/SE 2020\/11\/X\/XS\/XR\/8' exists on an online shopping website. Generate an adequate title for the product when it appears on a(n) Japanese online shopping website.\nOutput: ","target_field":"Syncwire Lightning USB-C \u30b1\u30fc\u30d6\u30eb \u3010C94 Apple MFi\u8a8d\u8a3c\/PD\u5bfe\u5fdc\/\u6025\u901f\u5145\u96fb \uff06 \u9ad8\u901f\u30c7\u30fc\u30bf\u540c\u671f\/\u8d85\u9ad8\u8010\u4e45\u3011usbc \u30e9\u30a4\u30c8\u30cb\u30f3\u30b0 \u30b1\u30fc\u30d6\u30eb iphone 14 \/ 13 \/ 13mini \/ 13 Pro \/ iPhone 12 \/ 12mini \/ 12 Pro \/ 12 Pro Max \/ iPhone SE 2 \/ 11 \/ 11 Pro \/ 11 Pro Max \/ XR \/ XS Max \/ XS \uff082M \u30db\u30ef\u30a4\u30c8\uff09"}
{"input_field":"A user found a product with title 'INPHIC Wireless Mouse for Laptop, [Upgraded], Ultra Slim 2.4G Rechargeable Cordless Mouse Computer Mice 1600 DPI with USB Receiver for PC Mac Macbook, Battery Level Visible, Silver' on an online shopping website. Please translate the product title into Japanese.\nOutput: ","target_field":"INPHIC \u5145\u96fb\u5f0f \u30ef\u30a4\u30e4\u30ec\u30b9\u30de\u30a6\u30b9\u3001[\u30a2\u30c3\u30d7\u30b0\u30ec\u30fc\u30c9\uff1a\u30d0\u30c3\u30c6\u30ea\u30fc\u30ec\u30d9\u30eb\u8868\u793a]\u3001\u7121\u7dda \u9759\u97f3\u30de\u30a6\u30b9 \u8d85\u8584\u578b \u30b3\u30f3\u30d4\u30e5\u30fc\u30bf\u30fc\u30de\u30a6\u30b91600 DPI\u3001Mac\/Windows\/Surface\/Microsoft Pro\u306b\u5bfe\u5fdc\u3001\u9280"}
{"input_field":"A user found a product with title 'Amazon Basics Hardboard Clipboard - 12-Pack' on an online shopping website. Please translate the product title into Japanese.\nOutput: ","target_field":"Amazon\u30d9\u30fc\u30b7\u30c3\u30af \u30af\u30ea\u30c3\u30d7\u30dc\u30fc\u30c9 \u30aa\u30d5\u30a3\u30b9\u7b46\u8a18\u7528 \u30cf\u30fc\u30c9\u30dc\u30fc\u30c9 12\u500b\u30d1\u30c3\u30af"}
{"input_field":"A user found a product with title 'Amazon Basics USB Type-C to USB 3.1 Gen1 Female Adapter - White, 10 pack' on an online shopping website. Please translate the product title into Japanese.\nOutput: ","target_field":"Amazon\u30d9\u30fc\u30b7\u30c3\u30af USB\u30a2\u30c0\u30d7\u30bf\u30fc 14cm (\u30bf\u30a4\u30d7C - 3.1Gen1(\u30e1\u30b9)) \u30db\u30ef\u30a4\u30c8 10\u70b9\u30bb\u30c3\u30c8"}
{"input_field":"A product entitled 'USB Type-C Cable 5pack 6ft Fast Charging 3A Quick Charger Cord, Type C to A Cable 6 Foot Compatible Samsung Galaxy S10 S9 S8 Plus, Braided Fast Charging Cable for Note 10 9 8, LG V50 V40 G8 G7(Grey)' exists on an online shopping website. Generate an adequate title for the product when it appears on a(n) Japanese online shopping website.\nOutput: ","target_field":"USB Type-C\u30b1\u30fc\u30d6\u30eb 1.8M 5\u672c \u9ad8\u901f\u5145\u96fb3A \u6025\u901f\u5145\u96fb\u5668 \u30af\u30a4\u30c3\u30af\u30b3\u30fc\u30c9 Type C\u304b\u3089A\u30b1\u30fc\u30d6\u30eb Samsung Galaxy S10 \/ Note \/ Huawei P30 \/ P20 lite \/ Sony Xperia XZ2 \/ XZ3 \/ Nintendo Switch \/ GoPro Hero 5\/6 \u305d\u306e\u4ed6Android USB-C\u6a5f\u5668\u5bfe\u5fdc"}
{"input_field":"Translate the product title 'Gigastone SD Card 32GB 5-Pack, High-Speed 32GB SD Card Full HD Video Memory Card, Compatible with Canon Nikon Sony Pentax Kodak Olympus Panasonic Digital Camera, UHS-I SDHC U1 Class 10' into Japanese. \nOutput: ","target_field":"Gigastone SD\u30ab\u30fc\u30c9 32GB 5\u679a\u30bb\u30c3\u30c8 SDHC \u30e1\u30e2\u30ea\u30fc\u30ab\u30fc\u30c9 \u9ad8\u901f \u30d5\u30ebHD \u30d3\u30c7\u30aa SD card \u30c7\u30b8\u30bf\u30eb\u30ab\u30e1\u30e9 Full HD UHS-I U1 Class 10 \u30df\u30cb\u30b1\u30fc\u30b95\u500b\u4ed8\u304d"}
{"input_field":"A product entitled 'LEGO 43195 Disney Princess Belle and Rapunzel's Royal Stables Building Toy, with 2 Horse Toys and Mini-Doll Figures, Gift Idea for Girls & Boys Age 5 Plus' exists on an online shopping website. Generate an adequate title for the product when it appears on a(n) Japanese online shopping website.\nOutput: ","target_field":"\u30ec\u30b4(LEGO) \u30c7\u30a3\u30ba\u30cb\u30fc\u30d7\u30ea\u30f3\u30bb\u30b9 \u30d9\u30eb\u3068\u30e9\u30d7\u30f3\u30c4\u30a7\u30eb\u306e\u738b\u56fd\u306e\u53a9\u820e 43195 \u304a\u3082\u3061\u3083 \u30d6\u30ed\u30c3\u30af \u30d7\u30ec\u30bc\u30f3\u30c8 \u304a\u59eb\u69d8 \u304a\u3072\u3081\u3055\u307e \u52d5\u7269 \u3069\u3046\u3076\u3064 \u5973\u306e\u5b50 5\u6b73\u4ee5\u4e0a"}
{"input_field":"Translate the product title 'FitStill Silicone Sleeve Case for Hero 11\/Hero 10\/Hero 9 Black, Battery Side Cover & Lens Caps & Screen Protectors & Lanyard for Go Pro Hero11\/10\/9 Hero9 Black Accessories Kit' into Japanese. \nOutput: ","target_field":"FitStill HERO11 Black \/10 Black \/ HERO9 Black\u306b\u4f7f\u7528 \u30e9\u30a2\u30af\u30bb\u30b5\u30ea\u30fc\u7528\u306e\uff08\u4fdd\u8b77\u30d5\u30a3\u30eb\u30e0+\u96fb\u6c60\u30ab\u30d0\u30fc+ \u30d6\u30e9\u30c3\u30af\u30b7\u30ea\u30b3\u30f3\u30b1\u30fc\u30b9\uff0b\u30ec\u30f3\u30ba\u30ab\u30d0\u30fc\uff0b\u30cf\u30f3\u30c9\u30b9\u30c8\u30e9\u30c3\u30d7\uff09\uff08\u30b4\u30fc\u30d7\u30ed GO PRO HERO 11 \/ 10 \/ 9 Black\u306b\u9069\u5408\uff09"}
{"input_field":"A user found a product with title 'UGREEN USB Extension Lead, USB 3.0 Extension Cable, USB A Male to A Female Extender Supports 5Gbps High Speed Data Transfer, Compatible with USB Disk Keyboard Mouse Hard Drive Printer Scanner (1M)' on an online shopping website. Please translate the product title into Japanese.\nOutput: ","target_field":"UGREEN USB \u5ef6\u9577 1M USB3.0 \u5ef6\u9577\u30b1\u30fc\u30d6\u30eb \u91d1\u30e1\u30c3\u30ad\u30b3\u30cd\u30af\u30bf \u9ad8\u901f\u30c7\u30fc\u30bf\u8ee2\u9001 a\u30aa\u30b9-a\u30e1\u30b9 USB\u30b1\u30fc\u30d6\u30eb \u5ef6\u9577\u30b3\u30fc\u30c9"}
{"input_field":"A product entitled 'ESR Hybrid Trifold Case Compatible with iPad Pro 11 Inch (2022\/2021), Detachable Magnetic Cover, Tough Back Case, Pencil 2 Wireless Charging, Slim and Light, Ascend Series, Frosted Black' exists on an online shopping website. Generate an adequate title for the product when it appears on a(n) Japanese online shopping website.\nOutput: ","target_field":"ESR iPad Pro 11\u30a4\u30f3\u30c1 \u30b1\u30fc\u30b9 (2022\/2021)\u7528 \u7b2c4\/3\u4e16\u4ee3\u5bfe\u5fdc \u4e09\u3064\u6298\u308a\u30b1\u30fc\u30b9 \u30cf\u30a4\u30d6\u30ea\u30c3\u30c9\u4fdd\u8b77 \u7740\u8131\u5f0f \u30de\u30b0\u30cd\u30c3\u30c8\u30ab\u30d0\u30fc \u9ad8\u8cea\u80cc\u9762\u30b1\u30fc\u30b9 Pencil 2\u5bfe\u5fdc \u30ef\u30a4\u30e4\u30ec\u30b9\u5145\u96fb \u30b9\u30ea\u30e0\u3067\u8efd\u91cf \u30d5\u30ed\u30b9\u30c8\u30d6\u30e9\u30c3\u30af Ascend Series"}
{"input_field":"A product entitled 'ESR Rebound Magnetic Case Compatible with iPad Pro 11 Inch (2022\/2021\/2020, 4th\/3rd\/2nd Generation), Convenient Magnetic Attachment, Two-Way Stand, Full Pencil 2 Support, Auto Sleep\/Wake, Lavender' exists on an online shopping website. Generate an adequate title for the product when it appears on a(n) Japanese online shopping website.\nOutput: ","target_field":"ESR iPad Pro 11\u30a4\u30f3\u30c1 \u30b1\u30fc\u30b9 (2022\/2021\/2020)\u7528 \u7b2c4\/3\/2\u4e16\u4ee3\u5bfe\u5fdc \u30de\u30b0\u30cd\u30c3\u30c8\u30b1\u30fc\u30b9 \u4fbf\u5229\u306a\u78c1\u6c17\u5438\u7740 2WAY\u30b9\u30bf\u30f3\u30c9 Pencil 2\u5bfe\u5fdc \u30aa\u30fc\u30c8\u30b9\u30ea\u30fc\u30d7\/\u30a6\u30a7\u30a4\u30af \u30e9\u30d9\u30f3\u30c0\u30fc Rebound Series"}
{"input_field":"A user found a product with title 'Sisyphy Nylon Braided Surface Connect to USB-C Charging Cable Compatible for Microsoft Surface Pro7 Go2 Pro6 5\/4\/3 Surface Laptop1\/2\/3 & Surface Book, Works with 45W 15V3A USBC Charger' on an online shopping website. Please translate the product title into Japanese.\nOutput: ","target_field":"Sisyphy \u30ca\u30a4\u30ed\u30f3Surface to Type-C PD \u6025\u901f\u5145\u96fb\u30b1\u30fc\u30d6\u30eb 1.8M\u3001Surface Connect\u30dd\u30fc\u30c8\u3092\u300145w15v\u4ee5\u4e0a\u306ePD\u30a2\u30c0\u30d7\u30bf\u30fc\u5fc5\u8981 \u5145\u96fb\u7528\u306bType-c Surface\u96fb\u6e90\u914d\u4fe1\u306b\u63a5\u7d9a\u3057\u307e\u3059\u3001Microsoft Surface Pro7\/6\/5\/4\/3 Go3\/2\/1\u3001Surface Laptop1\/2\/3\/4\u3001Surface Book \u5bfe\u5fdc"}
{"input_field":"A product entitled 'Moroccanoil Luminous Hairspray Strong, 330ml' exists on an online shopping website. Generate an adequate title for the product when it appears on a(n) Japanese online shopping website.\nOutput: ","target_field":"MOROCCANOIL(\u30e2\u30ed\u30c3\u30ab\u30f3\u30aa\u30a4\u30eb) \u30e2\u30ed\u30c3\u30ab\u30f3\u30aa\u30a4\u30eb \u30eb\u30df\u30ce\u30fc\u30b5 \u30d8\u30a2\u30b9\u30d7\u30ec\u30fc \u30b9\u30c8\u30ed\u30f3\u30b0 330ml (\u30a2\u30eb\u30ac\u30f3\u30aa\u30a4\u30eb\u914d\u5408 \u30b9\u30bf\u30a4\u30ea\u30f3\u30b0\u5264) \u30cf\u30fc\u30c9"}
{"input_field":"A product entitled 'Crucial X6 2TB Portable SSD - Up to 800MB\/s - PC and Mac - USB 3.2 USB-C External Solid State Drive - CT2000X6SSD9' exists on an online shopping website. Generate an adequate title for the product when it appears on a(n) Japanese online shopping website.\nOutput: ","target_field":"Crucial X6 \u5916\u4ed8\u3051 SSD 2TB \u3010PS5\/PS4 \u52d5\u4f5c\u78ba\u8a8d\u6e08\u307f\u3011 USB Type-C \u6700\u5927\u8aad\u8fbc\u901f\u5ea6800MB\/\u79d2 \u6b63\u898f\u4ee3\u7406\u5e97\u4fdd\u8a3c\u54c1 CT2000X6SSD9"}
{"input_field":"A user found a product with title 'KIWI design Link Cable 3M\/10FT Compatible with Meta\/Oculus Quest 2 Accessories, USB 3.0 to Type-C VR Headset Cable for PC VR and SteamVR Game Cable Fast and Stable' on an online shopping website. Please translate the product title into Japanese.\nOutput: ","target_field":"KIWI design \u30ea\u30f3\u30af\u30b1\u30fc\u30d6\u30eb3M\/10FT Quest 2\u30a2\u30af\u30bb\u30b5\u30ea\u3068\u4e92\u63db\u6027\u304c\u3042\u308a\u3001USB 3.0 PC\u30b2\u30fc\u30e0\u30b1\u30fc\u30d6\u30eb\u9ad8\u901f\u3067\u5b89\u5b9a\uff08\u30d6\u30e9\u30c3\u30af\uff09"}
{"input_field":"Translate the product title 'Amazon Basics Heavy Duty Clothes Rail Garment Rail, 1.82 x 1.52 m' into Japanese. \nOutput: ","target_field":"Amazon\u30d9\u30fc\u30b7\u30c3\u30af \u30cf\u30f3\u30ac\u30fc\u30e9\u30c3\u30af 1.82\u00d71.52m"}
{"input_field":"A user found a product with title 'ESR HaloLock Dashboard Magnetic Wireless Car Charger, Fast Charging, Compatible with MagSafe Car Charger, Dashboard Mount Compatible with Caseless iPhone 14\/13\/12 Series and Magnetic Cases, Black' on an online shopping website. Please translate the product title into Japanese.\nOutput: ","target_field":"ESR HaloLock\u8eca\u8f09\u30c0\u30c3\u30b7\u30e5\u30dc\u30fc\u30c9\u78c1\u6c17\u30ef\u30a4\u30e4\u30ec\u30b9\u5145\u96fb\u5668 \u6025\u901f\u5145\u96fb MagSafe\u5bfe\u5fdc \u8eca\u7528\u5145\u96fb\u5668 \u30c0\u30c3\u30b7\u30e5\u30dc\u30fc\u30c9\u30de\u30a6\u30f3\u30c8 \u30b1\u30fc\u30b9\u306a\u3057\u306e\u72b6\u614b\u306eiPhone 14\/13\/12\u30b7\u30ea\u30fc\u30ba\u306e\u30b9\u30de\u30db\u5bfe\u5fdc \u30de\u30b0\u30cd\u30c3\u30c8\u30b1\u30fc\u30b9\u5bfe\u5fdc \u30d6\u30e9\u30c3\u30af"}
{"input_field":"A user found a product with title 'UGREEN USB Extension Lead, USB 3.0 Extension Cable, USB A Male to A Female Extender Supports 5Gbps High Speed Data Transfer, Compatible with USB Disk Keyboard Mouse Hard Drive Printer Scanner (3M)' on an online shopping website. Please translate the product title into Japanese.\nOutput: ","target_field":"UGREEN USB \u5ef6\u9577 \u30b1\u30fc\u30d6\u30eb USB3.0 \u5ef6\u9577\u30b3\u30fc\u30c9 \u9ad8\u901f\u30c7\u30fc\u30bf\u8ee2\u9001 \u91d1\u30e1\u30c3\u30ad \u30aa\u30b9 \u30e1\u30b9 (3m)"}
{"input_field":"A user found a product with title 'ProCase Kids Case for iPad 10.2 Inch 2021 2020 2019 (7th 8th 9th Generation) \/ iPad Pro 10.5\/ iPad Air 3, Super Shockproof Cover Lightweight Protective Case -Purple' on an online shopping website. Please translate the product title into Japanese.\nOutput: ","target_field":"ProCase iPad 10.2\/ iPad Pro 10.5\/ iPad Air 3 \u30ad\u30c3\u30ba\u30b1\u30fc\u30b9 \u3001\u8010\u885d\u6483\u6027 \u30cf\u30f3\u30c9\u30eb\u3068\u30ad\u30c3\u30af\u30b9\u30bf\u30f3\u30c9\u4ed8\u304d \u8efd\u91cf\u30d0\u30f3\u30d1\u30fc\u30b1\u30fc\u30b9 \u5bfe\u5fdc\u7aef\u672b\uff1a iPad 10.2\" \u7b2c9\u4e16\u4ee3\uff082021\uff09\uff06\u7b2c8\u4e16\u4ee3\uff082020\uff09\uff06\u7b2c7\u4e16\u4ee3(2019)\/ iPad Pro 10.5\"\/Air 3 - \u30d1\u30fc\u30d7\u30eb"}
{"input_field":"Translate the product title 'JETech [3 in 1] Case for iPhone 13 6.1-Inch, with 2-Pack Screen Protector and Camera Lens Protector, Non-Yellowing Shockproof Bumper Phone Cover, Full Coverage Tempered Glass Film (Clear)' into Japanese. \nOutput: ","target_field":"JEDirect [3 in 1] iPhone 13 \u30b1\u30fc\u30b9 (6.1\u30a4\u30f3\u30c1\u5c02\u7528) \u6db2\u6676\u4fdd\u8b77 2\u679a\u30d5\u30a3\u30eb\u30e0+2\u679a\u30ab\u30e1\u30e9\u30ec\u30f3\u30ba\u30d5\u30a3\u30eb\u30e0\u4ed8\u304d \u9ec4\u3070\u307f\u306a\u3057 \u5168\u9762\u4fdd\u8b77 \u5f37\u5316\u30ac\u30e9\u30b9\u30d5\u30a3\u30eb\u30e0 \u8010\u885d\u6483\u30ab\u30d0\u30fc (\u30af\u30ea\u30a2)"}
{"input_field":"Translate the product title 'Neewer 9 x 15 feet\/2.8 x 4.6 Meters Polyester Photography Backdrop Background Screen with 3 Clamps for Photo Video Studio Shooting, Backdrop Stand Not Included (White)' into Japanese. \nOutput: ","target_field":"Neewer 2.8x4.6M\u64ae\u5f71\u7528\u80cc\u666f\u5e03 \u30af\u30e9\u30f3\u30d73\u500b\u4ed8\u304d \u30d3\u30c7\u30aa\u30b9\u30bf\u30b8\u30aa\u7528\u30dd\u30ea\u30a8\u30b9\u30c6\u30eb\u80cc\u666f\u5e03 \u80cc\u666f\u30b9\u30bf\u30f3\u30c9\u4ed8\u5c5e\u7121\u3057 \u767d"}
{"input_field":"A user found a product with title 'Amazon Basics USB Type-C to USB 3.1 Gen1 Female Adapter - Black' on an online shopping website. Please translate the product title into Japanese.\nOutput: ","target_field":"Amazon\u30d9\u30fc\u30b7\u30c3\u30af USB\u30a2\u30c0\u30d7\u30bf\u30fc 14cm (\u30bf\u30a4\u30d7C - 3.1Gen1(\u30e1\u30b9)) \u30d6\u30e9\u30c3\u30af"}
{"input_field":"Translate the product title 'JETech Case for iPad (9.7-Inch, 2018\/2017 Model, 6th\/5th Generation), Smart Cover Auto Wake\/Sleep (Light Blue)' into Japanese. \nOutput: ","target_field":"JEDirect iPad 9.7\u30a4\u30f3\u30c1 (2018\/2017 \u7b2c6\/5\u4e16\u4ee3\u7528) \u30b1\u30fc\u30b9 PU\u30ec\u30b6\u30fc \u4e09\u3064\u6298\u30b9\u30bf\u30f3\u30c9 \u30aa\u30fc\u30c8\u30b9\u30ea\u30fc\u30d7\u6a5f\u80fd (\u30e9\u30a4\u30c8\u30d6\u30eb\u30fc)"}
{"input_field":"A product entitled 'JETech Case for iPad (9.7-Inch, 2018\/2017 Model, 6th\/5th Generation), Smart Cover Auto Wake\/Sleep (Light Purple)' exists on an online shopping website. Generate an adequate title for the product when it appears on a(n) Japanese online shopping website.\nOutput: ","target_field":"JEDirect iPad 9.7\u30a4\u30f3\u30c1 (2018\/2017 \u7b2c6\/5\u4e16\u4ee3\u7528) \u30b1\u30fc\u30b9 PU\u30ec\u30b6\u30fc \u4e09\u3064\u6298\u30b9\u30bf\u30f3\u30c9 \u30aa\u30fc\u30c8\u30b9\u30ea\u30fc\u30d7\u6a5f\u80fd (\u30e9\u30a4\u30c8\u30d1\u30fc\u30d7\u30eb)"}
{"input_field":"A user found a product with title 'Okamoto lightly uniform is 0.02EX L size 12 pieces' on an online shopping website. Please translate the product title into Japanese.\nOutput: ","target_field":"\u30aa\u30ab\u30e2\u30c8\u30bc\u30ed\u30c4\u30fc0.02 L\u30b5\u30a4\u30ba 12\u30b3\u30a4\u30ea"}
{"input_field":"A product entitled 'ESR Ascend Trifold Case Compatible with iPad Pro 12.9 Inch (2022\/2021), Translucent Stand Case with Clasp, Auto Sleep and Wake, Pencil 2 Wireless Charging, Frosted Black' exists on an online shopping website. Generate an adequate title for the product when it appears on a(n) Japanese online shopping website.\nOutput: ","target_field":"ESR iPad Pro 12.9 \u30b1\u30fc\u30b9 \u7b2c\u516d\u4e16\u4ee3\/\u7b2c\u4e94\u4e16\u4ee3 5G 2022\/2021\u5e74\u30e2\u30c7\u30eb\u5bfe\u5fdc \u534a\u900f\u660e \u4e09\u3064\u6298\u308a\u30b9\u30bf\u30f3\u30c9 \u30aa\u30fc\u30c8\u30b9\u30ea\u30fc\u30d7\u30a6\u30a7\u30a4\u30af\u5bfe\u5fdc Pencil 2\u30ef\u30a4\u30e4\u30ec\u30b9\u5145\u96fb\u5bfe\u5fdc \u7559\u3081\u5177\u4ed8\u304d(\u30d6\u30e9\u30c3\u30af)"}
{"input_field":"A user found a product with title 'JETech Case for iPhone 11 Pro (2019), 5.8-Inch, Shockproof Transparent Bumper Cover, Anti-Scratch Clear Back, Midnight Green' on an online shopping website. Please translate the product title into Japanese.\nOutput: ","target_field":"JEDirect iPhone11Pro \u30b1\u30fc\u30b9 (2019 \u30e2\u30c7\u30eb\u30015.8\u30a4\u30f3\u30c1\u5c02\u7528) \u885d\u6483\u5438\u53ce \u30d0\u30f3\u30d1\u30fc\u30ab\u30d0\u30fc \u50b7\u3064\u3051\u9632\u6b62 \u30af\u30ea\u30a2\u30d0\u30c3\u30af (\u30c0\u30fc\u30af\u30b0\u30ea\u30fc\u30f3)"}
{"input_field":"A product entitled 'Amazon Brand \u2013 Eono Canvas Panels 10cm x 10cm Set of 6 Blank 100% Cotton' exists on an online shopping website. Generate an adequate title for the product when it appears on a(n) Japanese online shopping website.\nOutput: ","target_field":"[Amazon\u30d6\u30e9\u30f3\u30c9] Eono(\u30a4\u30aa\u30fc\u30ce) \u30ad\u30e3\u30f3\u30d0\u30b9 \u30d1\u30cd\u30eb 6\u30bb\u30c3\u30c8 \u30d6\u30e9\u30f3\u30af 100% \u30b3\u30c3\u30c8\u30f3 10cm x 10cm"}
{"input_field":"A product entitled 'SURPHY Liquid Silicone Case Compatible with iPhone 12 Case, iPhone 12 Pro Case 6.1 inches, Gel Rubber Full Body Shockproof Phone Case for iPhone 12\/12 Pro 2020 (Black)' exists on an online shopping website. Generate an adequate title for the product when it appears on a(n) Japanese online shopping website.\nOutput: ","target_field":"SURPHY iPhone12 \u30b1\u30fc\u30b9\/ iPhone12 pro \u30b1\u30fc\u30b9 6.1\u30a4\u30f3\u30c1\u5bfe\u5fdc \uff082020\uff09\u30a2\u30a4\u30d5\u30a9\u30f312\/\u30a2\u30a4\u30d5\u30a9\u30f312 Pro \u30b7\u30ea\u30b3\u30f3\u30b1\u30fc\u30b9 \u8010\u885d\u6483 \u843d\u4e0b\u9632\u6b62 \u9632\u6307\u7d0b \u8d85\u8efd\u91cf \u5168\u9762\u4fdd\u8b77 \u30ab\u30d0\u30fc \u30bd\u30d5\u30c8 \u30ef\u30a4\u30e4\u30ec\u30b9\u5145\u96fb\u5bfe\u5fdc (\u30d6\u30e9\u30c3\u30af)"}
{"input_field":"A product entitled 'ENVEL USB to 3.5mm Jack Audio Adapter,USB to AUX,External Stereo Sound Card for PS4\/PS5\/PC\/Laptop, Headphone Adapter with Built-in Chip TRRS 4-Pole Mic-Supported' exists on an online shopping website. Generate an adequate title for the product when it appears on a(n) Japanese online shopping website.\nOutput: ","target_field":"ENVEL \u30d8\u30c3\u30c9\u30bb\u30c3\u30c8\u30a2\u30c0\u30d7\u30bf\u30fc 3.5mm \u30e1\u30b9\u578b~USB\u30aa\u30b9\u578b \u30c1\u30c3\u30d7\u5185\u8535 \u5916\u4ed8\u3051\u30b9\u30c6\u30ec\u30aa\u30b5\u30a6\u30f3\u30c9\u30ab\u30fc\u30c9 TRRS 4\u6975 \u30de\u30a4\u30af\u5bfe\u5fdc USB~\u30d8\u30c3\u30c9\u30db\u30f3\u3078\u306e\u30a2\u30c0\u30d7\u30bf\u30fc PS5 PS4 \u30ce\u30fc\u30c8\u30d1\u30bd\u30b3\u30f3 PC\u306a\u3069\u306b"}
{"input_field":"Translate the product title 'Rankie DVI to DVI Monitor Cable, 1.8 m, Black' into Japanese. \nOutput: ","target_field":"Rankie DVI-DVI \u30c7\u30a3\u30b9\u30d7\u30ec\u30a4\u30b1\u30fc\u30d6\u30eb 1.8m"}
{"input_field":"A user found a product with title 'Amazon Basics USB 3.0 Cable - A-Male to B-Male Adapter Cord-6 Feet (1.8 Meters)' on an online shopping website. Please translate the product title into Japanese.\nOutput: ","target_field":"Amazon\u30d9\u30fc\u30b7\u30c3\u30af USB3.0\u30b1\u30fc\u30d6\u30eb 1.8m (\u30bf\u30a4\u30d7A\u30aa\u30b9 - \u30bf\u30a4\u30d7B\u30aa\u30b9)"}
{"input_field":"A product entitled 'Amazon Basics 4.8 Amp\/24W Dual USB Car Charger for Apple & Android Devices, White' exists on an online shopping website. Generate an adequate title for the product when it appears on a(n) Japanese online shopping website.\nOutput: ","target_field":"Amazon\u30d9\u30fc\u30b7\u30c3\u30af \u30b7\u30ac\u30fc\u30bd\u30b1\u30c3\u30c8 \u30ab\u30fc\u30c1\u30e3\u30fc\u30b8\u30e3\u30fc \u8eca\u8f09\u5145\u96fb\u5668 Apple&Android\u7528 USB 2\u30dd\u30fc\u30c8 4.8A 24W \u30db\u30ef\u30a4\u30c8"}
{"input_field":"A user found a product with title 'Stretchy Nylon Strap Compatible with Apple Watch Straps 42mm 44mm 45mm 49mm, Adjustable Sport Elastic Bands for iWatch Series 8\/Ultra\/7\/6\/5\/4\/3\/2\/1 SE, 4 Packs' on an online shopping website. Please translate the product title into Japanese.\nOutput: ","target_field":"\u30104\u679a\u30bb\u30c3\u30c8\u3011CCnutri \u30b3\u30f3\u30d1\u30c1\u30d6\u30eb Apple Watch \u30d0\u30f3\u30c9 49mm 45mm 44mm 42mm \u30a2\u30c3\u30d7\u30eb\u30a6\u30a9\u30c3\u30c1 \u30ca\u30a4\u30ed\u30f3 \u5f3e\u6027 \u30d0\u30f3\u30c9 Series Ultra\/8\/7\/SE\/6\/5\/4\/3\/2\/1\u306b\u5bfe\u5fdc Apple Watch \u30b9\u30dd\u30fc\u30c4\u30d0\u30f3\u30c9 \u9577\u3055\u8abf\u6574\u53ef\u80fd \u67d4\u3089\u304b\u3044 \u901a\u6c17 \u9632\u6c57 \u30d6\u30e9\u30c3\u30af\/\u30d2\u30e7\u30a6\u67c4\/\u30bf\u30fc\u30b3\u30a4\u30ba\u30b0\u30ea\u30fc\u30f3\/\u30c0\u30fc\u30af\u30d4\u30f3\u30af"}
{"input_field":"Translate the product title 'Pill Mill Pill Crusher - Crushes Multiple Tablets to a Fine Powder - Metal Medicine Grinder - Tablet Pulverizer Perfect for Travel - Great for Feeding Tube use, Pets or easier Medicine intake for Kids' into Japanese. \nOutput: ","target_field":"\u30d4\u30eb\u30df\u30eb\u30d4\u30eb\u30af\u30e9\u30c3\u30b7\u30e3\u30fc-\u8907\u6570\u306e\u9320\u5264\u3092\u7c89\u7815\u5fae\u7c89\u672b\u306b\u3059\u308b\u91d1\u5c5e\u88fd\u85ac\u7528\u7c89\u7815\u6a5f-\u65c5\u884c\u306b\u6700\u9069\u306a\u9320\u5264\u7c89\u7815\u6a5f-\u7d4c\u7ba1\u6804\u990a\u30da\u30c3\u30c8\u307e\u305f\u5b50\u4f9b\u7c21\u5358\u306a\u85ac\u6442\u53d6\u306b\u6700\u9069"}
{"input_field":"A user found a product with title 'JETech Case Compatible with iPhone 13 mini 5.4-Inch, Shockproof Bumper Cover, Anti-Scratch Clear Back (Navy Blue)' on an online shopping website. Please translate the product title into Japanese.\nOutput: ","target_field":"JEDirect iPhone13 mini \u4fdd\u8b77\u30b1\u30fc\u30b9(5.4\u30a4\u30f3\u30c1\u5c02\u7528) \u885d\u6483\u5438\u53ce \u30d0\u30f3\u30d1\u30fc\u30ab\u30d0\u30fc \u50b7\u3064\u3051\u9632\u6b62 \u30af\u30ea\u30a2\u30d0\u30c3\u30af (\u30cd\u30fc\u30d3\u30fc\u30d6\u30eb\u30fc)"}
{"input_field":"A user found a product with title 'Arteck 2.4G Wireless Keyboard Stainless Steel Ultra Slim Full Size Keyboard with Numeric Keypad for Computer\/Desktop\/PC\/Laptop\/Surface\/Smart TV and Windows 10\/8\/ 7 Built in Rechargeable Battery' on an online shopping website. Please translate the product title into Japanese.\nOutput: ","target_field":"Arteck 2.4G \u30ef\u30a4\u30e4\u30ec\u30b9\u30ad\u30fc\u30dc\u30fc\u30c9 \u7121\u7dda\u30b9\u30c6\u30f3\u30ec\u30b9\u30b9\u30c1\u30fc\u30eb \u8efd\u91cf \u30d5\u30eb\u30b5\u30a4\u30ba\u30ad\u30fc\u30dc\u30fc\u30c9 \u30c6\u30f3\u30ad\u30fc\u4ed8\u304d \u30b3\u30f3\u30d4\u30e5\u30fc\u30bf\u30fc\u3001\u30c7\u30b9\u30af\u30c8\u30c3\u30d7\u3001PC\u3001\u30e9\u30c3\u30d7\u30c8\u30c3\u30d7\u3001Surface\u3001\u30b9\u30de\u30fc\u30c8\u30c6\u30ec\u30d3\u3001Windows10\/8\/7\u3001Vista\u3001XP\u3068\u306e\u4ea4\u63db\u6027\u3042\u308a \u5145\u96fb\u5f0f\u96fb\u6c60\u5185\u8535"}
{"input_field":"Translate the product title 'Patella Tendon Knee Strap 2 Pack, Knee Pain Relief Support Brace For Hiking, Soccer, Basketball, Running, Jumpers Knee, Tennis, Tendonitis, Volleyball & Squats' into Japanese. \nOutput: ","target_field":"\u819d\u84cb\u9aa8\u30b9\u30c8\u30e9\u30c3\u30d72\u30d1\u30c3\u30af \u30cf\u30a4\u30ad\u30f3\u30b0\u3001\u30b5\u30c3\u30ab\u30fc\u3001\u30d0\u30b9\u30b1\u30c3\u30c8\u30dc\u30fc\u30eb\u3001\u30e9\u30f3\u30cb\u30f3\u30b0\u3001\u30b8\u30e3\u30f3\u30d1\u30fc\u819d\u3001\u30c6\u30cb\u30b9\u3001\u30d0\u30ec\u30fc\u30dc\u30fc\u30eb\uff06\u30b9\u30af\u30ef\u30c3\u30c8\u306b\u3088\u308b\u819d\u75db\u7de9\u548c\u30b5\u30dd\u30fc\u30c8\u30d6\u30ec\u30a4\u30b9"}
{"input_field":"A product entitled 'JETech Case Compatible with iPhone 13 6.1-Inch, Shockproof Bumper Cover, Anti-Scratch Clear Back (Red)' exists on an online shopping website. Generate an adequate title for the product when it appears on a(n) Japanese online shopping website.\nOutput: ","target_field":"JEDirect iPhone13 \u4fdd\u8b77\u30b1\u30fc\u30b9(6.1\u30a4\u30f3\u30c1\u5c02\u7528) \u885d\u6483\u5438\u53ce \u30d0\u30f3\u30d1\u30fc\u30ab\u30d0\u30fc \u50b7\u3064\u3051\u9632\u6b62 \u30af\u30ea\u30a2\u30d0\u30c3\u30af (\u30ec\u30c3\u30c9)"}
{"input_field":"A user found a product with title 'Twozoh HDMI 2.0 Cable 5M\/15FT, High-Speed Braided HDMI to HDMI Cord support 4K\/60HZ 18Gbps 2.0a\/2.0b\/1.4a\/2160p\/1080p for PS5,PS4,PC,Projector,Monitor,TV, Xbox' on an online shopping website. Please translate the product title into Japanese.\nOutput: ","target_field":"HDMI \u30b1\u30fc\u30d6\u30eb 5M, Twozoh HDMI 2.0 4K\/60Hz 2160p 1080p 3D HDCP 2.2 ARC \u898f\u683c, \u7de8\u7d44\u30ca\u30a4\u30ed\u30f3, Nintendo Switch\u3001PS5\u3001PS3\u3001PS4\u3001PC\u3001\u30d7\u30ed\u30b8\u30a7\u30af\u30bf\u30fc\u3001HDTV, Xbox\u306a\u3069\u9069\u7528, \u9ad8\u901f\u30a4\u30fc\u30b5\u30cd\u30c3\u30c8\u5bfe\u5fdc"}
{"input_field":"A product entitled 'Pentel Graphgear 1000 Mechanical Drafting Pencil 0.3mm Brown (PG1013)' exists on an online shopping website. Generate an adequate title for the product when it appears on a(n) Japanese online shopping website.\nOutput: ","target_field":"\u307a\u3093\u3066\u308b \u30b7\u30e3\u30fc\u30d7\u30da\u30f3 \u30b0\u30e9\u30d5\u30ae\u30a21000 PG1013 0.3mm"}
{"input_field":"A user found a product with title 'JETech Case for Google Pixel 6a 6.1-Inch 2022, Dual-Layer Protection Shockproof Phone Cover (Purple)' on an online shopping website. Please translate the product title into Japanese.\nOutput: ","target_field":"JEDirect Google Pixel 6a \u30b1\u30fc\u30b9\uff086.1\u30a4\u30f3\u30c1 2022\u7528\uff09 \u4e8c\u5c64\u4fdd\u8b77 \u885d\u6483\u5438\u53ce \u30b9\u30de\u30db\u30ab\u30d0\u30fc (\u30d1\u30fc\u30d7\u30eb)"}
{"input_field":"A product entitled 'JETech Case for iPad Pro 11 Inch, 2022\/2021\/2020 Model, Slim Stand Hard Back Shell Smart Cover with Auto Wake\/Sleep (Black)' exists on an online shopping website. Generate an adequate title for the product when it appears on a(n) Japanese online shopping website.\nOutput: ","target_field":"JEDirect iPadPro11 \u30b1\u30fc\u30b9 2022\/2021\/2020\u30e2\u30c7\u30eb\u9069\u7528 \u4e09\u3064\u6298\u30b9\u30bf\u30f3\u30c9 \u30aa\u30fc\u30c8\u30a6\u30a7\u30a4\u30af\u30a2\u30c3\u30d7\/\u30b9\u30ea\u30fc\u30d7\u6a5f\u80fdiPad Pro 11 \u7528 (\u30d6\u30e9\u30c3\u30af)"}
{"input_field":"A user found a product with title '8Bitdo SN30 Pro USB Gamepad (G Classic Edition) (Nintendo Switch\/\/)' on an online shopping website. Please translate the product title into Japanese.\nOutput: ","target_field":"8bitdo SN30 Pro USB\u30b2\u30fc\u30e0\u30d1\u30c3\u30c9\u6709\u7dda\u30b2\u30fc\u30e0\u30b3\u30f3\u30c8\u30ed\u30fc\u30e9\u7528 Windows\/Steam\/\u30e9\u30ba\u30d9\u30ea\u30fc\u30d1\u30a4\/Switch (G Classic \u30a8\u30c7\u30a3\u30b7\u30e7\u30f3)"}
{"input_field":"Translate the product title 'Seagate Expansion Card for Xbox Series X|S, 2 TB Solid State Drive - NVMe Expansion SSD for Xbox Series X|S, 2 yr Rescue Services (STJR2000400)' into Japanese. \nOutput: ","target_field":"Seagate Storage \u62e1\u5f35\u30ab\u30fc\u30c9 Xbox\u30b7\u30ea\u30fc\u30ba X|S 2TB \u30bd\u30ea\u30c3\u30c9\u30b9\u30c6\u30fc\u30c8\u30c9\u30e9\u30a4\u30d6 NVMe \u62e1\u5f35SSD Xbox Series X|S (STJR2000400)"}
{"input_field":"A product entitled 'Crucial RAM 32GB Kit (2x16GB) DDR4 3200MHz CL22 (or 2933MHz or 2666MHz) Laptop Memory CT2K16G4SFRA32A' exists on an online shopping website. Generate an adequate title for the product when it appears on a(n) Japanese online shopping website.\nOutput: ","target_field":"Crucial \u30ce\u30fc\u30c8PC\u7528\u5897\u8a2d\u30e1\u30e2\u30ea 32GB(16GBx2\u679a) DDR4 3200MT\/s(PC4-25600) CL22 SODIMM 260pin CT2K16G4SFRA32A"}
{"input_field":"Translate the product title 'JETech Case for iPad Pro 11 Inch (2022\/2021\/2020 Model) with Pencil Holder, Support 2nd Pencil Charging, Slim Tablet Cover with Soft TPU Back, Auto Wake\/Sleep (Black)' into Japanese. \nOutput: ","target_field":"JEDirect iPad Pro 11\u30a4\u30f3\u30c1 \u30b1\u30fc\u30b9(2022\/2021\/2020\u30e2\u30c7\u30eb) Pencil\u30db\u30eb\u30c0\u30fc\u4ed8\u304d \u7b2c2\u4e16\u4ee3Pencil\u5145\u96fb\u5bfe\u5fdc \u30bd\u30d5\u30c8TPU\u30d0\u30c3\u30af \u30b9\u30ea\u30e0\u4fdd\u8b77\u30ab\u30d0\u30fc \u30aa\u30fc\u30c8\u30a6\u30a7\u30a4\u30af\u30a2\u30c3\u30d7\/\u30b9\u30ea\u30fc\u30d7\u6a5f\u80fd\u4ed8\u304d (\u30d6\u30e9\u30c3\u30af)"}
{"input_field":"A product entitled 'JETech Case Compatible with iPhone 13 mini 5.4-Inch, Shockproof Bumper Cover, Anti-Scratch Clear Back (Black)' exists on an online shopping website. Generate an adequate title for the product when it appears on a(n) Japanese online shopping website.\nOutput: ","target_field":"JEDirect iPhone13 mini \u4fdd\u8b77\u30b1\u30fc\u30b9(5.4\u30a4\u30f3\u30c1\u5c02\u7528) \u885d\u6483\u5438\u53ce \u30d0\u30f3\u30d1\u30fc\u30ab\u30d0\u30fc \u50b7\u3064\u3051\u9632\u6b62 \u30af\u30ea\u30a2\u30d0\u30c3\u30af (\u30d6\u30e9\u30c3\u30af)"}
{"input_field":"A user found a product with title 'JETech Silicone Case for iPhone 14 Pro 6.1-Inch, Silky-Soft Touch Full-Body Protective Phone Case, Shockproof Cover with Microfiber Lining (Black)' on an online shopping website. Please translate the product title into Japanese.\nOutput: ","target_field":"JEDirect iPhone 14 Pro 6.1\u30a4\u30f3\u30c1\u7528 \u30b7\u30ea\u30b3\u30f3\u30b1\u30fc\u30b9 \u30b7\u30eb\u30ad\u30fc\u30bd\u30d5\u30c8\u30bf\u30c3\u30c1\u30d5\u30eb\u30dc\u30c7\u30a3\u4fdd\u8b77\u30b1\u30fc\u30b9 \u30de\u30a4\u30af\u30ed\u30d5\u30a1\u30a4\u30d0\u30fc\u30e9\u30a4\u30cb\u30f3\u30b0\u4ed8\u304d\u8010\u885d\u6483\u30ab\u30d0\u30fc (\u30d6\u30e9\u30c3\u30af)"}
{"input_field":"Translate the product title 'Twozoh Ultra-Thin HDMI to HDMI Cable 2M, Hyper Slim HDMI 2.0 Cable, Extreme Flexible 4K HDMI Cord Support 3D\/4K@60Hz, 2160P, 1080P' into Japanese. \nOutput: ","target_field":"Twozoh HDMI\u30b1\u30fc\u30d6\u30eb \u67d4\u3089\u304b 2M HDMI\u30b1\u30fc\u30d6\u30eb\u7d30\u7dda \u30cf\u30a4\u30d1\u30fc\u30b9\u30ea\u30e0 HDMI 2.0\u30b1\u30fc\u30d6\u30eb \u8efd\u91cf 4K HDMI\u77ed\u3044 \u6975\u7d303D\/4K@60Hz 2160P 1080P"}
{"input_field":"A product entitled 'JETech Case for iPhone 13 Pro 6.1-Inch, Non-Yellowing Shockproof Phone Bumper Cover, Anti-Scratch Clear Back (Clear)' exists on an online shopping website. Generate an adequate title for the product when it appears on a(n) Japanese online shopping website.\nOutput: ","target_field":"JEDirect iPhone13 Pro \u4fdd\u8b77\u30b1\u30fc\u30b9(Pro 6.1\u30a4\u30f3\u30c1\u5c02\u7528) \u9ec4\u3070\u307f\u306a\u3057 \u885d\u6483\u5438\u53ce \u30d0\u30f3\u30d1\u30fc\u30ab\u30d0\u30fc \u50b7\u3064\u3051\u9632\u6b62 \u30af\u30ea\u30a2\u30d0\u30c3\u30af (\u30af\u30ea\u30a2)"}
{"input_field":"Translate the product title 'JETech Case for iPad 9\/8 \/ 7 (10.2-Inch, 2021\/2020 \/ 2019 Model, 9th \/ 8th \/ 7th Generation), Auto Wake\/Sleep, Purple' into Japanese. \nOutput: ","target_field":"JEDirect iPad 9\/8\/7 \u30b1\u30fc\u30b9 (10.2\u30a4\u30f3\u30c1 2021\/2020\/2019\u30e2\u30c7\u30eb \u7b2c9\/8\/7\u4e16\u4ee3\u7528) \u30b1\u30fc\u30b9 \u4e09\u3064\u6298\u308a\u30b9\u30bf\u30f3\u30c9 \u8010\u885d\u6483\u30ab\u30d0\u30fc \u30aa\u30fc\u30c8\u30a6\u30a7\u30a4\u30af\u30a2\u30c3\u30d7\/\u30b9\u30ea\u30fc\u30d7\u6a5f\u80fd (\u30d1\u30fc\u30d7\u30eb)"}
{"input_field":"A user found a product with title 'JETech Ultra Slim (0.35mm Thin) Case for iPhone 13, 6.1-Inch, Camera Lens Cover Full Protection, Lightweight, Matte Finish PP Hard Minimalist Case, Support Wireless Charging (Black)' on an online shopping website. Please translate the product title into Japanese.\nOutput: ","target_field":"JEDirect \u8d85\u8584\u578b(0.35mm\u8584\u3055) iPhone13 \u30b1\u30fc\u30b9 6.1\u30a4\u30f3\u30c1\u5c02\u7528 \u30ab\u30e1\u30e9\u30ec\u30f3\u30ba \u4fdd\u8b77\u30ab\u30d0\u30fc \u8efd\u91cf \u30de\u30c3\u30c8\u8cea\u611f PP\u30cf\u30fc\u30c9\u30df\u30cb\u30de\u30ea\u30b9\u30c8\u30b1\u30fc\u30b9 \u30ef\u30a4\u30e4\u30ec\u30b9\u5145\u96fb\u5bfe\u5fdc (\u30d6\u30e9\u30c3\u30af)"}
{"input_field":"A user found a product with title 'JETech Case Compatible with iPhone 13 6.1-Inch, Shockproof Bumper Cover, Anti-Scratch Clear Back (Blue)' on an online shopping website. Please translate the product title into Japanese.\nOutput: ","target_field":"JEDirect iPhone13 \u4fdd\u8b77\u30b1\u30fc\u30b9(6.1\u30a4\u30f3\u30c1\u5c02\u7528) \u885d\u6483\u5438\u53ce \u30d0\u30f3\u30d1\u30fc\u30ab\u30d0\u30fc \u50b7\u3064\u3051\u9632\u6b62 \u30af\u30ea\u30a2\u30d0\u30c3\u30af (\u30d6\u30eb\u30fc)"}
{"input_field":"A product entitled 'JVC HA-A7T-B Fully Wireless Earbuds, Weight: 0.1 oz (4.8 g), Small, Lightweight, Body Up to 15 Hours Playtime, Waterproof for Daily Use, Bluetooth Ver5.0 Compatible, Black' exists on an online shopping website. Generate an adequate title for the product when it appears on a(n) Japanese online shopping website.\nOutput: ","target_field":"JVC HA-A7T-B \u5b8c\u5168\u30ef\u30a4\u30e4\u30ec\u30b9\u30a4\u30e4\u30db\u30f3 \u672c\u4f53\u8cea\u91cf4.8g\u5c0f\u578b\u8efd\u91cf\u30dc\u30c7\u30a3\u6700\u592715\u6642\u9593\u518d\u751f \u751f\u6d3b\u9632\u6c34\u4ed5\u69d8 Bluetooth Ver5.0\u5bfe\u5fdc \u30d6\u30e9\u30c3\u30af"}
{"input_field":"Translate the product title 'Tasikar Straps Compatible with Apple Watch Strap 49mm 45mm 44mm 42mm Premium Stainless Steel Metal Replacement Strap for Apple Watch Ultra Series 8 7 (45mm) SE Series 6 5 4 (44mm) 3 2 1 (42mm)-Silver' into Japanese. \nOutput: ","target_field":"Tasikar \u30b3\u30f3\u30d1\u30c1\u30d6\u30eb Apple Watch \u30d0\u30f3\u30c9 49mm 45mm 44mm 42mm \u30d7\u30ec\u30df\u30a2\u30e0\u30b9\u30c6\u30f3\u30ec\u30b9\u30b9\u30c1\u30fc\u30eb\u30e1\u30bf\u30eb\u4ea4\u63db\u30d0\u30f3\u30c9 Apple Watch Ultra (49mm) \u30b7\u30ea\u30fc\u30ba8 \/ 7 (45mm) SE \u30b7\u30ea\u30fc\u30ba6 \u30b7\u30ea\u30fc\u30ba5 \/ 4 (44mm) \u30b7\u30ea\u30fc\u30ba3 \/ 2 \/ 1 (42mm)\u7528 (\u30b7\u30eb\u30d0\u30fc)"}
{"input_field":"A user found a product with title 'JETech Case for iPhone 14 Pro 6.1-Inch with Built-in Screen Protector Anti-Scratch, 360 Degree Full Body Rugged Phone Cover Clear Back (Black)' on an online shopping website. Please translate the product title into Japanese.\nOutput: ","target_field":"JEDirect iPhone 14 Pro 6.1\u30a4\u30f3\u30c1\u7528 \u30b1\u30fc\u30b9 \u6db2\u6676\u4fdd\u8b77\u30d5\u30a3\u30eb\u30e0\u5185\u8535 \u50b7\u3064\u3051\u9632\u6b62 \u30d5\u30eb\u30dc\u30c7\u30a3 360\u00b0\u5168\u9762 \u4fdd\u8b77\u30ab\u30d0\u30fc \u30af\u30ea\u30a2\u30d0\u30c3\u30af (\u30d6\u30e9\u30c3\u30af)"}
{"input_field":"A user found a product with title 'ESR HaloLock Universal MagSafe Ring, Magnetic Wireless Charging Conversion Kit, MagSafe Sticker, Compatible with iPhone 14\/14 Plus\/14 Pro\/14 Pro Max\/13\/12 Series, Galaxy S22, 4 Pack, Black and Silver' on an online shopping website. Please translate the product title into Japanese.\nOutput: ","target_field":"ESR HaloLock\u30e6\u30cb\u30d0\u30fc\u30b5\u30eb\u30ea\u30f3\u30b0 \u78c1\u6c17\u30ef\u30a4\u30e4\u30ec\u30b9\u5145\u96fb\u5bfe\u5fdc\u30ad\u30c3\u30c8 MagSafe\u5bfe\u5fdc\u30e1\u30bf\u30eb\u30ea\u30f3\u30b0 iPhone 14\/14 Plus\/14 Pro\/14 Pro Max\/\u306813\/12 \u30b7\u30ea\u30fc\u30ba\u5bfe\u5fdc Samsung Galaxy\u5bfe\u5fdc 4\u500b\u5165\u308a \u30d6\u30e9\u30c3\u30af\u30fb\u30b7\u30eb\u30d0\u30fc"}
{"input_field":"A user found a product with title 'Dior Eau de Toilette, 60 ml' on an online shopping website. Please translate the product title into Japanese.\nOutput: ","target_field":"\u30af\u30ea\u30b9\u30c1\u30e3\u30f3 \u30c7\u30a3\u30aa\u30fc\u30eb \u30bd\u30f4\u30a1\u30fc\u30b8\u30e5 \u30aa\u30fc\u30c9\u30c8\u30ef\u30ec 60ml"}
{"input_field":"Translate the product title 'LEGO 43193 Disney Princess Ariel, Belle, Cinderella and Tiana\u2019s Storybook Adventures Castle Toy with 4 Micro-Doll Figures, Gifts for Girls & Boys age 5 Plus' into Japanese. \nOutput: ","target_field":"\u30ec\u30b4(LEGO) \u30c7\u30a3\u30ba\u30cb\u30fc\u30d7\u30ea\u30f3\u30bb\u30b9 \u30a2\u30ea\u30a8\u30eb\u3001\u30d9\u30eb\u3001\u30b7\u30f3\u30c7\u30ec\u30e9\u3001\u30c6\u30a3\u30a2\u30ca\u306e\u30d7\u30ea\u30f3\u30bb\u30b9\u30d6\u30c3\u30af 43193 \u304a\u3082\u3061\u3083 \u30d6\u30ed\u30c3\u30af \u30d7\u30ec\u30bc\u30f3\u30c8 \u304a\u59eb\u69d8 \u304a\u3072\u3081\u3055\u307e \u5973\u306e\u5b50 5\u6b73\u4ee5\u4e0a"}
{"input_field":"A user found a product with title 'JETech Case for iPhone 14 Pro Max 6.7-Inch, Non-Yellowing Shockproof Phone Bumper Cover, Anti-Scratch Clear Back (Clear)' on an online shopping website. Please translate the product title into Japanese.\nOutput: ","target_field":"JEDirect iPhone 14 Pro Max 6.7\u30a4\u30f3\u30c1\u7528 \u9ec4\u3070\u307f\u306a\u3057 \u4fdd\u8b77\u30b1\u30fc\u30b9 \u885d\u6483\u5438\u53ce \u30d0\u30f3\u30d1\u30fc\u30ab\u30d0\u30fc \u50b7\u3064\u3051\u9632\u6b62 \u30af\u30ea\u30a2\u30d0\u30c3\u30af (\u30af\u30ea\u30a2)"}
{"input_field":"A product entitled 'CableCreation Short USB C to Lightning Cable 0.15m [MFi Certified] iPhone 13 Charger Cable Short for iPhone 14\/14 Pro\/13\/13 Pro\/12\/12 Pro\/11\/ X\/XR AirPods Pro etc.' exists on an online shopping website. Generate an adequate title for the product when it appears on a(n) Japanese online shopping website.\nOutput: ","target_field":"\u3010Apple MFi\u8a8d\u8a3c\u3011USB C to \u30e9\u30a4\u30c8\u30cb\u30f3\u30b0 \u30b1\u30fc\u30d6\u30eb,CableCreation \u77ed\u3044Type-C Lightning \u5909\u63db\u30b1\u30fc\u30d6\u30eb0.15\uff4d\u300118W iPhone \u6025\u901f\u5145\u96fb\u30c7\u30fc\u30bf\u540c\u671f\u3001 iPhone 14\/14 Pro \/13\/13 Pro\/12\/12 Pro\/11\/X\/XS \/8\u3001AirPods Pro\u306a\u3069\u306b\u5bfe\u5fdc"}
{"input_field":"A product entitled 'JETech Full Coverage Screen Protector for iPhone 14 Pro Max 6.7-Inch with Camera Lens Protector, Tempered Glass Film, HD Clear, 2-Pack Each' exists on an online shopping website. Generate an adequate title for the product when it appears on a(n) Japanese online shopping website.\nOutput: ","target_field":"JEDirect iPhone 14 Pro Max 6.7\u30a4\u30f3\u30c1\u7528 \u5168\u9762\u4fdd\u8b77\u30d5\u30a3\u30eb\u30e0 \u30ab\u30e1\u30e9\u30ec\u30f3\u30ba\u30d5\u30a3\u30eb\u30e0\u4ed8\u304d \u5f37\u5316\u30ac\u30e9\u30b9\u30d5\u30a3\u30eb\u30e0 HD\u30af\u30ea\u30a2 2\u679a+2\u679a\u30bb\u30c3\u30c8"}
{"input_field":"A user found a product with title 'FINTIE Case for iPad 9th \/ 8th \/ 7th Generation (2021\/2020\/2019) 10.2 Inch - [Corner Protection] Multi-Angle Viewing Stand Cover with Pocket & Pencil Holder, Auto Wake Sleep, Aqua Wave' on an online shopping website. Please translate the product title into Japanese.\nOutput: ","target_field":"Fintie iPad \u7b2c9\/8\/7\u4e16\u4ee3(2021\/2020\/2019) 10.2\u30a4\u30f3\u30c1\u7528\u30b1\u30fc\u30b9 - [\u30b3\u30fc\u30ca\u30fc\u4fdd\u8b77] \u30de\u30eb\u30c1\u30a2\u30f3\u30b0\u30eb\u8996\u8074\u30b9\u30bf\u30f3\u30c9\u30ab\u30d0\u30fc \u30dd\u30b1\u30c3\u30c8\u3068\u30da\u30f3\u30b7\u30eb\u30db\u30eb\u30c0\u30fc\u4ed8\u304d \u30aa\u30fc\u30c8\u30b9\u30ea\u30fc\u30d7\u30a6\u30a7\u30a4\u30af\/\u30a2\u30af\u30a2\u30a6\u30a7\u30fc\u30d6"}
{"input_field":"Translate the product title 'Twozoh HDMI Extension Cable, HDMI Male to Female HDMI Cord, Nylon Braided HDMI Extender, HDMI 2.0 Cable Adapter support 4K@60Hz 3D HDR (2M)' into Japanese. \nOutput: ","target_field":"Twozoh HDMI\u5ef6\u9577\u30b1\u30fc\u30d6\u30eb HDMI\u30aa\u30b9-\u30e1\u30b9HDMI\u30b3\u30fc\u30c9 \u30ca\u30a4\u30ed\u30f3\u7de8\u7d44HDMI\u30a8\u30af\u30b9\u30c6\u30f3\u30c0\u30fc HDMI 2.0\u30b1\u30fc\u30d6\u30eb\u30a2\u30c0\u30d7\u30bf\u30fc 4K@60Hz 3D HDR (2M) \u5bfe\u5fdc"}
{"input_field":"A user found a product with title 'ESR HaloLock mini Wireless Charger, MagSafe-Compatible Charger Compatible with iPhone 14\/14 Plus\/14 Pro\/14 Pro Max\/13\/12 Series, Strong Magnetic Lock, Reinforced Braided Nylon Cable, 2 Pack, Silver' on an online shopping website. Please translate the product title into Japanese.\nOutput: ","target_field":"ESR HaloLock \u30df\u30cb\u30ef\u30a4\u30e4\u30ec\u30b9\u5145\u96fb\u5668 MagSafe\u5145\u96fb\u5668 \u30de\u30b0\u30cd\u30c3\u30c8\u5f0f iPhone 14\/14 Plus\/14 Pro\/14 Pro Max\/13\/12\u30b7\u30ea\u30fc\u30ba\u5bfe\u5fdc \u6025\u901f\u5145\u96fb \u5f37\u529b\u78c1\u6c17\u5438\u7740 \u5f37\u5316\u7de8\u7d44\u30ca\u30a4\u30ed\u30f3\u30b1\u30fc\u30d6\u30eb 2\u500b\u5165\u308a \u30b7\u30eb\u30d0\u30fc"}
{"input_field":"Translate the product title 'Elgato 4K60 Pro MK.2, Internal Capture Card, Stream and Record 4K60 HDR10 with ultra-low latency on PS5, PS4 Pro, Xbox Series X\/S, Xbox One X, in OBS, Twitch, YouTube, for PC' into Japanese. \nOutput: ","target_field":"Elgato 4K60 Pro MK.2 \u5185\u90e8\u30ad\u30e3\u30d7\u30c1\u30e3\u30ab\u30fc\u30c9 PS5\u3001PS4 Pro\u3001Xbox Series X\/S\u3001Xbox One X\u5bfe\u5fdc \u4f4e\u30ec\u30a4\u30c6\u30f3\u30b7\u30fc 4K\/60fps HDR10 \u30e9\u30a4\u30d6\u914d\u4fe1\/\u9332\u753b OBS\/Twitch\/YouTube\u9023\u643a PC\u5bfe\u5fdc"}
{"input_field":"Translate the product title 'Fanxiang S101 512GB SSD SATA III 6Gb\/s 2.5\" Internal Solid State Drive, Read Speed up to 550MB\/sec, Compatible with Laptop and PC Desktops(Black)' into Japanese. \nOutput: ","target_field":"Fanxiang (\u30d5\u30a1\u30f3\u30b7\u30e3\u30f3) S101 512GB SSD SATA III 6Gb\/s 2.5\u30a4\u30f3\u30c1\u5185\u8535\u30bd\u30ea\u30c3\u30c9\u30b9\u30c6\u30fc\u30c8\u30c9\u30e9\u30a4\u30d6 \u8aad\u53d6\u308a\u901f\u5ea6\u6700\u9ad8550MB\/\u79d2 \u30ce\u30fc\u30c8\u30d1\u30bd\u30b3\u30f3\u304a\u3088\u3073\u30c7\u30b9\u30af\u30c8\u30c3\u30d7PC\u306b\u5bfe\u5fdc (\u30d6\u30e9\u30c3\u30af)"}
{"input_field":"A product entitled 'Sabrent NVMe M.2 SSD to PCIe X16\/X8\/X4 Card with aluminum heat sink (EC-PCIE)' exists on an online shopping website. Generate an adequate title for the product when it appears on a(n) Japanese online shopping website.\nOutput: ","target_field":"Sabrent NVMe M.2 SSD\u304b\u3089PCIe X16\/X8\/X4\u5909\u63db\u30a2\u30c0\u30d7\u30bf\u30ab\u30fc\u30c9 \u30a2\u30eb\u30df\u30cb\u30a6\u30e0\u30d2\u30fc\u30c8\u30b7\u30f3\u30af\u4ed8 (EC-PCIE)"}
{"input_field":"Translate the product title 'NEEWER 50 in 1 Action Camera Accessory Kit Compatible with GoPro Hero 11 10 9 8 7 6 5 4 GoPro Max GoPro Fusion Insta360 DJI Osmo Action Action 2 AKASO, and more' into Japanese. \nOutput: ","target_field":"NEEWER 50 in 1 \u30a2\u30af\u30b7\u30e7\u30f3\u30ab\u30e1\u30e9 \u30a2\u30af\u30bb\u30b5\u30ea\u30fc\u30ad\u30c3\u30c8 GoPro Hero 11 10 9 8 7 6 5 4 GoPro Max GoPro Fusion Insta360 DJI Osmo Action Action 2 AKASO\u306a\u3069\u306b\u5bfe\u5fdc"}
