{"input_field":"A user found a product with title 'ULAK Liquid Silicone Case for Galaxy S20 FE, 3 Layer Shockproof Hybrid Drop Protection Rubber Protective Phone Case Cover Compatible with Samsung Galaxy S20 FE 6.5 inches - Blue' on an online shopping website. Please translate the product title into French.\nOutput: ","target_field":"ULAK Coque Compatible avec Samsung Galaxy S20 FE, \u00c9tui Housse Rigide Liquid Silicon Protection Antichoc Anti-Rayures Coque pour Samsung Galaxy S20FE 5G 6,5 Pouces, Bleu"}
{"input_field":"A user found a product with title 'LEGO 10780 Disney Mickey and Friends Castle Defenders Buildable Toy with Minnie, Daisy and Donald Duck plus Dragon & horse Toys for Kids 4 Plus Years Old' on an online shopping website. Please translate the product title into French.\nOutput: ","target_field":"Lego 10780 Disney Mickey et Ses Amis D\u00e9fenseurs du Ch\u00e2teau, Ch\u00e2teau Fort Jouet avec Chevaux et Figurine de Dragon, pour Gar\u00e7ons et Filles de 4 Ans"}
{"input_field":"A product entitled 'Venobat LED Halloween Mask, 2 Pack Neon Light Up Mask with Dark and Evil Glowing Eyes 3 Lighting Modes, Halloween Scary Mask for Adults Kids Cosplay Costume Party Carnival Gift for Men Women' exists on an online shopping website. Generate an adequate title for the product when it appears on a(n) French online shopping website.\nOutput: ","target_field":"RONSTONE Venobat Masque d'Halloween \u00e0 LED, 2 packs de masques lumineux \u00e0 3 modes d'\u00e9clairage, masque d'Halloween effrayant pour adultes enfants Cosplay Costume F\u00eate Carnaval Cadeau Hommes Femmes"}
{"input_field":"Translate the product title 'LK [\ud835\udfee+\ud835\udfee \ud835\ude4b\ud835\ude56\ud835\ude58\ud835\ude60] Screen Protector Compatible with Samsung Galaxy S22 Plus 5G, 2pcs HD Clear Tempered Glass Screen Protector and 2pcs Camera Lens Protector, Fingerprint Support, Case Friendly' into French. \nOutput: ","target_field":"LK 2+2 Verre tremp\u00e9 Compatible avec Samsung Galaxy S22 Plus 5G,2pcs Protection Ecran S22+ et 2pcs Cam\u00e9ra Arri\u00e8re Protecteur Anti-rayure et Sans Bulles et ULtra-HD,avec Cadre d'Installation"}
{"input_field":"A product entitled 'Philips WhiteVision ultra W5W car signaling bulb, double blister' exists on an online shopping website. Generate an adequate title for the product when it appears on a(n) French online shopping website.\nOutput: ","target_field":"Philips WhiteVision ultra W5W lampe de signalisation, blister de 2 Blanc"}
{"input_field":"A product entitled 'VEEKTOMX Power Bank with Built-in Cables, 20000mAh USB C Portable Charger with 5 Outputs & 2 Inputs and LED Display, External Battery Bank for iPhone\/iPad\/Samsung S22\/21\/20 (20000mAh-White)' exists on an online shopping website. Generate an adequate title for the product when it appears on a(n) French online shopping website.\nOutput: ","target_field":"Batterie Externe avec C\u00e2bles Int\u00e9gr\u00e9s, VEEKTOMX 20000mAh Batterie Externe Chargeur Power Bank, 5 Sorties et LED Display Chargeur Externe pour iPhone\/iPad\/Samsung et Autres appareils intelligents"}
{"input_field":"A product entitled 'Vileda Total Reflect Ironing Board Cover, Fabric, Grey, 120\u2013130 x 38-45 cm' exists on an online shopping website. Generate an adequate title for the product when it appears on a(n) French online shopping website.\nOutput: ","target_field":"Vileda Total Reflect Housse de Planche \u00e0 Repasser, Tissu r\u00e9fl\u00e9chissant, Design Al\u00e9atoire, 45x130 cm"}
{"input_field":"A user found a product with title 'Blanket 160x200cm, 550GSM Thick Blanket, Sherpa Fleece Blanket, Warm and Cosy Blanket, Super Soft and Fluffy Blanket, Throw, Sofa Blanket, Machine Washable Easy to Care for, Practical Gift, Gray' on an online shopping website. Please translate the product title into French.\nOutput: ","target_field":"Couverture 160x200cm, 550GSM Couverture Epaisse, Couverture Chaude et Confortable, Couverture Super Douce et Moelleuse, Couverture Sherpa Sheep, Lavable \u00e0 la Machine Facile \u00e0 Manipuler,Cadeau Pratique"}
{"input_field":"A user found a product with title 'SYY Thermal Paste, 4g 2022 New Upgrade Easy to Apply CPU Thermal Compound Paste Heatsink for IC\/Processor\/CPU\/All Coolers, Carbon Based High Performance, Thermal Interface Material' on an online shopping website. Please translate the product title into French.\nOutput: ","target_field":"P\u00e2te Thermique, SYY 4g 2022 Nouvelle Mise \u00e0 Niveau Facile \u00e0 appliquer P\u00e2te pour Interface Thermique \u00e0 Base de Carbone, p\u00e2te de dissipateur Thermique pour GPU\/CPU\/VGA\/IC\/LED"}
{"input_field":"A user found a product with title 'Jabra Elite 7 Active In-Ear Bluetooth Earbuds - True Wireless Sports Ear Buds with Jabra ShakeGrip for the ultimate active fit, Adjustable Active Noise Cancellation and Alexa Built-In - Black' on an online shopping website. Please translate the product title into French.\nOutput: ","target_field":"Jabra Elite 7 Active \u00c9couteurs Bluetooth Intra-Auriculaires - Oreillettes Sport True Wireless avec Jabra ShakeGrip pour un Maintien Optimal en Mouvement et suppression active du bruit r\u00e9glable - Noir"}
{"input_field":"Translate the product title 'Posture Corrector for Women and Men, Vicorrect Adjustable Upper Back Brace for Clavicle Support and Providing Pain Relief from Neck, Shoulder, and Upper Back (S\/M)' into French. \nOutput: ","target_field":"Redresse Dos Correcteur de Posture, Posture Correcteur Dos R\u00e9glable pour le haut du dos qui soutient la clavicule et soulage les douleurs du cou, des \u00e9paules et du haut du dos (S\/M)"}
{"input_field":"A product entitled 'Soundcore by Anker P3i Hybrid Active Noise Cancelling Earbuds, Wireless Earbuds with 4 Mics, AI-Enhanced Calls, 10mm Drivers, Powerful Sound, App for Custom EQ, 36H Playtime, Fast Charging' exists on an online shopping website. Generate an adequate title for the product when it appears on a(n) French online shopping website.\nOutput: ","target_field":"\u00c9couteurs Bluetooth Soundcore by Anker P3i R\u00e9duction de Bruit Active, Appels Am\u00e9lior\u00e9s par IA 4\u00a0Micros, Conducteurs 10mm, Son Puissant, 36H de Lecture, Charge Rapide, Transparence, Bluetooth 5.2"}
{"input_field":"A user found a product with title 'Plusvive Zinc 25mg with Bioavailability Matrix, 365 tablets' on an online shopping website. Please translate the product title into French.\nOutput: ","target_field":"Plusvive - 365\u00a0comprim\u00e9s de zinc avec matrice de biodisponibilit\u00e9, (25\u00a0mg)"}
{"input_field":"A product entitled 'smart&gentle Made in Germany Ironing mat for steam Irons 100x65cm (39.4\"x25.6\") - Non-Slip Iron mat, Ironing Blanket for Tables with Heat and Moisture Protection.' exists on an online shopping website. Generate an adequate title for the product when it appears on a(n) French online shopping website.\nOutput: ","target_field":"smart&gentle Made in Germany tapis de repassage sur table pour fers \u00e0 vapeur 100x65cm - nappe de repassage sur table antid\u00e9rapant, nappe a repasser avec protection contre la chaleur et l'humidit\u00e9"}
{"input_field":"A user found a product with title 'BLACKSYNCZE iPhone Charger Cable, [MFi Certified] 0.3M Lightning Cable Nylon Braided Fast iPhone Charging Cable Lead Compatible with iPhone 11 12 13 Pro Max Mini XR XS X Max 8 7 6 and more, Gray' on an online shopping website. Please translate the product title into French.\nOutput: ","target_field":"BLACKSYNCZE C\u00e2ble iPhone Chargeur iPhone, 30cm Certifi\u00e9 MFi C\u00e2ble iPhone Nylon C\u00e2ble Chargeur iPhone Fil Charge Rapide pour iPhone 11 12 13 Pro Max Mini XR XS X 8 7 6 Plus 6s 6 SE 5 5s 5c, Gris"}
{"input_field":"Translate the product title 'Apple iPhone 12, 128GB, Black (Renewed)' into French. \nOutput: ","target_field":"Apple iPhone 12, 128Go, Noir - (Reconditionn\u00e9)"}
{"input_field":"A user found a product with title 'LEGO 42096 Technic Porsche 911 RSR Race Car Model Building Kit, Advanced Replica, Exclusive Collectible Set, Gift for Boys & Girls' on an online shopping website. Please translate the product title into French.\nOutput: ","target_field":"LEGO 42096 Technic Porsche 911 RSR, Set Voiture de Course D\u00e9taill\u00e9e \u00e0 Construire, Mod\u00e8le de Collection pour Adultes"}
{"input_field":"A user found a product with title 'Amazon Basics Vacuum Compression Storage Bags with Airtight Valve and Hand Pump - Large, 5-Pack' on an online shopping website. Please translate the product title into French.\nOutput: ","target_field":"Amazon Basics Lot de 5 housses de rangement sous vide avec pompe manuelle - Taille L"}
{"input_field":"Translate the product title 'URAQT Face Gems Glitter, 6 Pcs Rhinestone Face Glitter, Crystals Face Stickers for Eyes, Self-Adhesive Body Temporary Tattoos for Party, Rave Festival' into French. \nOutput: ","target_field":"URAQT Autocollant de visage, Paillettes de Pierres Pr\u00e9cieuses pour Le visage, 6pcs Autocollants pour le Visage en Cristaux pour Les Yeux, Tatouages Temporaires pour le Corps Auto-adh\u00e9sif"}
{"input_field":"A product entitled 'Purse Pets Fleece Bag - Llama or Cat - with 30+ Interactive Sounds, Eye Flashes and Music, from 5 Years, No Pre-Selection Possible' exists on an online shopping website. Generate an adequate title for the product when it appears on a(n) French online shopping website.\nOutput: ","target_field":"Purse Pets Sofi Sac Lama ou Chat avec 30 Sons interactifs, clignotement des Yeux et Musique \u00e0 partir de 5 Ans, Pas de pr\u00e9s\u00e9lection Possible"}
{"input_field":"A user found a product with title 'SanDisk Extreme PRO 64GB SDXC Memory Card up to 170MB\/s, UHS-1, Class 10, U3, V30, Black' on an online shopping website. Please translate the product title into French.\nOutput: ","target_field":"SanDisk 64 Go Extreme PRO SDXC, carte m\u00e9moire, jusqu'\u00e0 170 MB\/s UHS-I Classe 10, U3, V30"}
{"input_field":"A product entitled 'SanDisk Ultra 32 GB USB Flash Drive USB 3.0 Up to 130 MB\/s Read - Twin Pack, Red\/Blue' exists on an online shopping website. Generate an adequate title for the product when it appears on a(n) French online shopping website.\nOutput: ","target_field":"Cl\u00e9 USB 3.0 SanDisk Ultra 32 Go Jusqu'\u00e0 130 Mo\/S - Paquet de Deux"}
{"input_field":"A user found a product with title 'HP 1AH01A Sprocket 2x3\" Premium Zink Sticky Back Photo Paper (20 Sheets) Compatible with Sprocket Photo Printers' on an online shopping website. Please translate the product title into French.\nOutput: ","target_field":"HP 2x3\" Papier photo Zink de qualit\u00e9 sup\u00e9rieure (20 feuilles) compatible avec l'imprimante photo portable Sprocket"}
{"input_field":"A product entitled 'WD 2 TB Elements Portable External Hard Drive - USB 3.0, Black' exists on an online shopping website. Generate an adequate title for the product when it appears on a(n) French online shopping website.\nOutput: ","target_field":"WD Elements 2 To, Disque dur externe, USB 3.0"}
{"input_field":"Translate the product title 'Giulia Grillo 6ft Christmas Tree, Luxury Christmas Tree 180cm, 1700 Branches Real Touch Effect, Thick, PE\/PVC, Green \u2026' into French. \nOutput: ","target_field":"Giulia Grillo Sapin de No\u00ebl 180cm \u00e9pais, 1700 Branches, Arbre de No\u00ebl Artificiel Luxury Vert Effet r\u00e9el, PE\/PVC, Vert"}
{"input_field":"Translate the product title 'Carbon Monoxide Alarm, Digital Display CO Detector Security CO Monoxide For Home Safety Battery Powered (Battery not Included) ,comply with EN50291' into French. \nOutput: ","target_field":"Alarme au monoxyde de Carbone, Affichage num\u00e9rique D\u00e9tecteur de CO S\u00e9curit\u00e9 Monoxyde de CO,Conforme \u00e0 la Norme EN50291"}
{"input_field":"A user found a product with title 'Pampers Nappy Pants Size 6 (15+ kg \/ 33 lbs), Baby-Dry Night, 124 Nappies, MONTHLY BOX, Extra Protection All Night Long, Pull Ups' on an online shopping website. Please translate the product title into French.\nOutput: ","target_field":"Pampers Night Pants Couches-Culottes Pour La Nuit Taille 6 (15+ kg), 124 Couches-Culottes B\u00e9b\u00e9, Pack 1 Mois, Offrent Une Protection Suppl\u00e9mentaire Toute La Nuit"}
{"input_field":"Translate the product title 'Philips Avent Ultra Soft Pacifier 2 Pack - BPA-Free Dummy for Babies from 6-18 Months (Model SCF091\/04)' into French. \nOutput: ","target_field":"Philips Avent Lot de 2 sucettes ultra-douces sans BPA pour les b\u00e9b\u00e9s \u00e2g\u00e9s de 6 \u00e0 18 mois, Vert fonc\u00e9\/Jaune (mod\u00e8le SCF091\/04)"}
{"input_field":"Translate the product title 'Philips OneBlade Pro 360 Face + Body - Electric Beard Trimmer, Shaver and Razor, with 14-Length Comb and Click-On Skin Guard, Body Comb and Travel Case (Model QP6651\/30)' into French. \nOutput: ","target_field":"Philips OneBlade Pro 360 Visage + Corps : rasoir et tondeuse \u00e0 barbe \u00e9lectrique, avec sabot 14 hauteurs, syst\u00e8me de protection pour zones sensibles et sabot corps clipsables (mod\u00e8le QP6651\/30)"}
{"input_field":"A user found a product with title 'Corsair HS60 PRO Surround Gaming Headset (7.1 Surround Sound, Adjustable Memory Foam Ear Cups, Noise-Cancelling Detachable Microphone with PC, PS4, Xbox One, Switch and Mobile Compatibility) - Yellow' on an online shopping website. Please translate the product title into French.\nOutput: ","target_field":"Corsair HS60 PRO Surround Casque de Gaming Son surround 7.1, M\u00e9moire ajustables Oreillettes, Unidirectionnel Antibruit Microphone avec PC, PS4, Xbox One, Switch et mobiles Compatibilit\u00e9 - Jaune"}
{"input_field":"A user found a product with title 'L\u2019Or\u00e9al Professionnel | Shampoo, With Sorbitol for Sensitive Scalp, Serie Expert Sensi Balance, 300 ml' on an online shopping website. Please translate the product title into French.\nOutput: ","target_field":"L'Or\u00e9al Professionnel | Shampoing Dermo-Protecteur pour Cuir Chevelu Sensible, Sensi Balance, SERIE EXPERT, 300 ml"}
{"input_field":"Translate the product title 'Auney Busy Board for Toddlers, Upgraded 20 IN 1 Montessori Toys with Arithmetic, Portable Sensory Toys Able to Make Sound, Preschool Educational Toys for 2-6 Year Old Travel, Unicorn Theme Gifts' into French. \nOutput: ","target_field":"Auney Busy Board, Jouets Enfants Montessori 20 en 1 avec Arithm\u00e9tique, Jouets Sensoriels Portables Capables de Faire du Son, Jeux \u00c9ducatifs Pr\u00e9scolaires pour Voyages de 2 \u00e0 6 Ans, Th\u00e8me Licorne"}
{"input_field":"Translate the product title 'NYX Professional Makeup Pore Filler Primer, Makeup Primer Base, Blurring Effect for Minimised Pores & Even Complexion, Lightweight Silicone Blend, Vegan Formula, 20 ml' into French. \nOutput: ","target_field":"NYX Professional Makeup Primer Pore Filler, Base de Maquillage, Effet Floutant pour Pores R\u00e9duits et Teint Unifi\u00e9, Enrichi en Vitamine E, Formule Vegan, 20 ml"}
{"input_field":"A user found a product with title '132 Drawing Markers Dual Tip Brush Pens, Fineliners Felt Tip Pens Colouring Pens for Adult Coloring Books Calligraphy Drawing Sketching' on an online shopping website. Please translate the product title into French.\nOutput: ","target_field":"132 Marqueurs de Dessin Stylos Pinceaux \u00e0 Double Pointe, Feutres Stylos \u00e0 Colorier pour Livres de Coloriage pour Adultes Calligraphie Dessin Esquisse"}
{"input_field":"Translate the product title 'KIKO Milano Definition Eyeliner | Liquid Eyeliner with fine brush applicator' into French. \nOutput: ","target_field":"KIKO Milano Definition Eyeliner | Eye-Liner Liquide Avec Pinceau Applicateur"}
{"input_field":"A user found a product with title 'Lexibook Disney Frozen 2 - Educational and Bilingual Laptop French\/English - Girls Toy with 124 Activities to Learn, Play Games and Music with Elsa & Anna - Blue\/Purple, JC598FZi1' on an online shopping website. Please translate the product title into French.\nOutput: ","target_field":"Lexibook Disney Frozen La Reine des Neiges 2-Ordinateur \u00c9ducatif Bilingue Fran\u00e7aise\/Anglais-Jouet Filles avec 124 Activit\u00e9s pour Apprendre, S'amuser et Jouer du Piano-Bleu\/Violet, JC598FZi1"}
{"input_field":"A product entitled 'Logitech MX Ergo Wireless Trackball Mouse, Bluetooth Or 2.4GHz with Unifying USB-Receiver, Adjustable Trackball Angle, Precision Scroll-Wheel, USB-C Charging Battery, PC\/ Mac\/ iPad OS - Black' exists on an online shopping website. Generate an adequate title for the product when it appears on a(n) French online shopping website.\nOutput: ","target_field":"Logitech MX Ergo Trackball, Souris Ergonomique Sans Fil, Bluetooth ou 2,4 GHz avec R\u00e9cepteur USB Unifying, Angle Ajustable Ergonomique, Roulette de D\u00e9filement, PC\/Mac\/iPad OS - Noir"}
{"input_field":"Translate the product title 'JETech Silicone Case for iPhone SE 3\/2 (2022\/2020 Edition), iPhone 8 and iPhone 7, 4.7-Inch, Silky-Soft Touch Full-Body Protective Case, Shockproof Cover with Microfiber Lining (Red)' into French. \nOutput: ","target_field":"JETech Coque Silicone pour iPhone SE 3\/2 (mod\u00e8le 2022\/2020), iPhone 8\/7, Protection Compl\u00e8te du Corps au Toucher Soyeux, Doublure Douce en Tissu Microfibre (Rouge)"}
{"input_field":"Translate the product title 'KabelDirekt \u2013 1.5m HDMI cable \u2013 4K & 8K HDMI cord (HDMI to HDMI \u2013 8K@60Hz & 4K@120Hz for stunning Ultra HD, High Speed with Ethernet, HDMI 2.0\/1.4 \u2013 Blu-ray\/PS4\/PS5\/Xbox Series X\/Switch, white)' into French. \nOutput: ","target_field":"KabelDirekt \u2013 1,5 m \u2013 C\u00e2ble HDMI 4K (4K@120 Hz\/4K@60 Hz pour Une exp\u00e9rience Ultra-HD spectaculaire \u2013 High-Speed avec Ethernet, Compatible HDMI 2.0\/1.4, Blu-ray\/PS4\/PS5\/Xbox Series X\/Switch, Blanc)"}
{"input_field":"A user found a product with title 'edding 5200 permanent spray - classy mauve matt - 200 ml - acrylic paint for painting and decorating glass, metal, wood, ceramic, plastic, canvas - aerosol spray, acrylic spray, paint spray' on an online shopping website. Please translate the product title into French.\nOutput: ","target_field":"edding 5200 spray permanent - mauve chic mat - 200 ml - peinture acrylique pour peindre ou d\u00e9corer verre, m\u00e9tal, bois, c\u00e9ramique, plastique, toile - peinture acrylique en a\u00e9rosol"}
{"input_field":"Translate the product title 'NUK Space Night & Day Baby Dummies | 18-36 Months | Glow-in-the-Dark Soothers with Extra Ventilation | BPA-Free Silicone | Pink | 4 Count' into French. \nOutput: ","target_field":"NUK Space Night & Day T\u00e9tines | 18-36\u00a0mois | Sucettes pour b\u00e9b\u00e9 phosphorescentes avec a\u00e9rations extra-larges | Silicone sans BPA | Rose | 4\u00a0unit\u00e9s"}
{"input_field":"A product entitled 'K\u00e9rastase Chroma Absolu, Strengthening and Fortifying Conditioner, For Sensitised or Damaged Color-Treated Hair, Fine To Medium, Anti-Porosity, with Lactic Acid, Fondant Cica Chroma, 200ml' exists on an online shopping website. Generate an adequate title for the product when it appears on a(n) French online shopping website.\nOutput: ","target_field":"K\u00e9rastase | Chroma Absolu, Apr\u00e8s-Shampoing R\u00e9parateur & Anti-Porosit\u00e9, Pour Cheveux Color\u00e9s Sensibilis\u00e9s ou Ab\u00eem\u00e9s Fins \u00e0 Moyens, Fondant Cica Chroma, 200 ml"}
{"input_field":"A product entitled 'Energizer AAA Batteries, Max, 14 Pack, Triple A Battery Pack - Amazon Exclusive' exists on an online shopping website. Generate an adequate title for the product when it appears on a(n) French online shopping website.\nOutput: ","target_field":"Piles alcalines\u00a0AAA\u00a0Energizer\u00a0Max, paquet de 14"}
{"input_field":"A product entitled 'Spigen Ultra Hybrid case compatible with iPhone 11 Pro Max - Black' exists on an online shopping website. Generate an adequate title for the product when it appears on a(n) French online shopping website.\nOutput: ","target_field":"Spigen Ultra Hybrid Coque Compatible avec iPhone 11 Pro Max (6.5\") 2019 - Noir"}
{"input_field":"A user found a product with title 'SanDisk Extreme 1TB Portable NVMe SSD, USB-C, up to 1050MB\/s Read and 1000MB\/s Write Speed, Water and Dust-Resistant, Black' on an online shopping website. Please translate the product title into French.\nOutput: ","target_field":"SanDisk Extreme 1 To NVMe SSD, disque externe, USB-C, jusqu'\u00e0 1\u00a0050\u00a0Mo\/s en vitesse de lecture et 1\u00a0000\u00a0Mo\/s en vitesse d'\u00e9criture, r\u00e9sistant \u00e0 l'eau et \u00e0 la poussi\u00e8re"}
{"input_field":"A user found a product with title 'BONTEC TV Wall Mount Bracket for Most 26-65 inch LCD\/ LED\/ OLED Flat Curved TVs, Tilt Slim TV Wall Bracket up to 55kg, Max VESA 400 x 400mm, Bubble Level and Cable Ties included' on an online shopping website. Please translate the product title into French.\nOutput: ","target_field":"BONTEC Support Mural TV pour Les \u00c9crans Incurv\u00e9s et Plats LCD\/LED\/OLED de 26 \u00e0 55 Pouces, Support TV Mural Inclinable pour T\u00e9l\u00e9viseur jusqu'\u00e0 55 kg, Max VESA 400 x 400 mm, Niveau \u00e0 Bulle Inclus"}
{"input_field":"Translate the product title 'USB Type C to 3.5mm Female Headphone Jack Adapter, ZOOAUX USB C to Aux Audio Dongle Cable Cord Compatible with Samsung Galaxy S22 S21 S20 Ultra S20+ Note 20 10 S9 Plus, Pixel 4 3 2 XL(Grey)' into French. \nOutput: ","target_field":"ZOOAUX Adaptateur USB Type C vers Prise Casque 3,5 mm Adaptateur Audio USB C vers c\u00e2ble auxiliaire pour Pixel 4 3 2 XL, Samsung Galaxy S22 S21 S20+ Note 20 S10 S9+ et Bien Plus Encore Gris"}
{"input_field":"A user found a product with title 'Master Lock CAD20 Magnum Small Padlock with Brass Body and Key, Gold, 3,4 x 2 x 0,8 cm' on an online shopping website. Please translate the product title into French.\nOutput: ","target_field":"Master Lock CAD20 Petit Cadenas Magnum en Laiton Massif et \u00e0 Cl\u00e9, Dor\u00e9, 3,4 x 2 x 0,8 cm"}
{"input_field":"A user found a product with title 'Amazon Basics Whiteboard Drywipe Magnetic with Pen Tray and Aluminium Trim, 120 cm x 90 cm (WxH)' on an online shopping website. Please translate the product title into French.\nOutput: ","target_field":"Amazon Basics Tableau blanc magn\u00e9tique avec cadre en aluminium et porte-marqueurs Effa\u00e7able \u00e0 sec, 120 cm x 90 cm"}
{"input_field":"Translate the product title 'Beats Flex Wireless Earphones \u2013 Apple W1 Headphone Chip, Magnetic Earbuds, Class 1 Bluetooth, 12 Hours of Listening Time, Built-in Microphone - Blue' into French. \nOutput: ","target_field":"\u00c9couteurs sans Fil Beats\u00a0Flex\u00a0\u2013 Puce Apple\u00a0W1 pour Casques et \u00e9couteurs, \u00e9couteurs magn\u00e9tiques, Bluetooth Classe\u00a01, 12\u00a0Heures d'\u00e9coute\u00a0\u2013 Bleu Ardent"}
{"input_field":"Translate the product title 'MaGeek\u00ae 10ft \/ 3.0m Premium Extra Long Micro USB to USB Cable High Speed USB 2.0 A Male to Micro B for Samsung, HTC, Sony, Motorola, LG, Google, Nokia and More (White)' into French. \nOutput: ","target_field":"MaGeek\u00ae 3.0m Micro USB C\u00e2ble Haute Vitesse USB 2.0 Sync et Charge pour Samsung, HTC, Sony, Motorola, LG, Google, Nokia (Blanc)"}
{"input_field":"A product entitled 'JETech Full Coverage Screen Protector for iPhone 13 Pro Max 6.7-Inch, Tempered Glass Film with Easy Installation Tool, Case-Friendly, HD Clear, 3-Pack' exists on an online shopping website. Generate an adequate title for the product when it appears on a(n) French online shopping website.\nOutput: ","target_field":"JETech Protection D'\u00e9cran \u00e0 Couverture Compl\u00e8te pour iPhone 13 Pro Max 6,7 Pouces, Integrale Film en Verre Tremp\u00e9 avec Outil d'Installation Facile, Compatible Coque, Transparent HD, Lot de 3"}
{"input_field":"Translate the product title 'ATUMTEK 1m Selfie Stick Tripod, Extendable Bluetooth Selfie Stick with Wireless Remote for iPhone 13\/13 Pro\/13 mini\/12\/11\/11 Pro\/XS\/XR\/X\/8\/7 Plus, Samsung, Huawei, Google, LG, Sony Smartphones, White' into French. \nOutput: ","target_field":"ATUMTEK Perche Selfie Tr\u00e9pied, 40'' Perch\u00e9 \u00e0 Selfie Bluetooth B\u00e2ton de Selfie Monopode R\u00e9glable T\u00e9l\u00e9commande sans Fil pour iPhone 13\/12\/11\/11 Pro\/X\/XS\/8\/7 Plus, Samsung, Huawei et Smatphones Android"}
{"input_field":"Translate the product title 'Pokemon Unisex-Kid's Analog Quartz Watch with Silicone Strap POK9048' into French. \nOutput: ","target_field":"Montre \u00e0 Quartz analogique Pokemon Unisexe pour Enfant avec Bracelet en Silicone POK9048"}
{"input_field":"Translate the product title 'Google Pixel 7 Pro \u2013 Unlocked Android 5G smartphone with telephoto lens, wide-angle lens and 24-hour battery \u2013 256GB \u2013 Obsidian' into French. \nOutput: ","target_field":"Google Pixel 7 Pro \u2013 Smartphone Android 5G d\u00e9bloqu\u00e9 avec t\u00e9l\u00e9objectif, Objectif Grand Angle et 24 Heures d'autonomie \u2013 256GB \u2013 Noir Volcanique"}
{"input_field":"Translate the product title 'SanDisk Ultra 200 GB microSDXC Memory Card + SD Adapter with A1 App Performance Up to 120 MB\/s, Class 10, U1, Red\/Grey SDSQUA4-200G-GN6MA' into French. \nOutput: ","target_field":"SanDisk Carte M\u00e9moire microSDXC Ultra 200 Go + Adaptateur SD. Vitesse de Lecture Allant jusqu'\u00e0 120MB\/S, Classe 10, U1, homologu\u00e9e A1"}
{"input_field":"Translate the product title 'KIKO Milano Smart Fusion Lipstick 418 | Rich and nourishing lipstick with a bright finish' into French. \nOutput: ","target_field":"KIKO Milano Smart Fusion Lipstick 418 | Rouge \u00c0 L\u00e8vres Riche Et Nourrissant Au Fini Lumineux"}
{"input_field":"A product entitled 'LEXIBOOK RL977BB Projector Clock Barbie with Snooze Alarm Function, Night Light with Timer, LCD Screen, Battery Operated, Pink' exists on an online shopping website. Generate an adequate title for the product when it appears on a(n) French online shopping website.\nOutput: ","target_field":"Lexibook- R\u00e9veil projecteur Barbie avec Fonction Alarme et r\u00e9p\u00e9tition Snooze, veilleuse avec minuterie, \u00e9cran LCD, \u00e0 Piles, Rose, RL977BB"}
{"input_field":"A user found a product with title '4K HDMI Cable 10Ft\/3M, Twozoh High Speed 18Gbps HDMI 2.0 Cable, Braided HDMI to HDMI Cord Compatible with PS5, PS3, PS4, PC, Projector, HDTV, Xbox' on an online shopping website. Please translate the product title into French.\nOutput: ","target_field":"C\u00e2ble HDMI 3M, Twozoh 4K C\u00e2ble HDMI 2.0 Haute Vitesse, Cable HDMI \u00e0 Cordon braqu\u00e9 1080p 720p Compatible avec PS5, PS3, PS4, PC, Projecteur, TVHD, Xbox"}
{"input_field":"A product entitled 'LEGO 76912 Speed Champions Fast & Furious 1970 Dodge Charger R\/T, Toy Muscle Car Model Kit for Kids, Collectible Set with Dominic Toretto Minifigure' exists on an online shopping website. Generate an adequate title for the product when it appears on a(n) French online shopping website.\nOutput: ","target_field":"Lego 76912 Speed Champions Fast & Furious 1970 Dodge Charger R\/T, Jouet, Voiture Mod\u00e9lisme, de Course, Collection Vin Diesel, Enfants de 8 Ans et Plus"}
{"input_field":"A user found a product with title 'Kingston DataTraveler Exodia DTX\/32GB Flash Drive USB 3.2 Gen 1 - with Protective Cap and Keyring in Multiple Colours' on an online shopping website. Please translate the product title into French.\nOutput: ","target_field":"Kingston DataTraveler Exodia DTX\/32GB Cl\u00e9 USB 3.2 Gen 1 - avec capuchon de protection et anneaux pour porte-cl\u00e9s de plusieurs couleurs"}
{"input_field":"Translate the product title 'Kingston DataTraveler Exodia DTX\/128GB Flash Drive USB 3.2 Gen 1 - with Protective Cap and Keyring in Multiple Colours' into French. \nOutput: ","target_field":"Kingston DataTraveler Exodia DTX\/128GB Cl\u00e9 USB 3.2 Gen 1 - avec capuchon de protection et anneaux pour porte-cl\u00e9s de plusieurs couleurs"}
{"input_field":"A user found a product with title 'Chinbersky 5 Pack Watch Strap Compatible with Apple Watch Straps 49mm 45mm 44mm 42mm, Adjustable Elastic Stretchy Nylon Sport Solo Loop Replacement Bands for iWatch Series Ultra\/8\/7\/6\/5\/4\/3\/2\/1\/SE' on an online shopping website. Please translate the product title into French.\nOutput: ","target_field":"Chinbersky 5 Pack Bracelet Compatibles avec Bracelet Apple Watch 49mm 45mm 44mm 42mm Homme Femme,Bracelet de Remplacement r\u00e9glable Nylon \u00e9lastique Sport Pour iWatch Ultra S\u00e9ries 8\/7\/6\/5\/4\/3\/2\/1\/SE"}
{"input_field":"Translate the product title 'Power Bank 10000mAh Mobile Phone Portable Charger External Battery Pack with 2 USB 2.4 A Outputs and USB C Input Compatible with Huawei iPhone 12 11 X iPad Samsung Galaxy S20 Android Tablet (Black)' into French. \nOutput: ","target_field":"Power Bank 10000mAh Chargeur Portable Batterie Externe avec 2 Sorties USB 2,4 A et Entr\u00e9e USB C Compatible avec Huawei iPhone 12 11 X iPad Samsung Galaxy S20 Android Tablette Plus (Noir)"}
{"input_field":"Translate the product title 'KabelDirekt \u2013 HDMI-DVI adapter cable \u2013 1.5m (bi-directional, DVI-D 24+1\/High Speed HDMI cable, 1080p\/Full HD, digital video cable, connect HDMI devices to DVI monitors or vice-versa, black)' into French. \nOutput: ","target_field":"KabelDirekt \u2013 C\u00e2ble adaptateur HDMI-DVI \u2013 1,5 m (bidirectionnel, DVI-D 24+1\/HDMI High Speed, 1080p\/Full HD, c\u00e2ble vid\u00e9o num\u00e9rique, pour relier des appareils HDMI \u00e0 des \u00e9crans DVI ou inversement, noir)"}
{"input_field":"A product entitled 'JETech Case for iPad (9.7-Inch, 2018\/2017 Model, 6th\/5th Generation), Smart Cover Auto Wake\/Sleep (Blue)' exists on an online shopping website. Generate an adequate title for the product when it appears on a(n) French online shopping website.\nOutput: ","target_field":"JETech Coque pour iPad (9,7 Pouces, Mod\u00e8le 2018\/2017, 6\u00e8me et 5\u00e8me G\u00e9n\u00e9ration), Housse \u00c9tui avec Veille\/R\u00e9veil Automatique (Bleu)"}
{"input_field":"A product entitled 'JETech Magnetic Case for iPhone 12 Pro Max 6.7-Inch Compatible with MagSafe Wireless Charging, Shockproof Phone Bumper Cover, Anti-Scratch Clear Back (Navy)' exists on an online shopping website. Generate an adequate title for the product when it appears on a(n) French online shopping website.\nOutput: ","target_field":"JETech Coque Magn\u00e9tique pour iPhone 12 Pro Max 6,7 Pouces Compatible avec Recharge sans Fil MagSafe, Housse de T\u00e9l\u00e9phone Antichoc, Dos Transparente Anti-Rayures (Marine)"}
{"input_field":"A user found a product with title 'Razer Seiren Mini - USB Condenser Microphone for Streaming (Compact with Supercardioid Polar Pattern, Tiltable Stand, Integrated Shock Absorber) Black' on an online shopping website. Please translate the product title into French.\nOutput: ","target_field":"Razer Seiren Mini - Microphone \u00e0 condensateur USB pour Le Streaming (Compact avec directivit\u00e9 supercardio\u00efde, Support inclinable, Amortisseur de Chocs int\u00e9gr\u00e9) Noir"}
{"input_field":"Translate the product title 'ASTOTSELL Under Shelf Storage Basket, 2-Pack Under Shelf Hanging Metal Wire Storage Basket Organizer for Kitchen, Office, Pantry, Bathroom, Cabinet, White' into French. \nOutput: ","target_field":"ASTOTSELL Panier de Rangement sous Tablette, Paquet de 2 Panier de Rangement en Fil m\u00e9tallique pour Cuisine, Bureau, Garde-Manger, Salle de Bain, Armoire"}
{"input_field":"A user found a product with title 'JETech Magnetic Case for iPhone 14 Pro 6.1-Inch Compatible with MagSafe Wireless Charging, Shockproof Phone Bumper Cover, Anti-Scratch Clear Back (Black)' on an online shopping website. Please translate the product title into French.\nOutput: ","target_field":"JETech Coque Magn\u00e9tique pour iPhone 14 Pro 6,1 Pouces Compatible avec MagSafe Recharge sans Fil, \u00c9tui Housse de T\u00e9l\u00e9phone Antichoc, Dos Transparente Anti-Rayures (Noir)"}
{"input_field":"A user found a product with title 'Iris Ohyama, Set of 2, Air tight storage boxes, 70 L with 6 clips, stackable, Garage, cellar, attic - Air Tight Box AT-LD - Black' on an online shopping website. Please translate the product title into French.\nOutput: ","target_field":"Iris Ohyama, Lot de 2 Bo\u00eetes de Rangement, Herm\u00e9tiques, 70 L, avec clips, empilable , garage, cave, grenier - Air Tight Box AT-LD - Noir"}
{"input_field":"A user found a product with title 'Ann Clark Cookie Cutters 3-Piece Halloween Cookie Cutter Set with Recipe Booklet, Bat, Pumpkin and Ghost' on an online shopping website. Please translate the product title into French.\nOutput: ","target_field":"Ann Clark Cookie Cutters Ensemble de 3 emporte-pi\u00e8ces Halloween avec livret de recettes, chauve-souris, citrouille et fant\u00f4me - Acier de fabrication am\u00e9ricaine"}
{"input_field":"Translate the product title 'SAFELON 2 Pcs Door Lever Locks for Childproof & Petproof, Door Handle Locks for Toddlers, Baby Safety Locks for Toddlers (White)' into French. \nOutput: ","target_field":"SAFELON 2 Pi\u00e8ces Serrures \u00e0 levier de porte pour enfants et petproof, serrures de poign\u00e9e de porte pour tout-petits, serrures de s\u00e9curit\u00e9 pour b\u00e9b\u00e9s pour tout-petits"}
{"input_field":"A product entitled 'Water Filter Replacement for Samsung DA29-10105J, DA29-10105J HAFEX\/EXP, WSF-100, DA99 02131B, EF9603, HAIER LG Fridge Water Filter 2 Pack by GOLDEN ICEPURE RWF0300A (Invoice Available)' exists on an online shopping website. Generate an adequate title for the product when it appears on a(n) French online shopping website.\nOutput: ","target_field":"Remplacement de filtre \u00e0 eau de r\u00e9frig\u00e9rateur pour Samsung DA29-10105J DA29-10105J HAFEX\/EXP, WSF-100, DA99 02131B, EF9603, Filtre \u00e0 eau HAIER LG paquet de 2 par GOLDEN ICEPURE (facture disponible)"}
{"input_field":"A product entitled 'JETech Privacy Screen Protector for iPhone 12\/12 Pro 6.1-Inch, Anti Spy Tempered Glass Film, 2-Pack' exists on an online shopping website. Generate an adequate title for the product when it appears on a(n) French online shopping website.\nOutput: ","target_field":"JETech Protection d\u2019\u00c9cran pour iPhone 12\/12 Pro 6,1 Pouces, Film de Protection en Verre Tremp\u00e9, Anti-Espion, Lot de 2"}
{"input_field":"A user found a product with title 'STARLUX \u2013 Castle \"Le Ch\u00e2teau Noir\" fortress with figurines of Knights, Soldiers, Dragon, Catapults and Accessories included \u2013 Ages 3 and up \u2013 Made in Europe \u2013 404002' on an online shopping website. Please translate the product title into French.\nOutput: ","target_field":"STARLUX \u2013 Ch\u00e2teau Fort \"Le Ch\u00e2teau Noir\" avec figurines Chevaliers, Soldats, Dragon, Catapultes et Accessoires inclus \u2013 D\u00e8s 3 ans \u2013 Fabriqu\u00e9 en Europe \u2013 404002"}
{"input_field":"Translate the product title 'Selonis Soft Ball Pit Pool 90X30cm\/200 Balls Round For Baby Toddler Foam, Light Grey:White\/Grey\/Mint' into French. \nOutput: ","target_field":"SELONIS Piscine \u00c0 Balles 90X30cm\/200 Balles Ronde en Mousse pour B\u00e9b\u00e9 Enfant, Gris Clair:Blanc\/Gris\/Menthe"}
{"input_field":"Translate the product title 'PowerA FUSION Pro 2 Wired Controller for Xbox Series X|S, gamepad, wired video game controller, gaming controller, works with Xbox One' into French. \nOutput: ","target_field":"PowerA FUSION Pro 2 Wired contr\u00f4leur pour Xbox Series X|S, gamepad, contr\u00f4leur de jeu vid\u00e9o filaire, contr\u00f4leur de jeu, fonctionne avec Xbox One"}
{"input_field":"A user found a product with title 'Amazon Basics USB Type-C to USB 3.1 Gen1 Female Adapter - White' on an online shopping website. Please translate the product title into French.\nOutput: ","target_field":"Amazon Basics Adaptateur femelle USB Type-C vers USB 3.1 1e g\u00e9n\u00e9ration - Blanc"}
{"input_field":"A product entitled 'Whitestone UV GEN Film Screen Protector for Google Pixel 7 Pro Hard Coated Film Screen Protector with UV light for Google Pixel 7 Pro (2022)' exists on an online shopping website. Generate an adequate title for the product when it appears on a(n) French online shopping website.\nOutput: ","target_field":"DOME GLASS [Whitestone] UV GEN Protecteur d'\u00e9cran pour GOOGLE PIXEL 7 PRO Film de protection d'\u00e9cran \u00e0 rev\u00eatement dur avec lumi\u00e8re UV pour GOOGLE PIXEL 7 PRO (2022), Blanc"}
{"input_field":"A product entitled 'Wireless Weather Station with Outdoor Sensor,Digital Home Thermometer Hygrometer for Indoor Outdoor Temperature,Ajustable Backlight Indoor Outdoor Weather Stations for Bedroom,Office,Gardern' exists on an online shopping website. Generate an adequate title for the product when it appears on a(n) French online shopping website.\nOutput: ","target_field":"Station M\u00e9t\u00e9o Sans Fil Avec Capteur Ext\u00e9rieur,Thermom\u00e8tre et Hygrom\u00e8tre Num\u00e9rique pour La Temp\u00e9rature Int\u00e9rieure et Ext\u00e9rieure, R\u00e9tro\u00e9clairage R\u00e9glable pour Chambre \u00e0 coucher,Bureau,Jardin"}
{"input_field":"A product entitled 'OSRAM NIGHT BREAKER 200, H7, +200% more brightness, halogen headlight lamp, 64210NB200-HCB, 12V, Duo Box (2 lamps)' exists on an online shopping website. Generate an adequate title for the product when it appears on a(n) French online shopping website.\nOutput: ","target_field":"OSRAM NIGHT BREAKER 200, H7, + 200% de Lumi\u00e8re Suppl\u00e9mentaire, Lampe de Phare Halog\u00e8ne, 64210NB200-HCB, 12V, bo\u00eetier duo (2 lampes)"}
{"input_field":"Translate the product title 'Amazon Basics Nylon Braided USB-C to Lightning Cable, MFi Certified Charger for iPhone 13\/12\/11\/X\/XS\/XR\/8, Type-C chargers, supports Power Delivery \u2013 Dark Grey, 0.9 m' into French. \nOutput: ","target_field":"Amazon Basics C\u00e2ble USB-C vers Lightning en nylon tress\u00e9, chargeur certifi\u00e9 MFi pour iPhone 13\/12\/11\/X\/XS\/XR\/8 - gris fonc\u00e9, 0,9 m"}
{"input_field":"A product entitled 'UV Glow Neon Face and Body Paint Set of 8 Tubes - Fluorescent - Brightest glow under UV!' exists on an online shopping website. Generate an adequate title for the product when it appears on a(n) French online shopping website.\nOutput: ","target_field":"UV Glow Lot de 8 tubes de peinture fluorescente pour le visage et le corps 8 x 10 ml"}
{"input_field":"A product entitled 'Greenland\u00ae 6 Eco-Friendly Refill Film Rings Compatible with Tommee Tippee Sangenic Tec & Simplee Sangenic & Twist & Click' exists on an online shopping website. Generate an adequate title for the product when it appears on a(n) French online shopping website.\nOutput: ","target_field":"Greenland\u00ae Lot de 6 anneaux de recharge respectueux de l'environnement compatibles avec Tommee Tippee Sangenic Tec & Simplee Sangenic & Twist & Click"}
{"input_field":"A product entitled 'Bosch cross line laser Quigo with universal clamp MM 2 (easy and precise alignment with flexible positioning of the tool thanks to the universal clamp)' exists on an online shopping website. Generate an adequate title for the product when it appears on a(n) French online shopping website.\nOutput: ","target_field":"Laser lignes Quigo de Bosch avec pince universelle MM\u00a02 (alignement facile et pr\u00e9cis avec un positionnement flexible de l'outil gr\u00e2ce \u00e0 la pince universelle)"}
{"input_field":"A product entitled 'Durex Fun Explosion Box Condoms, 40-Piece, Black' exists on an online shopping website. Generate an adequate title for the product when it appears on a(n) French online shopping website.\nOutput: ","target_field":"Durex Fun Explosion - Bo\u00eete de 40 Preservatifs"}
{"input_field":"Translate the product title 'Orzly Gaming Headset for PC and Gaming Consoles PS5, PS4, XBOX SERIES X | S, XBOX ONE, Nintendo Switch & Google Stadia Stereo sound with noise cancelling mic - Hornet RXH-20 Abyss Edition' into French. \nOutput: ","target_field":"Orzly Casque de Jeu pour PC et Consoles de Jeu PS5, PS4, Xbox Series X | S, Xbox One, Nintendo Switch et Google Stadia - Son st\u00e9r\u00e9o avec Micro antibruit - Hornet RXH-20 \u00c9dition Abyss"}
{"input_field":"Translate the product title 'Lzhiyxy Wireless Charger,Qi-Certified 10W Fast Wireless Charging Pad for iPhone 12,SE,11,11 Pro,XS,XR,X,8,Galaxy S20,S10,Note 10,Note 9(No AC Adapter)' into French. \nOutput: ","target_field":"Lzhiyxy Chargeur sans Fil,Chargeur de Batterie Rapide certifi\u00e9 Qi 10W pour iPhone 12,12 Pro,SE,11,11 Pro,XS,XR,X,8,Galaxy S20,S10,S9,Note 10,Note 9"}
{"input_field":"A user found a product with title 'KIKO Milano Smart Colour Mascara - 01 | Panoramic volume-effect coloured mascara' on an online shopping website. Please translate the product title into French.\nOutput: ","target_field":"KIKO Milano Smart Colour Mascara - 01 | Mascara Color\u00e9 \u00c0 Effet Volume Panoramique"}
{"input_field":"A user found a product with title 'fuvoki for Apple Watch Charger, 1.5M Fast Magnetic Charging Cable, iWatch Charger for Apple Watch Series 8 7 6 5 4 3 2 SE Ultra - White' on an online shopping website. Please translate the product title into French.\nOutput: ","target_field":"fuvoki Chargeur pour Apple Watch, 1,5M C\u00e2ble de Charge Rapide Magn\u00e9tique, Chargeur iWatch pour Apple Watch Series 8 7 6 5 4 3 2 SE Ultra - Blanc"}
{"input_field":"A user found a product with title '[3 Pairs] Replacement Ear Tips for Airpods Pro and Airpods Pro 2nd Generation with Noise Reduction Hole, Silicone Ear Tips for Airpods Pro with Portable Storage Box and Fit in The Charging Case(Small)' on an online shopping website. Please translate the product title into French.\nOutput: ","target_field":"[3 paires]Embouts de Rechange pour Airpods Pro Avec Trou de R\u00e9duction du Bruit,Embouts en Silicone Airpods Pro Avec Bo\u00eete de Rangement Portable et S'adaptent Dans le Bo\u00eetier de Chargement(Petit,Blanc)"}
{"input_field":"A product entitled 'HyperX Cloud Alpha Wireless Gaming Headset for PC, 300 Hours Battery Life, DTS Headphone X Spatial Audio, Dual Chamber Drivers, Noise Cancelling Mic, Black and Red, One Size, 2.4 GHz' exists on an online shopping website. Generate an adequate title for the product when it appears on a(n) French online shopping website.\nOutput: ","target_field":"HyperX Casque de jeu sans fil Cloud Alpha pour PC, autonomie de 300 heures, audio DTS Headphone X Spatial, haut-parleurs \u00e0 double chambre, micro antibruit, noir et rouge, taille unique, 2,4 GHz"}
{"input_field":"A product entitled 'Spigen Ultra Hybrid Case compatible with iPhone 11 Pro - Black' exists on an online shopping website. Generate an adequate title for the product when it appears on a(n) French online shopping website.\nOutput: ","target_field":"Spigen Ultra Hybrid Coque Compatible avec iPhone 11 Pro - Noir"}
{"input_field":"A product entitled 'NUK Mini Magic Cup learning cup | leak-proof 360\u00b0 drinking rim | from 6 months | practical handles | BPA free | 160 ml, white' exists on an online shopping website. Generate an adequate title for the product when it appears on a(n) French online shopping website.\nOutput: ","target_field":"NUK Mini tasse d'apprentissage Magic Cup | bord \u00e9tanche \u00e0 360\u00b0 | \u00e0 partir de 6 mois | poign\u00e9es pratiques | sans BPA | 160 ml, blanc"}
{"input_field":"Translate the product title 'Apple Leather Case with MagSafe (for iPhone 13 Pro) - Midnight' into French. \nOutput: ","target_field":"Apple Coque en cuir avec MagSafe (pour iPhone 13 Pro) - Minuit"}
{"input_field":"A product entitled 'Mama Bear - Disney - 168 Ultra Dry Nappies - Size 4 (8-14 kg) - MONTHLY PACK' exists on an online shopping website. Generate an adequate title for the product when it appears on a(n) French online shopping website.\nOutput: ","target_field":"Mama Bear - Disney - 168 Couches b\u00e9b\u00e9 ultra absorbantes - Taille 4 (8-14 kg) - PACK MENSUEL"}
{"input_field":"A user found a product with title 'Apple iPhone 14 (128 GB) - (PRODUCT) RED' on an online shopping website. Please translate the product title into French.\nOutput: ","target_field":"Apple iPhone 14 (128 Go) - (Product) Red"}
{"input_field":"A user found a product with title 'Apple iPhone 14 Pro (1 TB) - Gold' on an online shopping website. Please translate the product title into French.\nOutput: ","target_field":"Apple iPhone 14 Pro (1 to) - Or"}
{"input_field":"A user found a product with title 'Apple iPhone 14 Plus (256 GB) - Midnight' on an online shopping website. Please translate the product title into French.\nOutput: ","target_field":"Apple iPhone 14 Plus (256 Go) - Minuit"}
