{"input_field":"A user found a product with title 'JETech Case Compatible with iPad 2 3 4 (Oldest Models), Smart Cover Auto Wake\/Sleep (Black)' on an online shopping website. Please translate the product title into Italian.\nOutput: ","target_field":"JETech Custodia compatibile con iPad 2 3 4, Cover con Funzione di Supporto, Auto Svegliati\/Sonno (Nero)"}
{"input_field":"A user found a product with title 'Dreamzie Mattress Protector Waterproof with 4 Elastic Corners - Made in EU - OEKO-TEX\u00ae Certified- For Mattress 90 x 190 cm' on an online shopping website. Please translate the product title into Italian.\nOutput: ","target_field":"Dreamzie Coprimaterasso - Per Materasso Singolo 90 x 190 cm - Made in EU - Impermeabile 4 Angoli Elastici - Certificato OEKO-TEX\u00ae Tessuto Traspirante senza Prodotti Chimici"}
{"input_field":"Translate the product title 'LEGO 11013 Classic Creative Transparent Bricks Building Set with Animal Figures including Lion and Turtle Toys, Gifts for 4 Plus Year Old Girls & Boys' into Italian. \nOutput: ","target_field":"LEGO 11013 Classic Mattoncini Trasparenti Creativi, con Animali (Leone, Uccello e Tartaruga), Giochi per Bambini dai 4 Anni in su"}
{"input_field":"A user found a product with title 'Digital Kitchen Scales,USB Rechargeable, 3Kg\/0.1g Mini Food Scales, Electric Cooking Scales, Waterproof Digital Scale USB Rechargeable,LCD Display, Stainless Steel, for Ingredients Jewelry Coffe' on an online shopping website. Please translate the product title into Italian.\nOutput: ","target_field":"Bilancia digitale da cucina, ricarica USB, mini bilancia da 3 kg \/ 0,1 g, bilancia elettrica da cucina, impermeabile, ricaricabile tramite USB, in acciaio inox, per ingredienti gioielli caff\u00e8"}
{"input_field":"A product entitled 'Amazon Basics Photo Paper, Semi-Glossy, 4 x 6 Inch (10 x 15.2 cm), Pack of 100 Sheets, 300g\/m\u00b2' exists on an online shopping website. Generate an adequate title for the product when it appears on a(n) Italian online shopping website.\nOutput: ","target_field":"Amazon Basics - Carta fotografica semi-lucida, 10.2 x 15.2 cm, 300 g\/m\u00b2, confezione da 100"}
{"input_field":"Translate the product title 'Amazon Basics USB Type-C to USB-A 2.0 Male Cable - (1.8 Meters) - Colour White' into Italian. \nOutput: ","target_field":"Amazon Basics - Cavo USB da maschio USB Type-C a USB-A 2.0, 1.8 metri, colore bianco"}
{"input_field":"A user found a product with title 'BoxLegend Vacuum Storage Bags 15pcs Thicker Type 100 Microns Space Saving Bags 1XXL + 2XL+ 5L + 5M + 2S Double Zip Seal & Leak Valve Reusable for Clothes Pillow Comforters Bedding' on an online shopping website. Please translate the product title into Italian.\nOutput: ","target_field":"BoxLegend Sacchetti Sottovuoto Vestiti 15 Pezzi Tipo Spesso Sacchetti Sottovuoto 100 Microns 1XXL + 2XL + 5L + 5M + 2S Riutilizzabili per Contenere Coperte Vestiti Lenzuola Piumoni Cuscini Marca"}
{"input_field":"Translate the product title 'USB C to HDMI Cable for Home Office, Atvoiti USB C to 4K HDMI Braided Cable [Thunderbolt 3 Compatible] for Mac-Book Pro 2020\/2019\/2018, Pad Pro 2020, Galaxy S20, Surface Book 2 and More (2M)' into Italian. \nOutput: ","target_field":"Cavo USB C a HDMI 4K 2M [Compatibile con Thunderbolt 3] Atvoiti Cavo USB Type C a HDMI Compatibile per Mac-Book Pro, Pad Pro 2020, Surface Book 2, Sam-sung S9\/S8, D-ell XPS 13\/15 e altri (2m)"}
{"input_field":"A product entitled 'Utopia Bedding Cushion Inner Pads (Pack of 2), 45 x 45 cm (18\" x 18\") Cushion Stuffer Inserts, Hollowfibre Pillows (White)' exists on an online shopping website. Generate an adequate title for the product when it appears on a(n) Italian online shopping website.\nOutput: ","target_field":"Utopia Bedding Set di 2 Cuscini, 45 x 45 cm Imbottitura per Cuscini, Cuscini Divano, Cuscino Interno (Bianco)"}
{"input_field":"A user found a product with title 'ESR Armorite Tempered-Glass Compatible with iPhone 14 Pro Max Screen Protector, Ultra-Tough, Easy Alignment Frame, 2 Pack' on an online shopping website. Please translate the product title into Italian.\nOutput: ","target_field":"ESR Armorite Protezione per Lo Schermo Compatibile con iPhone 14 PRO Max, Vetro temperato Ultra Resistente, Telaio di Facile Installazione, 2 Pezzi"}
{"input_field":"Translate the product title '[PACK OF 8] EUNYUL Purity Sheet Mask Pack 8 Types 22ml x 8 pcs Korean Skincare Hydrating & Nourishing & Clarifying Natural Ingredients for All Skin Types' into Italian. \nOutput: ","target_field":"[CONFEZIONE DA 8] EUNYUL Purity Maschera in fogli Pack 8 tipi x 22ml Cura della pelle coreana Ingredienti naturali idratanti per tutti i tipi di pelle"}
{"input_field":"A user found a product with title 'LEGO 10781 Marvel Spider-Man Miles Morales: Spider-Man\u2019s Techno Trike Set, Spidey And His Amazing Friends Series, Toy for Preschool Kids Age 4' on an online shopping website. Please translate the product title into Italian.\nOutput: ","target_field":"LEGO 10781 Marvel Spidey e i Suoi Fantastici Amici Miles Morales: La Techno Trike di Spider-Man, Macchina Giocattolo, Giochi per Bambini dai 4 Anni"}
{"input_field":"A product entitled 'JETech [3 in 1] Case for iPhone 14 Pro Max 6.7-Inch, with 2-Pack Screen Protector and Camera Lens Protector, Non-Yellowing Shockproof Bumper Phone Cover, Full Coverage Tempered Glass Film (Clear)' exists on an online shopping website. Generate an adequate title for the product when it appears on a(n) Italian online shopping website.\nOutput: ","target_field":"JETech [3 in 1] Cover per iPhone 14 Pro Max 6,7 Pollici, 2 Pellicola Protettiva e 2 Protezione Fotocamera, Anti Ingiallimento, Vetro Temperato Film a Copertura Totale, Custodia Antiurto (Trasparente)"}
{"input_field":"A product entitled 'Halloween Tablecloth Pumpkin Printed Table Cloth Plastic Rectangular Table Cover for Halloween Party and Home Dining Table Decor, Wipeable and Reusable (51.1 x 86.6 Inch)' exists on an online shopping website. Generate an adequate title for the product when it appears on a(n) Italian online shopping website.\nOutput: ","target_field":"Tovaglia di Halloween con stampa di zucca Tovaglia rettangolare in plastica per Halloween e feste di casa, decorazione tavolo da pranzo, lavabile e riutilizzabile (127 x 21 cm)"}
{"input_field":"A user found a product with title 'JADE KIT Manual Breast Pump - Portable Suction Silicone Breastfeeding Manual Breast Milk Pump' on an online shopping website. Please translate the product title into Italian.\nOutput: ","target_field":"JADE KIT Tiralatte Manuale - Portatile Tiralatte Manuale in Silicone per L'allattamento al Seno"}
{"input_field":"Translate the product title 'Wireless Headphones, Soundcore by Anker Life P2 Mini Wireless Earbuds, 10mm Drivers with Big Bass, Custom EQ, Bluetooth 5.2, 32H Playtime, USB-C for Fast Charging, Tiny Size for Commute, Work' into Italian. \nOutput: ","target_field":"Soundcore Auricolari True Wireless P2 Mini Anker Life, Driver da 10 mm Bassi potenti, eq. pers, Bluetooth 5.2, 32 Ore di riprod, RIC. Vel USB-C, Piccoli, Lavoro, casa-Lavoro"}
{"input_field":"A user found a product with title 'SPARIN Screen Protector for iPad Air 5th 4th Generation (iPad Air 5 2022 \/ iPad Air 4 2020, 10.9 Inch) and iPad Pro 11 Inch All Models, 2 Pack Tempered Glass' on an online shopping website. Please translate the product title into Italian.\nOutput: ","target_field":"SPARIN 2 Pezzi Vetro Temperato Compatibile con iPad Pro 2022 \/ iPad Air 5 2022 \/ iPad Air 4 2020 \/ iPad Pro 11 2021\/2020, Pellicola Protettiva per iPad Air 5 Generazione, Facile Installazione"}
{"input_field":"Translate the product title 'Bunion Corrector Toe Straightener Set - 2 x Bunion Splints, 2 x Big Toe Straighteners and 1 x Bunion Relief Guide - Adjustable Day & Night Bunion Support Kit - Sports Laboratory' into Italian. \nOutput: ","target_field":"Sports Laboratory Tutore alluce valgo - Giorno e Notte - Protezione e Sollievo dal Dolore - 2 Stecche per Alluce Valgo, 2 Raddrizzatori Alluce e 1 Guida Pratica - Regolabile"}
{"input_field":"A user found a product with title 'JETech Case for Samsung Galaxy Tab A8 10.5-Inch 2021(SM-X200\/X205\/X207), Slim Lightweight Stand Protective Tablet Cover with Auto Wake\/Sleep (Black)' on an online shopping website. Please translate the product title into Italian.\nOutput: ","target_field":"JETech Custodia Compatibile con Samsung Galaxy Tab A8 10,5 Pollici (SM-X200\/X205\/X207), Cover Protettiva Tablet con Supporto Sottile e Leggero, Auto Svegliati\/Sonno (Nero)"}
{"input_field":"A product entitled 'SONGMICS Wooden Hangers, Coat Hangers, Clothes Hangers, with Shoulder Notches, Anti-Slip Trousers Bar, 360\u00b0 Swivel Hook, for Suits, Shirts, Coats, Natural and Silver CRW001-20, Pack of 20' exists on an online shopping website. Generate an adequate title for the product when it appears on a(n) Italian online shopping website.\nOutput: ","target_field":"SONGMICS Grucce Legno, 20 Pezzi, Appendiabiti con Scanalature su Spalle, Barra Portapantaloni Antiscivolo e Gancio Girevole a 360\u00b0, per Completi Camicie Cappotti, Naturale e Argento CRW001-20"}
{"input_field":"A product entitled 'Bambino Mio, Baby Changing Mat, Cushioned, Lightweight and Portable' exists on an online shopping website. Generate an adequate title for the product when it appears on a(n) Italian online shopping website.\nOutput: ","target_field":"Bambino Mio, Fasciatoio Portatile Imbottito, Leggero e Portatile"}
{"input_field":"Translate the product title '5HTP \u2013 400mg Griffonia Seed Extract \u2013 240 Vegan Tablets \u2013 8 Months Supply of High Strength 5-HTP - 50mg from 400mg Griffonia Seed Extract \u2013 Made in The UK by Nutravita' into Italian. \nOutput: ","target_field":"5HTP \u2013 400mg Estratto di Semi di Griffonia - Alternativa Naturale alla Melatonina \u2013 240 Compresse Vegane \u2013 Fornitura per 8 Mesi di Alta Resistenza 5-HTP \u2013 Prodotto nel Regno Unito da Nutravita"}
{"input_field":"A product entitled 'All-new Kindle (2022 release) | The lightest and most compact Kindle, now with a 6\", 300 ppi high-resolution display and double the storage, with ads, Denim' exists on an online shopping website. Generate an adequate title for the product when it appears on a(n) Italian online shopping website.\nOutput: ","target_field":"Nuovo Kindle (modello 2022) | Il nostro Kindle pi\u00f9 leggero e compatto, ora con uno schermo da 6\u2019\u2019 ad alta risoluzione (300 ppi) e doppio spazio di archiviazione | Con pubblicit\u00e0 | Blu"}
{"input_field":"A product entitled 'Melissa & Doug Suspend Family Games for Kids and Adults | Stacking Tower Balancing Toy Board Game | Activity Games for Family Gifts | Outdoor Travel Games for Kids 8-12 | Kids Games for 8+ Year Olds' exists on an online shopping website. Generate an adequate title for the product when it appears on a(n) Italian online shopping website.\nOutput: ","target_field":"Melissa & Doug Gioco di sospensione per famiglie per bambini e adulti | Gioco da tavolo giocattolo di bilanciamento della torre impilabile | Giochi di attivit\u00e0 per regali di famiglia"}
{"input_field":"A product entitled 'M-Audio M-Track Solo \u2013 USB Audio Interface for Recording, Streaming and Podcasting with XLR, Line and DI Inputs, Plus a Software Suite Included' exists on an online shopping website. Generate an adequate title for the product when it appears on a(n) Italian online shopping website.\nOutput: ","target_field":"M-Audio M-Track Solo \u2013 Interfaccia audio Scheda Audio Esterna USB per registrazione, streaming e podcasting, con ingresso XLR, Line e DI e software"}
{"input_field":"A user found a product with title 'USB C to HDMI Adapter 4K@60Hz , BENFEI Thunderbolt 3 to HDMI Adapter for MacBook Pro 2019\/2018\/2017, MacBook Air\/iPad Pro 2018, Samsung Galaxy S10\/S9[Aluminum alloy shell & nylon cable]' on an online shopping website. Please translate the product title into Italian.\nOutput: ","target_field":"Adattatore USBC a HDMI 4K@60Hz, BENFEI Thunderbolt 3 a HDMI Compatibile per MacBook Pro 2018\/2017, Samsung Galaxy S9\/S8, Surface Book2, Dell xps 13\/15, Pixelbook e altro"}
{"input_field":"A user found a product with title 'Yazhiji Tiny Waterproof Temporary Tattoos - 60 Sheets, Moon Stars Constellations Music Compass Anchor Words Lines Flowers for Kids Adults Men and Women' on an online shopping website. Please translate the product title into Italian.\nOutput: ","target_field":"60 fogli Tatuaggi temporanei impermeabili minuscoli, costellazioni di stelle di luna Bussola musicale Linee di ancoraggio Linee di parole Fiori per bambini Adulti Uomini e donne."}
{"input_field":"A product entitled '3M Peltor Optime I Earmuff H510A; Lightweight Ear Defender with soft cushions, Hearing Protection against noise levels in the range of 87-98 dB (SNR 27dB), yellow, Pack of 1 (packaging may vary)' exists on an online shopping website. Generate an adequate title for the product when it appears on a(n) Italian online shopping website.\nOutput: ","target_field":"3M Peltor Optime Cuffie Auricolari H510A, Paraorecchie Leggeri con Morbidi Cuscinetti, Protezione dell'Udito contro i Livelli di Rumore nell'Intervallo 87-98 dB, SNR: 27dB, Giallo, Confezione da 1"}
{"input_field":"Translate the product title '2 Pieces Air Fryer Silicone Baking Tray, 8 inch Air Fryer Silicone Pot With anti-scalding hand clip, Air Fryer Liners Reusable, for Air Fryer Accessories, Microwave, Oven' into Italian. \nOutput: ","target_field":"2 Pezzi Teglia in Silicone per Friggitrice ad Aria, Cestello per Friggitrice ad Aria 22cm, Pentola in Silicone Reusable, Accessori per Friggitrice ad Aria, per Friggitrici ad Aria, Microonde,Forni"}
{"input_field":"Translate the product title 'Logitech B110 Wired USB Mouse, Silent Buttons, Comfortable Full-Size Use Design, Ambidextrous PC \/ Mac \/ Laptop - Grey' into Italian. \nOutput: ","target_field":"Logitech B110 Mouse USB cablato, pulsanti silenziosi, design confortevole per l'uso a grandezza naturale, PC \/ Mac \/ Laptop ambidestro - Grigio"}
{"input_field":"Translate the product title 'Amazon Basics - Cuddly blanket, made of velvety plush, 168 x 229cm - Grey' into Italian. \nOutput: ","target_field":"Amazon Basics - Coperta Vellutata in Pile, 168 x 229cm, colore Grigio"}
{"input_field":"Translate the product title 'Actesso Breathable Wrist Support Brace Splint - Ideal for Carpal Tunnel, Sprains, and Tendonitis (Black, Large Left)' into Italian. \nOutput: ","target_field":"Actesso Tutore Polso Traspirante - Ideale Polsiera per Sindrome del Tunnel Carpale, Slogature, RSI e Tendinite (Nero Sinistra, L)"}
{"input_field":"Translate the product title 'EO-EG920BW White Genuine Samsung Headset \/ Handsfree \/ Headphone \/ Earphone With Volume Control For Samsung Galaxy Phones ( Non Retail Packaging - Bulk Packaging )' into Italian. \nOutput: ","target_field":"eo-eg920bw bianco originale Samsung Headset\/Handsfree\/cuffie\/auricolari con controllo del volume per cellulari Samsung Galaxy (non retail Packaging\u00a0\u2013\u00a0Confezione bulk)"}
{"input_field":"A user found a product with title 'Canzt Professional Sneaker Cleaner - Premium sneaker cleaning set for sneakers and shoes, high-quality sneaker cleaner incl. shoe brush & microfibre cloth' on an online shopping website. Please translate the product title into Italian.\nOutput: ","target_field":"Canzt Professional Sneaker Cleaner - Set di pulizia premium per scarpe da ginnastica e scarpe, pulitore per scarpe da ginnastica di alta qualit\u00e0 incl. spazzola per scarpe e panno in microfibra"}
{"input_field":"Translate the product title 'JETech 3-Pack Screen Protector for iPhone SE 3\/2 (2022\/2020 Edition), iPhone 8, iPhone 7, iPhone 6s, and iPhone 6, Tempered Glass Film, 4.7-Inch' into Italian. \nOutput: ","target_field":"JETech Pellicola Protettiva Compatibile con iPhone SE 3\/2 (modello 2022\/2020), iPhone 8\/7\/6s\/6, in Vetro Temperato, Pacco da 3"}
{"input_field":"A product entitled 'LEGO 76901 Speed Champions Toyota GR Supra Collectible Sports Car Toy Building Set with Racing Driver Minifigure, Gifts for Boys and Girls' exists on an online shopping website. Generate an adequate title for the product when it appears on a(n) Italian online shopping website.\nOutput: ","target_field":"LEGO 76901 Speed Champions Toyota GR Supra, Macchina Giocattolo per Bambini di 7 Anni, Auto Sportiva da Corsa con Pilota"}
{"input_field":"Translate the product title 'JOREST 25Pcs Standard Car Fuse Kit - Blade Fuses Automotive - Replacement Fuses Assortment Kit for Car\/RV\/Truck\/Motorcycle(2Amp 3A 5A 7.5A 10A 15A 20A 25A 30A 35A 40A)' into Italian. \nOutput: ","target_field":"JOREST 25Pcs Medio Fusibili Auto Kit, Fusibili Per Auto - 11 Specifiche Fusibile Auto Assortiti\/Camper\/Camion\/Moto (2A 3A 5A 7.5A 10A 15A 20A 25A 30A 35A 40A)"}
{"input_field":"Translate the product title 'BRITA Marella fridge water filter jug for reduction of chlorine, limescale and impurities, Includes 3 x MAXTRA+ filter cartridges, 2.4L -blue' into Italian. \nOutput: ","target_field":"BRITA Caraffa Filtrante Marella per acqua, Blu (2.4l) - incl. 3 Filtri MAXTRA+ per la riduzione di cloro, calcare e impurit\u00e0"}
{"input_field":"Translate the product title 'HDMI Splitter, HDMI Switch 4K@60Hz,Aluminum HDMI Splitter 2 In 1 out \/ 1 In 2 out, Supports 4K 3D 1080P Dobly, HDMI Switcher for Fire TV Stick,Xbox, PS5\/4\/3, Blu-Ray,DVD,TV, Projector' into Italian. \nOutput: ","target_field":"Switch HDMI 4K@60Hz HDR, Sdoppiatore HDMI Alluminio HDMI Switch Bidirezionale 2 in 1 out o 1 in 2 out, Supporta HDCP 2.2 4K 3D e 1080P,HDMI Splitter Per TV,Fire Stick,Decoder DVB-T2, PS5\/4\/3,SKYQ,Xbox"}
{"input_field":"A product entitled 'GlocalMe Neos mobile WiFi Router, 4G LTE, 2200mAh battery, connection for 16 devices, compatible with all local European and Asian SIM cards, mobile WiFi hotspot (white)' exists on an online shopping website. Generate an adequate title for the product when it appears on a(n) Italian online shopping website.\nOutput: ","target_field":"GlocalMe Neos C2 Router Mobile WiFi 4G LTE Modem, Batteria Ricaricabile, Collega fino a 16 dispositivi, Compatibile con Tutte le schede SIM Locali Europee e Asiatiche, Dispositivo MiFi Sbloccato"}
{"input_field":"A user found a product with title 'Apple Pencil (2nd Generation)' on an online shopping website. Please translate the product title into Italian.\nOutput: ","target_field":"Apple Pencil (seconda generazione)"}
{"input_field":"Translate the product title 'MATEIN Laptop Lunch Backpack, Rucksack for Women 15.6 Inch with Insulated Cooler Compartment, Travel Backpack with USB Port, Water Resistant Lunch Cool Bag for Men Business Work School Picnic, Grey' into Italian. \nOutput: ","target_field":"MATEIN Pranzo Zaino Donna, Zaino Porta PC 15,6 Pollici con Scomparto Lunch Isolato, Zaino da Viaggio con Porta USB, Impermeabile Borsa Termica Borsa Porta Pranzo per Uomo Scuola Lavoro Picnic, Grigio"}
{"input_field":"A user found a product with title 'JETech Glitter Case for iPhone 12\/12 Pro, 6.1-Inch, Bling Sparkle Shockproof Phone Bumper Cover, Cute Sparkly for Women and Girls (Blue)' on an online shopping website. Please translate the product title into Italian.\nOutput: ","target_field":"JETech Cover Glitter per iPhone 12\/12 Pro, 6,1 Pollici, Custodia Bling Brilla Paraurti Antiurto da Telefono, Carino Scintillante con Donne e Ragazze (Blu)"}
{"input_field":"A product entitled 'KabelDirekt \u2013 2m \u2013 8K HDMI 2.1 Ultra High Speed HDMI cable, certified (48G, 8K@60Hz, latest standard, officially licensed\/tested for optimal quality, perfect for PS5\/Xbox\/Switch, blue\/black)' exists on an online shopping website. Generate an adequate title for the product when it appears on a(n) Italian online shopping website.\nOutput: ","target_field":"KabelDirekt \u2013 2 m \u2013 Cavo 8K HDMI 2.1 Ultra High Speed, certificato (48G 8K@60 Hz, ultimo standard, ufficialmente omologato\/testato per una qualit\u00e0 impeccabile, perfetto per PS5\/Xbox, blu\/nero)"}
{"input_field":"Translate the product title '3M 1100 Ear Plugs, Light Weight & Soft Foam for Comfortable Wear, Hearing Protection against noise levels in the range of 94-105 dB (SNR: 37dB), 30 pairs' into Italian. \nOutput: ","target_field":"3M Inserti Auricolari 1100, Schiuma Leggera e Morbida per un Uso Confortevole, Protezione dell'Udito contro i Livelli di Rumore nell'Intervallo 94-105 dB, SNR: 37dB, 30 Paia"}
{"input_field":"A user found a product with title 'Marvel Avengers Titan Hero Series Collectible 30-cm Captain America Action Figure, Toy for Ages 4 and Up' on an online shopping website. Please translate the product title into Italian.\nOutput: ","target_field":"Avengers - Captain America (Action Figure Titan Hero da 30 cm, per Bambini dai 4 Anni in su)"}
{"input_field":"Translate the product title 'Rosemary Oil for Hair Growth, Rosemary Essential Oil for Eyebrow and Eyelash Growth, Stimulates Hair Growth, Hair Loss Treatment Oil for Women and Men, with 1 Sets of Eyebrow and Eyeliner Brushes' into Italian. \nOutput: ","target_field":"Olio Essenziale di Rosmarino per Capelli, Sopracciglia e Crescita delle Ciglia, Olio per il Trattamento della Caduta dei Capelli per Donne e Uomini, Stimola la Crescita dei Capelli"}
{"input_field":"A product entitled 'ATUMTEK Selfie Stick Tripod, Extendable 3 in 1 Aluminum Bluetooth Selfie Stick with Wireless Remote for iPhone 13\/13 Pro\/12\/11 Pro\/XS Max\/XS\/XR\/X\/8\/7, Samsung Huawei LG Google Sony Smartphones, White' exists on an online shopping website. Generate an adequate title for the product when it appears on a(n) Italian online shopping website.\nOutput: ","target_field":"ATUMTEK Bastone Selfie Treppiede, Mini 3 in 1 Selfie Stick Bluetooth Estensibile in Alluminio con Telecomando Wireless con Rotazione a 270\u00b0 per iPhone 13\/12\/11\/XS Max\/XS\/XR\/X\/8, Samsung e Smartphone"}
{"input_field":"Translate the product title 'Yankee Candle Scented Candle | Sakura Blossom Festival Large Jar Candle | Sakura Blossom Festival Collection | Burn Time: Up to 150 Hours | Great for Gifting' into Italian. \nOutput: ","target_field":"Yankee Candle candela profumata | Candela in giara grande Sakura Blossom Festival | Collezione Sakura Blossom Festival | Durata: fino a 150 ore | Ottimo da regalare"}
{"input_field":"Translate the product title 'Momcozy Breast Pump,Wearable Hands-Free Electric Breast Pump, Strong Pumping, Leak-Proof Milk, Ultra-Quiet, No Pain, Lightweight with 2 Mode & 5 Levels-24MM (Green)' into Italian. \nOutput: ","target_field":"Tiralatte Momcozy, Tiralatte Elettrico Indossabile a Mani Libere, Pompaggio Potente, Leggero con 2 Modalit\u00e0 e 5 Livelli-24MM (Verde)"}
{"input_field":"Translate the product title 'FIFA 22 Legacy Edition (Nintendo Switch), Packaging may vary' into Italian. \nOutput: ","target_field":"Fifa 22 Legacy Edition (Nintendo Switch) - Other - Nintendo Switch [Edizione Araba]"}
{"input_field":"A user found a product with title 'Marvel Studios Avengers Titan Hero Series Captain America Action Figure, 30-cm Toy, Includes Wings, for Children Aged 4 and Up' on an online shopping website. Please translate the product title into Italian.\nOutput: ","target_field":"Hasbro Avengers Titan Hero Capitan America, action figure di Captain America da 30 cm, include ali, per bambini dai 4 anni in su"}
{"input_field":"A product entitled 'GIISSMO MacBook Adapter, USB C Hub with Thunderbolt 3, 4K HDMI, 3 USB-A Ports, SD\/TF Card Reader, MacBook Accessories USB Adapter Compatible with MacBook Pro M1 2020-2016, MacBook Air 2020 2019 2018' exists on an online shopping website. Generate an adequate title for the product when it appears on a(n) Italian online shopping website.\nOutput: ","target_field":"GIISSMO Adattatore USB C HUB 7 IN 2 MacBook Pro\/Air con Thunderbolt 3, 4 K, 3 porte USB 3.0, lettore di schede SD\/TF, compatibile con MacBook Pro 2020-2016, MacBook Air 2020-2018"}
{"input_field":"A user found a product with title 'Amazon Basics Nylon Braided Lightning to USB A Cable - MFi Certified iPhone Charger, Rose Gold, 0.9 m' on an online shopping website. Please translate the product title into Italian.\nOutput: ","target_field":"Amazon Basics Cavo di ricarica Lightning\/USB-A, certificato MFi, in nylon intrecciato, per iPhone, oro rosa, 0,9 m"}
{"input_field":"Translate the product title 'JETech Silicone Case for iPhone 11 (2019) 6.1-Inch, Silky-soft touch Full-Body Protective Case, Shockproof cover with Microfiber Lining (Light Blue)' into Italian. \nOutput: ","target_field":"JETech Cover in Silicone Compatibile iPhone 11 (2019), 6,1 Pollici, Custodia Protettiva con Tutto Il Corpo Tocco Morbido setoso, Cover Antiurto con Fodera in Microfibra (Cielo Blu)"}
{"input_field":"A user found a product with title 'Amazon Basics Ironing Board for Shirt Sleeves (Grey)' on an online shopping website. Please translate the product title into Italian.\nOutput: ","target_field":"Amazon Basics - Asse da stiro per maniche di camicia (colore grigio)"}
{"input_field":"A product entitled 'Amazon Basics Expanding File, A4 Size - Black\/Gray (2-Pack)' exists on an online shopping website. Generate an adequate title for the product when it appears on a(n) Italian online shopping website.\nOutput: ","target_field":"Amazon Basics - Cartella portadocumenti espandibile, formato A4 (confezione da 2)"}
{"input_field":"Translate the product title 'Termichy Milk Powder Dispenser, 250g Formula Dispenser, Airtight Milk Powder Container for Travel Feeding with Leveler and Spoon (Blue,1 Pack)' into Italian. \nOutput: ","target_field":"Termichy - Dispenser per latte in polvere, 250g, ermetico, portatile, per alimentazione da viaggio, con livellatore e cucchiaio(Blu, 1 confezione)"}
{"input_field":"A product entitled 'NINGKPOW USB C to Lightning Cable Short 0.5M MFi Certified iPhone Charger Cable Nylon Braided PD Fast Type C iPhone Charging Lead Compatible with iPhone 14 13 12 Mini Pro Max 11 8 7 6 SE 2020 XR XS X' exists on an online shopping website. Generate an adequate title for the product when it appears on a(n) Italian online shopping website.\nOutput: ","target_field":"NINGKPOW Cavo USB C a Lightning Corto 50CM [Certificato MFi] Cavo iPhone USB Tipo C Nylon Power Delivery Carica Rapida Caricatore per iPhone 14 13 12 Mini Pro Max 11 8 7 6 SE 2020 XR XS X - Grigio"}
{"input_field":"A product entitled 'Logitech C270 HD Webcam, HD 720p\/30fps, Widescreen HD Video Calling, HD Light Correction, Noise-Reducing Mic, For Skype, FaceTime, Hangouts, WebEx, PC\/Mac\/Laptop\/Macbook\/Tablet - Black' exists on an online shopping website. Generate an adequate title for the product when it appears on a(n) Italian online shopping website.\nOutput: ","target_field":"Logitech C270 Webcam HD, HD 720p\/30fps, Videochiamate HD Widescreen, Correzione Automatica \u200eLuminosit\u00e0, Microfono Riduzione del Rumore, Skype, FaceTime, Hangouts, \u200eWebEx,PC\/Mac\/Tablet\/Chromebook"}
{"input_field":"A product entitled 'Oral-B Marvel Spider Man Electric Toothbrush Heads (Pack of 4) Ideal for Sensitive Teeth and Gums Ages 3+' exists on an online shopping website. Generate an adequate title for the product when it appears on a(n) Italian online shopping website.\nOutput: ","target_field":"Oral-B Marvel Spider Man, Testine Spazzolino Elettrico, Confezione da 4 pezzi, Ideale per denti e gengive sensibili, dai 3 anni in su"}
{"input_field":"A user found a product with title 'Philips SHK2000BL\/00 Over Ear Kids Headphones, 85dB Volume Limit, Noise Isolating, Soft Ear Pads, Ergonomic Headband (Pink)' on an online shopping website. Please translate the product title into Italian.\nOutput: ","target_field":"Philips SHK2000BL\/00 Cuffie per Bambini Over Ear, Limite di Volume di 85 dB, Isolamento Acustico, Cuscinetti Auricolari Morbidi, Archetto Ergonomico"}
{"input_field":"Translate the product title 'JETech Wallet Case for iPhone 12\/12 Pro 6.1-Inch with Card Holder, Dual Layer Shockproof Protective Phone Cover, Sliding Hidden Slot (Black)' into Italian. \nOutput: ","target_field":"JETech Cover Portafoglio per iPhone 12\/12 Pro 6,1 Pollici con Porta Carte, Custodia Protettiva Antiurto Doppio Strato, Slot Nascosto Scorrevole (Nero)"}
{"input_field":"A user found a product with title 'GimCat Multi-Vitamin Paste Extra - Cat snack with beta-glucans and omega 3 & 6 fatty acids for healthy cell protection - 1 tube (1 x 50 g)' on an online shopping website. Please translate the product title into Italian.\nOutput: ","target_field":"GimCat Multi-Vitamin Pasta Extra - Snack per gatti con beta-glucano e omega 3\/6 per una protezione salutare delle cellule - 1 tubetto (1 x 50 g)"}
{"input_field":"Translate the product title 'Just for Men Moustache and Beard Black Brown Colour, Eliminates Grey for a Thicker and Fuller Look \u2013 M45' into Italian. \nOutput: ","target_field":"Just for Men Baffi e barba di colore marrone nero e nero elimina il grigio per un aspetto pi\u00f9 spesso e pieno \u2013 M45"}
{"input_field":"A product entitled 'Play-Doh Care 'n Carry Vet Playset with Toy Dog, Carrier, 10 Tools, 5 Colours' exists on an online shopping website. Generate an adequate title for the product when it appears on a(n) Italian online shopping website.\nOutput: ","target_field":"Play-Doh - Set da Veterinario, playset con Cane Giocattolo, trasportino, 10 Strumenti, 5 Colori"}
{"input_field":"Translate the product title 'ESR HaloLock Kickstand Wireless Charger, MagSafe-Compatible Charger for iPhone 14\/14 Plus\/14 Pro\/14 Pro Max and iPhone 13\/12 Series, with 5 ft (1.5 m) Removable Cable, Adapter Not Included, White' into Italian. \nOutput: ","target_field":"ESR HaloLock Caricatore Wireless con Cavalletto Compatibile con iPhone 14\/14 Plus\/14 Pro\/14 PRO Max y iPhone Serie 13\/12\/MagSafe,con Cavo Rimovibile da 1,5 m(Adattatore Non Incluso),Bianco"}
{"input_field":"Translate the product title 'Bosch P21\/5W (380) Longlife Daytime car light bulbs - 12 V 21\/5 W BAY15d - 2 bulbs' into Italian. \nOutput: ","target_field":"Bosch P21\/5W Longlife Daytime lampadine auto - 12 V 21\/5 W BAY15d - lampadine x2"}
{"input_field":"A user found a product with title 'Halloween Cookie Cutter Set,9 PCS 3D Plastic Pumpkin Stamp Molds Linzer Cookie Cutters Biscuit Cutters for Halloween Party Supplies Decorations' on an online shopping website. Please translate the product title into Italian.\nOutput: ","target_field":"Set di formine per biscotti di Halloween, 9 stampi in plastica 3D a forma di zucca per biscotti, formine per biscotti, decorazioni per feste di Halloween"}
{"input_field":"A user found a product with title 'Amazon Brand - Eono Magnetic Car Phone Holder, Universal Car Vent Phone Mount, With Strong N52 Magnets Mobile Phone Holder, Compatible with iPhone 12\/13\/14 Plus Pro Pro Max, Samsung, LG, Google Pixel' on an online shopping website. Please translate the product title into Italian.\nOutput: ","target_field":"Amazon Brand - Eono Supporto Cellulare Auto Magnetico, per Bocchette dell'aria, Magneti N52 ad alta tenuta, Compatibile con smartphone iPhone 12\/ 13\/ 14 Plus Pro Pro Max, Samsung, LG, Google Pixel"}
{"input_field":"A product entitled 'Beats Studio Buds \u2013 True Wireless Noise Cancelling Earbuds \u2013 IPX4 rating, Sweat Resistant Earphones, Compatible with Apple & Android, Class 1 Bluetooth, Built-in Microphone \u2013 White' exists on an online shopping website. Generate an adequate title for the product when it appears on a(n) Italian online shopping website.\nOutput: ","target_field":"Beats\u00a0Studio\u00a0Buds \u2013 Auricolari bluetooth totalmente wireless con cancellazione del rumore \u2013 auricolari senza fili resistenti al sudore, compatibili con Apple e Android, Bluetooth di Classe\u00a01 \u2013 Bianco"}
{"input_field":"Translate the product title 'JETech Case for iPad 10.2-Inch (9th\/8th\/7th Generation, 2021\/2020\/2019) with Pencil Holder, Clear Transparent Back Shell Slim Stand Shockproof Tablet Cover, Auto Wake\/Sleep (Light Purple)' into Italian. \nOutput: ","target_field":"JETech Custodia per iPad 10,2 Pollici (9a\/8a\/7a Generazione, 2021\/2020\/2019) con Portapenne, il Involucro Posteriore Chiaro Trasparente Supporto Cover Sottile per Tablet Antiurto (Viola Chiaro)"}
{"input_field":"A user found a product with title 'QUMOX 128GB MICRO SD MEMORY CARD CLASS 10 UHS-I 128 GB HighSpeed Write Speed 40MB\/S read speed upto 80MB\/S' on an online shopping website. Please translate the product title into Italian.\nOutput: ","target_field":"QUMOX 128GB Scheda Memoria Micro SD Memory Card Class 10 UHS-I da 128 GB ad Alta velocit\u00e0 velocit\u00e0 di Scrittura 30 MB\/s velocit\u00e0 di Lettura Fino a 80MB \/ S"}
{"input_field":"A product entitled 'Google Pixel 7 \u2013 Unlocked Android 5G Smartphone with wide-angle lens and 24-hour battery \u2013 128GB \u2013 Lemongrass' exists on an online shopping website. Generate an adequate title for the product when it appears on a(n) Italian online shopping website.\nOutput: ","target_field":"Google Pixel 7 - Smartphone Android 5G sbloccato con grandangolo e batteria che dura 24 ore - 128GB, Verde cedro"}
{"input_field":"A user found a product with title 'Black Shark Gaming Headset for PC, PS4, PS5, Xbox, Switch, All-in-1 Gaming Headphones with Ultra-clear Bendable Mic, 50mm Dynamic Drivers, Noise Isolation Ear Cushions, In-line Controls' on an online shopping website. Please translate the product title into Italian.\nOutput: ","target_field":"Black Shark Cuffie Gaming per PC, PS4, PS5, Xbox, Switch, All-in-1 Cuffie da Gaming con Microfono Pieghevole Ultra Chiaro, Driver Dinamici da 50 mm, Cuscinetti Isolanti, Controlli in Linea - White"}
{"input_field":"A product entitled 'ESR Screen Protector Compatible with iPad Pro 11 Inch (2022\/2021\/2020\/2018) and iPad Air 5\/4 (2022\/2020, 10.9 Inch), Tempered-Glass Film with Alignment Frame, Scratch Resistant, HD Clarity, 2 Pack' exists on an online shopping website. Generate an adequate title for the product when it appears on a(n) Italian online shopping website.\nOutput: ","target_field":"ESR Pellicola Protettiva per Lo Schermo Compatibile con iPad PRO 11\u201d (2022\/2021\/2020\/2018) e iPad Air 5\/4 (2022\/2020, 10,9\u201d), Vetro temperato con Cornice di allineamento, nitidezza HD, 2 Pezzi"}
{"input_field":"Translate the product title 'Iris Ohyama, Set of 3, Storage boxes, 10 L, with lid, stackable, garage, bedroom, living room - Useful Storage Box USB-SP - Transparent' into Italian. \nOutput: ","target_field":"Iris Ohyama, Set di 3 scatole di immagazzinaggio, 10 L, con coperchio, impilabile, garage, camera da letto, soggiorno - Useful Storage Box USB-S - Trasparente"}
{"input_field":"Translate the product title 'USB Hub, Beikell 4-Port USB 3.0 Data Hub Ultra Slim High Speed USB Splitter for Macbook, Mac Pro\/Mini, iMac, Surface Pro, XPS, USB Flash Drives, Notebook PC, Laptop, Mobile HDD, etc.' into Italian. \nOutput: ","target_field":"Hub USB,Beikell 4 Porte Hub USB 3.0 Ultra Sottile Alta Velocit\u00e0per per Macbook,Mac Pro\/Mini,iMac,Surface Pro,XPS,Unit\u00e0 flash USB,PC Notebook,Laptop,HDD Mobile,ecc"}
{"input_field":"Translate the product title 'Amazon Basics Vacuum Food Sealer Bags, 22 cm X 30 cm, Pack of 50' into Italian. \nOutput: ","target_field":"Amazon Basics - Sacchetti sottovuoto per alimenti, 22 cm x 30 cm, Pacco da 50"}
{"input_field":"A product entitled 'ESR Orbit Hybrid Case with HaloLock Compatible with AirPods Pro (2nd Generation), MagSafe Ready, Hybrid Drop Protection for AirPods Pro 2 (2022), Black' exists on an online shopping website. Generate an adequate title for the product when it appears on a(n) Italian online shopping website.\nOutput: ","target_field":"ESR Cover Ibrida con HaloLock compatibile con AirPods Pro 2 (Seconda Generazione), custodia abilitata a MagSafe, protezione ibrida contro le cadute per AirPods Pro (2022), serie Orbit, nero"}
{"input_field":"A user found a product with title 'ESR HaloLock Magnetic Car Phone Mount, Compatible with MagSafe Car Mount, Compatible with iPhone 14\/14 Plus\/14 Pro\/14 Pro Max and iPhone 13\/12 series, Does Not Support Charging, Metallic Grey' on an online shopping website. Please translate the product title into Italian.\nOutput: ","target_field":"ESR HaloLock Supporto Magnetico per Telefono da Auto, Compatibile con iPhone 14\/14 Plus\/14 Pro\/14 Pro Max e iPhone serie 13\/12 e MagSafe, Non supporta la ricarica, Nero"}
{"input_field":"A user found a product with title 'Ohrweh HDMI Splitter,3 Ports HDMI Switch with Remote Control, HDMI Splitter 3 In 1 Out Supports 4K@30Hz 1080P 3D for PS4 Xbox Sky Box Fire Stick, DVD, HDTV Projector' on an online shopping website. Please translate the product title into Italian.\nOutput: ","target_field":"Splitter HDMI, Switch HDMI a 3 porte con telecomando, Splitter HDMI 3 In 1 Out Supporta 4K@30Hz 1080P 3D per DVD, Proiettore HDTV"}
{"input_field":"Translate the product title 'Philips Ultinon Pro3021 LED Car Headlight Bulb (H7), cool white light of 6.000K, set of 2' into Italian. \nOutput: ","target_field":"Philips Ultinon Pro3021 LED lampadina fari auto (H7), luce bianca fredda da 6.000K, confezione doppia"}
{"input_field":"A user found a product with title 'Amazon Essentials Men's Crewneck T-Shirt, Pack of 6, Black, XL' on an online shopping website. Please translate the product title into Italian.\nOutput: ","target_field":"Amazon Essentials Maglietta a Girocollo Uomo, Pacco da 6, Nero, XL"}
{"input_field":"A product entitled 'Inateck 13 Inch Hard Shell Sleeve Shockproof Case Compatible with 13 MacBook Air M2\/M1 2022-2018, 13 MacBook Pro M2\/M1 2022-2016, Surface Pro 9\/8\/X\/7\/6\/5\/4\/3, with Accesory Bag' exists on an online shopping website. Generate an adequate title for the product when it appears on a(n) Italian online shopping website.\nOutput: ","target_field":"Inateck EVA 13 pollici Custodia Antiurto compatibile con MacBook Air 13 M2 M1 2022-2018, MacBook Pro 13 M2 M1 2022-2016, Surface Pro 9\/8\/7\/6\/X\/5\/4\/3, XPS 13, con protezione EVA a tre strati forte"}
{"input_field":"A user found a product with title 'Oversteel - ULTIMET Professional Gaming Chair, Leatherette, 2D Armrests, Height-adjustable, 180\u00b0 Reclining Backrest, Gas Spring Class 3, Up to 120Kg, Colour Red' on an online shopping website. Please translate the product title into Italian.\nOutput: ","target_field":"Oversteel - Sedia da gaming professionale ULTIMET, similpelle, braccioli 2D, regolabile in altezza, schienale reclinabile a 180\u00b0, molla a gas classe 3, fino a 120Kg, colore rosso"}
{"input_field":"Translate the product title 'Mam Easy Start Anti-Colic, Set of 2 Baby Bottles, 0-6 Months, 160 ml, Blue' into Italian. \nOutput: ","target_field":"Mam Easy Start Anti-Colica, Set di 2 Biberon, 0-6 Mesi, 160 Ml, Azzurro"}
{"input_field":"A product entitled 'Moleskine - Weekly Planner 18 Months 2022-2023, Weekly Planner With Hard Cover And Elastic Closure, Size Pocket, 9 x 14 cm, Color Blue' exists on an online shopping website. Generate an adequate title for the product when it appears on a(n) Italian online shopping website.\nOutput: ","target_field":"Moleskine - Agenda Settimanale 18-Mesi, Agenda Settimanale 2022\/2023 con Copertina Rigida e Chiusura Elastica, Formato Pocket 9 x 14 cm, Colore Blu"}
{"input_field":"Translate the product title 'Elizabeth Arden White Tea Eau de Toilette Spray, 100 ml' into Italian. \nOutput: ","target_field":"Elizabeth Arden White Tea Eau De Toilette - 100 ml"}
{"input_field":"Translate the product title 'iPhone SE 2nd generation, 128 GB, black (refurbished)' into Italian. \nOutput: ","target_field":"Apple iPhone SE 2a Generazione, 128GB, Nero (Ricondizionato)"}
{"input_field":"A product entitled 'Spigen Ultra Hybrid MagFit Case Compatible with iPhone 14 Pro Max - Carbon Fiber' exists on an online shopping website. Generate an adequate title for the product when it appears on a(n) Italian online shopping website.\nOutput: ","target_field":"Spigen Cover Magnetica Ultra Hybrid MagFit Compatibile con iPhone 14 Pro Max - Carbon Fiber"}
{"input_field":"A product entitled 'Logitech M185 Wireless Mouse, 2.4GHz with USB Mini Receiver, 12-Month Battery Life, 1000 DPI Optical Tracking, Ambidextrous, Compatible with PC, Mac, Laptop - Blue' exists on an online shopping website. Generate an adequate title for the product when it appears on a(n) Italian online shopping website.\nOutput: ","target_field":"Logitech M185 Mouse Wireless, 2,4 GHz con Mini Ricevitore USB, Durata Batteria di 12 Mesi, Tracciamento Ottico 1000 DPI, Ambidestro, Compatibile con PC, Mac, Laptop - Blu"}
{"input_field":"A user found a product with title 'OSRAM NIGHT BREAKER LASER H7, +150% more brightness, halogen headlight lamp, 64210NL-HCB, 12V, duo box (2 lamps)' on an online shopping website. Please translate the product title into Italian.\nOutput: ","target_field":"OSRAM NIGHT BREAKER LASER H7, 150% di luce in, lampada alogena per fari, 64210NL-HCB, 12V, scatola doppia (2 lampade)"}
{"input_field":"A product entitled 'Moleskine - 18-Month Weekly Planner\/Diary, Weekly Planner 2022\/2023, Weekly Notebook with Soft Cover and Elastic Closure, Size Large 13 x 21 cm, Colour Scarlet Red' exists on an online shopping website. Generate an adequate title for the product when it appears on a(n) Italian online shopping website.\nOutput: ","target_field":"Moleskine - Agenda Settimanale 18-Mesi, Agenda Settimanale 2022\/2023, Agenda Settimanale con Copertina Morbida e Chiusura Elastica, Formato Large 13 x 21 cm, Colore Rosso Scarlatto"}
{"input_field":"A product entitled 'OSRAM NIGHT BREAKER 200, H4, +200% more brightness, halogen headlight lamp, 64193NB200-HCB, 12V, Duo Box (2 lamps)' exists on an online shopping website. Generate an adequate title for the product when it appears on a(n) Italian online shopping website.\nOutput: ","target_field":"OSRAM NIGHT BREAKER 200, H4, +200% di Luce, Lampada Alogena per Fari, 64193NB200-HCB, Auto 12V, Scatola Doppia (2 Lampade)"}
{"input_field":"A user found a product with title 'Crucial RAM CT51264BF160B 4GB DDR3 1600 MHz CL11 Laptop Memory , Green' on an online shopping website. Please translate the product title into Italian.\nOutput: ","target_field":"Crucial Ram Ct51264Bf160B 4Gb Ddr3 1600 Mhz Cl11 Memoria Laptop, Nero"}
{"input_field":"A user found a product with title 'Amazon Basics USB Battery Charger Pack with AA (8-Pack), AAA (2-Pack) Rechargeable Batteries, C, D Compatible \u2013 Black' on an online shopping website. Please translate the product title into Italian.\nOutput: ","target_field":"Amazon Basics - Set caricabatterie USB con batterie ricaricabili AA (confezione da 8), AAA (confezione da 2), compatibile con batterie C, D - Nero"}
{"input_field":"Translate the product title 'Moleskine Daily Planner 2023, 12-Month Monthly Diary, Limites Edition Frida Kahlo, Daily Planner With Hard Cover and Elastic Closure, Large Size 13 x 21 cm, Colour Green' into Italian. \nOutput: ","target_field":"Moleskine Agenda Giornaliera 2023, Agenda 12-Mesi, Edizione Limitata Frida Kahlo, Agenda Giornaliera con Copertina Rigida e Chiusura Elastica, Formato Large 13 x 21 cm, Colore Verde"}
{"input_field":"A product entitled 'TUSITA [2-PACK] Charger Compatible with Huawei Watch Fit\/Fit 2\/Fit New\/Fit Mini, Huawei Band 7\/6\/ 6 Pro, Honor Band 6\/ Watch ES - Magnetic USB Charging Cable 3.3ft 100cm - Smartwatch Accessories' exists on an online shopping website. Generate an adequate title for the product when it appears on a(n) Italian online shopping website.\nOutput: ","target_field":"TUSITA [2-Pezzi] Caricabatterie Compatibile con Huawei Watch Fit\/Fit 2\/Fit New\/Fit Mini, Huawei Band 7\/6\/ 6 Pro, Honor Band 6\/ Watch ES - Smartwatch Cavo di Ricarica USB Magnetico 3,3ft 100cm"}
{"input_field":"A product entitled 'Moleskine Smart Planner Pro 2023 Weekly, 12-Month, Black' exists on an online shopping website. Generate an adequate title for the product when it appears on a(n) Italian online shopping website.\nOutput: ","target_field":"Moleskine Smart Planner Pro 2023 Settimanale, 12 mesi, Nero"}
