{"input_field":"Instructions: Use up to three words to summarize the product category given the description\nInput: A [MASK] is an item of furniture with a flat top and one or more legs, used as a surface for working at, eating from, or on which to place things. A [MASK] may have additional features below the workings surface, such as drawers or racks. A [MASK] is usually distinguished from similar furniture such as a desk or workbench in the absence of additional features on or above the working surface.\nOutput:","target_field":"Table"}
{"input_field":"Instructions: Use up to three words to summarize the product category given the description\nInput: A [MASK] is a form of recorded information, consisting of writing and\/or images, that is traditionally composed of many paper pages bound together and protected by a cover. [MASK] publications can also be made available in digital form as electronic [MASK]s, or e-[MASK]s, as well as an audio recording of a [MASK] read out loud. A [MASK] is a monograph in the sense that it is a non-serial publication written in either one volume, or a finite number of volumes.\nOutput:","target_field":"Book"}
{"input_field":"Instructions: Use up to three words to summarize the product category given the description\nInput: An [MASK] is a substance applied to an area such as a workspace, living space, or automobile interior to reduce odor or prevent a process that can cause odor.\nOutput:","target_field":"Area Deodorizer"}
{"input_field":"Instructions: Use up to three words to summarize the product category given the description\nInput: A [MASK] is a physical or electronic representation of days, weeks, months, and\/or years that serves as a record for keeping track of events. [MASK]s come in many forms, such as staple-bound annual [MASK]s that can be mounted on the wall, spiral-bound planners, easel-style desk [MASK]s, card-size [MASK]s that fit in a wallet, countdown [MASK]s that count days until a specific event, and e-[MASK]s that can be displayed on a computer or eBook reader.\nOutput:","target_field":"Calendar"}
{"input_field":"Instructions: Use up to three words to summarize the product category given the description\nInput: A [MASK] is a specialized padded glove, usually without separated finger movement, intended for use in a sports application. It is often used in sports such as baseball and softball, though padded mitts can be used for martial arts training and boxing as well.\nOutput:","target_field":"Sport Mitt"}
{"input_field":"Instructions: Use up to three words to name the product category given the description\nInput: [MASK]s are designed to be worn to support an instrument or device such as a musical instrument, camera, helmet, or optic device, or for smaller loads such as eyewear or a badge. They are detachable from the object they support and may attach to that object at one or more points via button-like connectors, clips, loops, or other type of clasps. [MASK]s can be made from a variety of materials, most commonly leather, fabric, webbing, or rope, and come in varying sizes. They may hang loosely, tautly, or allow for custom close-to-body fitting.\nOutput:","target_field":"Body Strap"}
{"input_field":"Instructions: Use up to three words to summarize the product category given the description\nInput: A [MASK] is a loose-fitting shirt that most commonly extends anywhere between the hips and the knees. The length of some traditional, region specific [MASK]s can be even longer.\nOutput:","target_field":"Tunic"}
{"input_field":"Instructions: Use up to three words to name the product category given the description\nInput: A [MASK] is a mixture of fragrant essential oils or aroma compounds, fixatives and solvents, used to give bodies an agreeable scent. [MASK]s come in a range of intensities, from eau de [MASK] to eau de toilette to cologne to eau fraiche, and are intended for bodily application in liquid, spray, and solid forms. Some [MASK] lines offer lotion or powder forms as well.\nOutput:","target_field":"Personal Fragrance"}
{"input_field":"Instructions: Use up to three words to name the product category given the description\nInput: A [MASK] is a device commonly attached to a fishing rod, used in winding and stowing line. Modern [MASK]s usually have fittings aiding in casting for distance and accuracy, as well as retrieving line. [MASK]s are traditionally used in the recreational sport of angling and competitive casting. They are typically attached to a fishing rod, though some specialized reels are mounted directly to boats.\nOutput:","target_field":"Fishing Reel"}
{"input_field":"Instructions: Use up to three words to name the product category given the description\nInput: An [MASK] is an electrical machine that converts electrical energy into mechanical energy.\nOutput:","target_field":"Electric Motor"}
{"input_field":"Instructions: Use up to three words to summarize the product category given the description\nInput: A [MASK] is a tire which fits on the wheel of a bicycle, unicycle, tricycle, quadracycle, bicycle trailer, trailer bike, wheelchair, or handcycle.\nOutput:","target_field":"Cycling Tire"}
{"input_field":"Instructions: Use up to three words to summarize the product category given the description\nInput: A [MASK] is a carrying bag with an elongated shape that is generally, but not solely, used for travel, sports, and other recreational activities. A traditional [MASK] is a large cylindrical fabric bag with a single unstructured compartment, a shoulder strap, and a drawstring top closure. Their distinct features include, but are not limited to: a cylindrical or an oblong shape with a rectangular bottom; a compact sized that allows them to fit into a locker or travel compartment; two handles in addition to a shoulder strap; a top zipper closure; fabric or leather construction; and additional interior and exterior pockets.\nOutput:","target_field":"Duffel Bag"}
{"input_field":"Instructions: Use up to three words to name the product category given the description\nInput: A [MASK] is an assembly of conductors used for transmission of electrical power. It includes a male connector, which consists of an insulated casing with metal pins that fit into the openings of a power outlet. The other end of the cord may have no connector, to allow its installation in a powered device, or may have a female connector, which consists of an insulated casing socket that can accommodate a male connector from another cable.\nOutput:","target_field":"Power Cord"}
{"input_field":"Instructions: Use up to three words to name the product category given the description\nInput: A [MASK] is an item used in the production of media or performing arts. [MASK]s take the form of large paper or cloth hangings that are hung behind the subject of the performance or photograph to minimize [MASK] distraction or to give a decorative image for framing the subject. They may be a solid color, patterned, or have scenic prints.\nOutput:","target_field":"Backdrop"}
{"input_field":"Instructions: Use up to three words to name the product category given the description\nInput: A [MASK] is an item of furniture used to sit on or in, comprised of a seat and a back. A [MASK] must have a supporting base that rests on the floor or ground; most commonly the support is composed of four legs but it can be any type of support including the [MASK]'s seat itself. [MASK]s may or may not have arm rests and\/or attached footrests. [MASK]s are intended to be used by one person.\nOutput:","target_field":"Chair"}
{"input_field":"Instructions: Use up to three words to name the product category given the description\nInput: A [MASK] is a device that produces light from electricity. These are the removable, replaceable component in most light fixtures, lamps, and appliances. Common [MASK]s come in three main varieties: incandescent, fluorescent, and LED (light emitting diode).\nOutput:","target_field":"Light Bulb"}
{"input_field":"Instructions: Use up to three words to name the product category given the description\nInput: A [MASK] is a unisex skin-tight one-piece garment that covers the body from the crotch to the shoulder.\nOutput:","target_field":"Leotard"}
{"input_field":"Instructions: Use up to three words to name the product category given the description\nInput: A [MASK] is a tool used for sharpening the edge of a knife, scissors, or other sharp metal object. Knife sharpening sharpeners vary from sharpening stones, to handled tools, to electric countertop devices.\nOutput:","target_field":"Knife Sharpener"}
{"input_field":"Instructions: Use up to three words to name the product category given the description\nInput: A [MASK] is a filter in the fuel line that screens out dirt and rust particles from the fuel, normally made into cartridges containing a filter paper. [MASK]s are found in most internal combustion engines.\nOutput:","target_field":"Fuel Filter"}
{"input_field":"Instructions: Use up to three words to name the product category given the description\nInput: A [MASK] is a stand-alone device that displays audiovisual content, like movies, by decoding a laser- or stylus-readable random-access disc that contains both audio and video signals.\nOutput:","target_field":"Video Disc Player"}
{"input_field":"Instructions: Use up to three words to name the product category given the description\nInput: An [MASK] is a type of underwear or liner worn on the body that absorbs and contains urine or fecal matter. The most common form is a 'diaper', worn by infants and toddlers who are not yet potty trained, but also used by adults with incontinence or without access to a toilet. They work by absorbing or containing excreta to prevent soiling of outer clothing or the external environment.\nOutput:","target_field":"Incontinence Protector"}
{"input_field":"Instructions: Use up to three words to summarize the product category given the description\nInput: A [MASK] is a container, usually with an open top and with the primary purpose of holding liquids for drinking. [MASK]s are sized to be held in one hand and sometimes have a stem or handle. They are made of a wide variety of materials, such as clay, wood, stone, glass, metal, china, Styrofoam, and plastic.\nOutput:","target_field":"Drinking Cup"}
{"input_field":"Instructions: Use up to three words to name the product category given the description\nInput: A [MASK] is an agent used to cleanse and scrub the skin of dead skin cells.\nOutput:","target_field":"Skin Exfoliant"}
{"input_field":"Instructions: Use up to three words to summarize the product category given the description\nInput: A [MASK] is an upper body garment, usually intended to cover the torso and arms, that is knitted and exhibits a visible yarn.\nOutput:","target_field":"Sweater"}
{"input_field":"Instructions: Use up to three words to summarize the product category given the description\nInput: A [MASK] is a top-loading device that toasts both sides of a bread product at once using radiant heat, and then pops up the toasted articles when finished.\nOutput:","target_field":"Toaster"}
{"input_field":"Instructions: Use up to three words to name the product category given the description\nInput: A portable [MASK] is a box with a handle that organizes and protects tools, allowing them to easily transported to a specific job or worksite. They can be used for a specific trade (such as carpentry, electrical, plumbing), art, or hobby. While their contents will vary with the activity (such as lures for fishing) or craft (with beads, wire, pliers for beading), they have several features in common: segmented compartments, in-lid storage, nested fold out tray(s), a removable top tray, and secured locking drawers. Smaller tool boxes can be carried with a top handle, while heavier boxes will have a telescoping handle and wheels.\nOutput:","target_field":"Portable Tool Box"}
{"input_field":"Instructions: Use up to three words to summarize the product category given the description\nInput: A [MASK] is a sleeveless garment worn on the upper body usually over a shirt. [MASK]s generally stop at the waist and can be a button up, zip up, or a pullover. [MASK]s are sometimes considered single-breasted and double-breasted when referring to the style of the [MASK].\nOutput:","target_field":"Vest"}
{"input_field":"Instructions: Use up to three words to summarize the product category given the description\nInput: A [MASK] is a portable device created to generate and extinguish a flame, with the intent to ignite various items. Often it consists of a metal or plastic container filled with a flammable fluid or pressurized liquid gas, as a means to ignite the flame. [MASK]s may also be electric and appear flameless, using electric arc (plasma) to ignite. Usually the flame is ignited by spinning a sparkwheel or push button.\nOutput:","target_field":"Mechanical Lighter"}
{"input_field":"Instructions: Use up to three words to name the product category given the description\nInput: A [MASK] (also known as a digitizer, drawing tablet, drawing pad, digital drawing tablet, pen tablet, or digital art board) is a computer input device that enables a user to hand-draw images, animations and graphics, with a special pen-like stylus, similar to the way a person draws images with a pencil and paper.\nOutput:","target_field":"Graphic Tablet"}
{"input_field":"Instructions: Use up to three words to summarize the product category given the description\nInput: A [MASK] is a device meant to print text or images onto flat media, usually paper.\nOutput:","target_field":"Printer"}
{"input_field":"Instructions: Use up to three words to summarize the product category given the description\nInput: A [MASK], or simply a [MASK], is a long piece of cloth worn for decorative purposes around the neck, resting under the shirt collar and knotted at the throat.\nOutput:","target_field":"Necktie"}
{"input_field":"Instructions: Use up to three words to name the product category given the description\nInput: A [MASK] is a liquid container that has a narrower neck than body and is made to be sealed with a device such as a reusable screw-top lid, cork, wax seal, or internal stopper. It can contain beverages such as water, wine, or soda, or it may be used for shampoo, cooking oil, medication or chemicals.\nOutput:","target_field":"Bottle"}
{"input_field":"Instructions: Use up to three words to summarize the product category given the description\nInput: A [MASK] is a box-shaped piece of furniture with one or more doors, drawers, and\/or shelves, used for storing and\/or displaying items. Most [MASK]s are freestanding, but some are designed to be mounted to or installed into a wall. [MASK]s vary significantly by intended use and component parts; common examples include armoires, curio [MASK]s, medicine [MASK]s, storage [MASK]s, tool chests, and file [MASK]s.\nOutput:","target_field":"Cabinet"}
{"input_field":"Instructions: Use up to three words to summarize the product category given the description\nInput: [MASK]s allow computer users to expand the number of input ports (such as for USB or other cables and devices) that feed into their computer. These cards plug directly into the motherboard's expansion slots.\nOutput:","target_field":"Input Output Card"}
{"input_field":"Instructions: Use up to three words to summarize the product category given the description\nInput: [MASK]s are non-recording cameras optimized to allow drivers unobstructed views of blind spots, particularly the rear blind spot ([MASK]s) or side blind spots. They are built in to newer models but can be purchased as aftermarket additions.\nOutput:","target_field":"Vehicle Safety Camera"}
{"input_field":"Instructions: Use up to three words to summarize the product category given the description\nInput: A [MASK] is a large oval frame topped with a binding to attach it to the user's footwear in order to walk more easily on snow. [MASK]s work by distributing the weight of the person over a larger area so that the person's foot does not sink completely into the snow, a quality called 'flotation'.\nOutput:","target_field":"Snowshoe"}
{"input_field":"Instructions: Use up to three words to name the product category given the description\nInput: A [MASK] is a device for optical magnification. Two form factors are most common: a convex lens usually mounted in a frame with a handle (magnifying glass), or a sheet [MASK] which is composed of many very narrow concentric ring-shaped lenses known as a Fresnel lens.\nOutput:","target_field":"Magnifier"}
{"input_field":"Instructions: Use up to three words to summarize the product category given the description\nInput: A [MASK] is a device used to capture visual images in the form of photographs, film, or video. [MASK]s at minimum usually consist of a [MASK] body with a hole that allows light in to capture an image.\nOutput:","target_field":"Camera"}
{"input_field":"Instructions: Use up to three words to name the product category given the description\nInput: A [MASK], short for [MASK]ssiere, is a form-fitting undergarment designed to support or cover the wearer's breasts.\nOutput:","target_field":"Bra"}
{"input_field":"Instructions: Use up to three words to name the product category given the description\nInput: A [MASK] is a rigid container made of durable material such as wood, metal, corrugated fiberboard, or plastic. They are often rectangular, stackable with other boxes, and have a lid or other closure. They are used for storing items grouped together and protected from dust or other environmental factors.\nOutput:","target_field":"Storage Box"}
{"input_field":"Instructions: Use up to three words to name the product category given the description\nInput: A [MASK] is a specialized type of clock used for measuring specific time intervals, counting down to zero at which time an alarm alerts the user that the interval has elapsed.\nOutput:","target_field":"Timer"}
{"input_field":"Instructions: Use up to three words to name the product category given the description\nInput: A [MASK] is an instrument used to measure the distance from the observer to a target. [MASK]s can use active methods of determining distance that include laser, lidar, radar, sonar, and ultrasonic [MASK]s. Applications include surveying, navigation, to assist focusing in photography, choosing a golf club according to distance, and correcting aim of a projectile weapon for distance.\nOutput:","target_field":"Rangefinder"}
{"input_field":"Instructions: Use up to three words to summarize the product category given the description\nInput: A [MASK] is a small object with a magnetic back and a front that serves a decorative or informational purpose. The magnetic back enables the object to temporarily adhere to a metal surface. [MASK]s are commonly used to decorate refrigerators and car dashboards, or to place useful information in convenient location.\nOutput:","target_field":"Decorative Magnet"}
{"input_field":"Instructions: Use up to three words to summarize the product category given the description\nInput: A [MASK] is a device that raises, transfers or circulates water. They may be electric, gas-powered, hydraulic or manual.\nOutput:","target_field":"Water Pump"}
{"input_field":"Instructions: Use up to three words to name the product category given the description\nInput: An [MASK] or [MASK] is a video camera with recording functionality mounted in or on a motor vehicle. Includes dashcams, also known as dashboard cameras, that continuously record the view through a vehicle's front or rear windows. Occasionally, [MASK]s are mounted to record the driver\u2019s activities, however they are used primarily to record activity occurring outside of the vehicle. Some onboard recording cameras include safety assistance features such backup or blind spot monitoring.\nOutput:","target_field":"Onboard Camera"}
{"input_field":"Instructions: Use up to three words to summarize the product category given the description\nInput: A [MASK] is a form of luggage. It is often a somewhat flat, rectangular-shaped bag with rounded square corners, either metal, hard plastic or made of cloth, vinyl or leather that more or less retains its shape. It has a carrying handle on one side and is used mainly for transporting clothes and other possessions during trips.\nOutput:","target_field":"Suitcase"}
{"input_field":"Instructions: Use up to three words to name the product category given the description\nInput: A [MASK] receiver is a device that receives for audio transmissions on [MASK] wave frequencies, commonly used for playing publicly broadcast audio programming in the AM and FM bands.\nOutput:","target_field":"Radio"}
{"input_field":"Instructions: Use up to three words to name the product category given the description\nInput: An [MASK], sometimes called adstringent, is a chemical that shrinks or constricts body tissues. They are commonly formulated as liquids, pastes, or powders.\nOutput:","target_field":"Astringent Substance"}
{"input_field":"Instructions: Use up to three words to summarize the product category given the description\nInput: A [MASK] is a consumer-grade [MASK] designed for recording speech in situations such as interviews, business meetings, and instructional settings. Early [MASK]s captured audio on analog media such as microcassettes, but most modern units capture digital audio on internal or removable media such as an SD card.\nOutput:","target_field":"Voice Recorder"}
{"input_field":"Instructions: Use up to three words to name the product category given the description\nInput: A [MASK] is an oral hygiene instrument used to clean the teeth, gums, and tongue. It consists of a head of tightly clustered bristle mounted on a handle which facilitates the cleaning of hard-to-reach areas of the mouth.\nOutput:","target_field":"Toothbrush"}
{"input_field":"Instructions: Use up to three words to summarize the product category given the description\nInput: A [MASK] is a structure that is intended to be installed outdoors on a permanent or semi-permanent basis to provide some degree of overhead shelter. These shelters are not fully enclosed and\/or secure sheds or habitable buildings but rather frameworks that are used for ornamental purposes and\/or to provide light protection from the elements. They may include rails on which to hang retractable panels, drapes, and\/or netting. Unlike their temporary\/portable counterparts they are not lightweight and are often intended to be secured to sturdy foundations via heavy duty brackets and bolts.\nOutput:","target_field":"Freestanding Shelter"}
{"input_field":"Instructions: Use up to three words to summarize the product category given the description\nInput: A [MASK] is an item that secures a portable electronic device to a surface or structure.\nOutput:","target_field":"Portable Electronic Device Mount"}
{"input_field":"Instructions: Use up to three words to summarize the product category given the description\nInput: A [MASK] is an outer garment that covers a person from the waist downwards. Unlike pants and shorts, which cover each leg individually, [MASK]s cover both legs together. [MASK]s are fitted to the body around the waist or hips, and may fit tight or loose below the waist. The hemline (lower edge) of [MASK]s can vary from micro to floor-length depending on fashion, culture, or personal style.\nOutput:","target_field":"Skirt"}
{"input_field":"Instructions: Use up to three words to summarize the product category given the description\nInput: A [MASK] is an elastic band used for strength training. They are also commonly used in physical therapy, specifically by convalescents of muscular injuries.\nOutput:","target_field":"Exercise Band"}
{"input_field":"Instructions: Use up to three words to summarize the product category given the description\nInput: A [MASK] is a sack usually made of cloth, leather, or nylon and generally used for carrying heavier items than a shoulder bag or handbag. They are specifically designed so that the majority of the weight of the bag is carried on the user's back and sometimes hips. They are almost universally secured with two shoulder straps connected at the top and bottom of the bag, and occasionally with an additional strap across the hips or chest for more stability.\nOutput:","target_field":"Backpack"}
{"input_field":"Instructions: Use up to three words to name the product category given the description\nInput: A videocassette recorder, [MASK], or [MASK] is an electromechanical device that records analog audio and analog video from broadcast television or other source on a removable, magnetic tape videocassette, and can play back the recording.\nOutput:","target_field":"Vcr"}
{"input_field":"Instructions: Use up to three words to name the product category given the description\nInput: A [MASK] is a three-dimensional object representing a person, animal, or anthropomorphized character such as a robot, that is intended to be played with. Includes action figures, dolls, plushies, and mini-figures for use in playsets.\nOutput:","target_field":"Toy Figure"}
{"input_field":"Instructions: Use up to three words to summarize the product category given the description\nInput: A [MASK] is a mechanical or electronic fastening device that is released by a physical object (such as a key, keycard, fingerprint, RFID card, security token, or coin), by supplying secret information (such as a number or letter permutation, or a password), or by a combination thereof.\nOutput:","target_field":"Lock"}
{"input_field":"Instructions: Use up to three words to name the product category given the description\nInput: [MASK], also referred to as [MASK]s, are a garment that covers the body from the waist downwards to below the knees or lower, usually as far as the ankles; and that covers each leg separately.\nOutput:","target_field":"Pants"}
{"input_field":"Instructions: Use up to three words to name the product category given the description\nInput: A [MASK] is an article of jewelry that is worn around the wrist or arm. An anklet (or ankle [MASK]) is an ornament worn around the ankle. Adjustable chain, link, strand, and wrap anklets and [MASK]s may be worn interchangeably on either wrists or ankles. Beyond ornamentation, [MASK]s may have medical and identity information such as an allergy [MASK] or a [MASK] tag for a newborn baby.\nOutput:","target_field":"Bracelet"}
{"input_field":"Instructions: Use up to three words to summarize the product category given the description\nInput: A [MASK] or [MASK] is a fastening device used to hold or secure objects tightly together to prevent movement or separation through the application of inward pressure. Some [MASK]s are temporary, as used to position components while fixing them together, others are intended to be permanent. Hand tool [MASK]s are sometimes called [MASK]s, spring [MASK]s are sometimes referred to as clips.\nOutput:","target_field":"Hardware Clamp Vise"}
{"input_field":"Instructions: Use up to three words to summarize the product category given the description\nInput: A [MASK] is a collection of supplies and tools used to give medical treatment. There is a wide variation in the contents of [MASK]s based on intended use and medical capability of the intended user. A [MASK] must include bandages, in various sizes, and a topical ointment for treating wounds.\nOutput:","target_field":"First Aid Kit"}
{"input_field":"Instructions: Use up to three words to summarize the product category given the description\nInput: A [MASK] is most commonly an elastic loop used to section off portions of human hair and hold them together in a bundle.\nOutput:","target_field":"Hair Tie"}
{"input_field":"Instructions: Use up to three words to summarize the product category given the description\nInput: [MASK]s or [MASK] are two telescopes mounted side-by-side and aligned to point in the same direction, allowing the viewer to use both eyes when viewing distant objects. Most are sized to be held using both hands, although sizes vary widely from opera glasses to large pedestal mounted military models.\nOutput:","target_field":"Binocular"}
{"input_field":"Instructions: Use up to three words to summarize the product category given the description\nInput: A [MASK] is a mechanical device used as a lifting aid to lift heavy loads. [MASK]s come in several form factors that are optimized for particular uses and weight requirements. Some [MASK]s are very compact in size and have a simple screw mechanism to product the lift, while others are large devices that utilize a hydraulic mechanism.\nOutput:","target_field":"Utility Jack"}
{"input_field":"Instructions: Use up to three words to summarize the product category given the description\nInput: A [MASK] is an additional sheet of material-commonly polyurethane or glass-that can be attached to a screen or other glass or fragile material to protect it against physical damage. It must be see-through and not impede the operation of the device or window.\nOutput:","target_field":"Screen Protector"}
{"input_field":"Instructions: Use up to three words to name the product category given the description\nInput: A [MASK] is an echo sounding system for measurement of water depth. Fishfinders work the same way and use similar frequencies to detect both the bottom and fish, the two instruments have largely merged.\nOutput:","target_field":"Sonar Fathometer"}
{"input_field":"Instructions: Use up to three words to name the product category given the description\nInput: [MASK]s and hair pins are ridged devices for holding hair in place. They are often made from metal, wood, and\/or plastic, and sometimes feature a decorative element. [MASK]s come in many sizes and utilize a variety of mechanisms to stay in place, including clips, clasps, slides, or pins.\nOutput:","target_field":"Hair Clip"}
{"input_field":"Instructions: Use up to three words to name the product category given the description\nInput: A [MASK] is an electronic device for varying the frequency to which a radio or television is tuned.\nOutput:","target_field":"Tuner"}
{"input_field":"Instructions: Use up to three words to summarize the product category given the description\nInput: A [MASK] is a textile neck covering characterized by being much longer than it is wide. Scarves are typically worn as outerwear to keep the wearer warm and to protect them from the elements, but scarves can also provide protection from the sun in any climate. Scarves are also often worn as fashion accessories and may have additional cultural or religious connotations for some wearers. While usually worn wrapped or draped around the neck, due to their nature as loose fabric items, wearers can adapt scarves so that they can be worn on other parts of the body, such as the head or face. Scarves may also be referred to as mufflers.\nOutput:","target_field":"Scarf"}
{"input_field":"Instructions: Use up to three words to summarize the product category given the description\nInput: A [MASK] is a lighting source that is powered through a plug connected to an electrical wall socket and\/or through batteries (including solar batteries). [MASK]s can be designed to be placed on a piece of furniture (such as desk [MASK]s and table [MASK]s) or freestanding on the floor; may include a c[MASK] to temporarily attach them to piece of furniture; or may be small enough to be supported by being plugged directly into the wall (as is the case with some night lights). Some [MASK]s that are intended for outdoor use have stakes that are designed to be pound into the earth to hold the [MASK] erect and\/or direct its lights.\nOutput:","target_field":"Lamp"}
{"input_field":"Instructions: Use up to three words to summarize the product category given the description\nInput: [MASK]s are garments intended to cover the torso and arms, similar to sweaters. They are not yarn knitted but rather finely machine knitted usually with a fleece underside.\nOutput:","target_field":"Sweatshirt"}
{"input_field":"Instructions: Use up to three words to summarize the product category given the description\nInput: A [MASK] is a large and often unfastened bag with parallel handles that emerge from the sides of its pouch.\nOutput:","target_field":"Tote Bag"}
{"input_field":"Instructions: Use up to three words to summarize the product category given the description\nInput: [MASK] are sleepwear with separate openings for each leg, as opposed to cloth extending across both legs like a nightshirt or nightgown. [MASK] are usually made of a soft fabric such as flannel or lightweight cotton.\nOutput:","target_field":"Pajamas"}
{"input_field":"Instructions: Use up to three words to name the product category given the description\nInput: Optic or [MASK]s, monopods, and camera pedestals are a type of camera support equipment that are designed to support, stabilize, or elevate a camera, flash unit, or other type of photographic or optic equipment. These products include at least one support leg, a mount or head, and may also include a base. Support legs are commonly adjustable via telescoping or bending.\nOutput:","target_field":"Camera Tripod"}
{"input_field":"Instructions: Use up to three words to summarize the product category given the description\nInput: [MASK]s are most commonly a pair of strings or cords, one for each shoe, finished off at both ends with aglets. These laces are passed through a series of eyelets or hooks on the shoe, and then tightened and tied to secure the shoe to the wearer's foot.\nOutput:","target_field":"Shoelace"}
{"input_field":"Instructions: Use up to three words to summarize the product category given the description\nInput: A [MASK] is a device used to measure the amount of light. In photography, a [MASK] is often used to determine the proper exposure for a photograph.\nOutput:","target_field":"Photographic Light Meter"}
{"input_field":"Instructions: Use up to three words to summarize the product category given the description\nInput: [MASK]s are products used to make a non-permanent image directly on the skin using semi-permanent paint, dye or other substances.\nOutput:","target_field":"Temporary Tattoo"}
{"input_field":"Instructions: Use up to three words to summarize the product category given the description\nInput: A [MASK] is an electric switch operated by means of a projecting lever that is moved up and down.\nOutput:","target_field":"Toggle Switch"}
{"input_field":"Instructions: Use up to three words to name the product category given the description\nInput: [MASK]s are small stoves used for camping or power outages. They differ from a portable grill in that they have burners and act more like a stovetop than a grill that spreads heat around evenly.\nOutput:","target_field":"Portable Stove"}
{"input_field":"Instructions: Use up to three words to name the product category given the description\nInput: [MASK]s are insulated and waterproof pants to be worn outdoors in winter weather. They can have integrated bibs or suspenders similar to overalls. They are often used for skiing and other related winter sports.\nOutput:","target_field":"Snow Pant"}
{"input_field":"Instructions: Use up to three words to summarize the product category given the description\nInput: [MASK]s are bags carried close to the body that are intended to hold multiple personal items for easy retrieval, and they are often fashionably designed. [MASK]s may be handheld, or may have a strap or handles.\nOutput:","target_field":"Handbag"}
{"input_field":"Instructions: Use up to three words to summarize the product category given the description\nInput: [MASK]s are artificial nail that cover all or part of the fingernail or toenail bed and are generally intended to extend the length of a natural nail. They can be rigid or flexible forms that are adhered to the nail, or powder or liquid substances that harden or bond to the nail after application.\nOutput:","target_field":"False Nail"}
{"input_field":"Instructions: Use up to three words to summarize the product category given the description\nInput: An [MASK] is a device that is inserted in the ear canal to protect the user's ears from loud noises, intrusion of water, foreign bodies, dust or excessive wind.\nOutput:","target_field":"Earplug"}
{"input_field":"Instructions: Use up to three words to name the product category given the description\nInput: A [MASK] is an object around which a length of another material (usually long and flexible) is wound for storage. Generally a reel has a cylindrical core and walls on the sides to retain the material wound around the core.\nOutput:","target_field":"Winding Reel"}
{"input_field":"Instructions: Use up to three words to summarize the product category given the description\nInput: [MASK] is jewelry manufactured specifically for wearing in body piercings, which involves insertion of jewelry that loops partly under the skin of the wearer, and may also pass through cartilage in eyebrow, nose, belly button, and other parts of the human body. Body [MASK] comes in a wide variety of shapes and sizes in order to best fit the pierced site.\nOutput:","target_field":"Piercing Jewelry"}
{"input_field":"Instructions: Use up to three words to name the product category given the description\nInput: A [MASK] is a fastening device or foot-covering with an integrated device that connects the user's foot to sporting equipment. [MASK]s help provide a safe and secure attachment while also allowing a user to easily maneuver. [MASK]s come directly attached to a shoe or as a separate device. [MASK]s are generally used on skis, wakeboards, waterskis, snowshoes, and snowboards.\nOutput:","target_field":"Sport Binding"}
{"input_field":"Instructions: Use up to three words to name the product category given the description\nInput: [MASK] describes an assortment of small, reflective particles that come in a variety of shapes and colors. [MASK] particles reflect light at different angles, causing the surface to sparkle or shimmer. [MASK] is often used as decoration in crafts and projects. [MASK] is also used to decorate the body and nails.\nOutput:","target_field":"Glitter"}
{"input_field":"Instructions: Use up to three words to summarize the product category given the description\nInput: A [MASK] is a primary article of clothing, or an undergarment, worn over the upper body in conjunction with a separate piece of lower body wear such as pants. [MASK]s are usually made of tightly woven fabric.\nOutput:","target_field":"Shirt"}
{"input_field":"Instructions: Use up to three words to name the product category given the description\nInput: A [MASK] is a device that protects the knee in work and sporting applications. [MASK]s usually take the form of a hard cup with internal padding attached to a flexible sleeve; the sleeve allows the leg to bend while securely holding the cup over the knee.\nOutput:","target_field":"Knee Pad"}
{"input_field":"Instructions: Use up to three words to name the product category given the description\nInput: A [MASK] is a sturdy bag designed to be repeatedly punched. A [MASK] is usually cylindrical, and is filled with various materials of varying hardness.\nOutput:","target_field":"Punching Bag"}
{"input_field":"Instructions: Use up to three words to summarize the product category given the description\nInput: A [MASK] is a circular object composed of a hard and durable material that is capable of turning on an axle. The central part of a [MASK] may be solid, partly solid, or spoked. [MASK]s are commonly made of rubber, plastic, nylon, aluminum, stainless steel, and nonferrous alloys.\nOutput:","target_field":"Wheel"}
{"input_field":"Instructions: Use up to three words to summarize the product category given the description\nInput: [MASK]s are a type of percussion instrument constructed from suspended tubes, rods, bells or other objects that are usually made of metal or wood. The tubes or rods are suspended along with some type of weight or surface which the tubes or rods can strike when they or another wind-catching surface are blown by the natural movement of air outside.\nOutput:","target_field":"Wind Chime"}
{"input_field":"Instructions: Use up to three words to name the product category given the description\nInput: A [MASK] is a device used for serving food for specific types of unattended wild animals ranging from insects to birds to large herbivores. These devices usually consist of a receptacle for the food, an interface designed to entice and comfortably feed the animal, and a stand or mount to place the device at the correct height for the intended audience.\nOutput:","target_field":"Wildlife Feeder"}
{"input_field":"Instructions: Use up to three words to summarize the product category given the description\nInput: An [MASK] is a device that receives electrical or mechanical input and displays dimensional information. Gauges are measurement and display components of larger systems with the display component taking one of many forms, such as an analog needle that moves over a series of printed numbers, or a digital readout that displays a number.\nOutput:","target_field":"Electromechanical Gauge"}
{"input_field":"Instructions: Use up to three words to summarize the product category given the description\nInput: A mousepad is a surface on which to place and move a computer mouse. A mousepad enhances the usability of the mouse compared to using a mouse directly on a table by providing a surface to allow it to measure movement accurately and without jitter.\nOutput:","target_field":"Mouse Pad"}
{"input_field":"Instructions: Use up to three words to name the product category given the description\nInput: A [MASK] is a lightweight pad used to provide cushioning and insulation when sleeping on the floor or ground. [MASK]s usually consist of a shell that is filled with cotton, polyester, or a foam-like material, and are often used for camping, sleepovers, or toddler napping. When used for camping, [MASK]s are often used in conjunction with sleeping bags, or camping cots. [MASK]s are designed to be quickly stowed, and can either be folded or rolled up.\nOutput:","target_field":"Sleeping Mat"}
{"input_field":"Instructions: Use up to three words to summarize the product category given the description\nInput: A [MASK] is a data storage device that includes flash memory with an integrated USB interface. It is typically removable, rewritable, and much smaller than an optical disc. [MASK]s commonly use the FAT file system.\nOutput:","target_field":"Flash Drive"}
{"input_field":"Instructions: Use up to three words to summarize the product category given the description\nInput: An [MASK] is a home dental device that uses a pulsing stream of water to remove plaque and food debris from teeth.\nOutput:","target_field":"Oral Irrigator"}
{"input_field":"Instructions: Use up to three words to summarize the product category given the description\nInput: A [MASK] is a tool used to remove warts, moles, skin tags, and other skin surface blemishes.\nOutput:","target_field":"Skin Blemish Removal Tool"}
{"input_field":"Instructions: Use up to three words to summarize the product category given the description\nInput: [MASK] is clothing designed to be worn by people engaging in a water-based activity or water sports, such as swimming, surfing, or sun-orientated activities, such as sun bathing.\nOutput:","target_field":"Swimwear"}
{"input_field":"Instructions: Use up to three words to summarize the product category given the description\nInput: A [MASK], or hair[MASK], is a stick [MASK] with rigid or soft bristles used in hair care for smoothing, styling, and detangling human hair, or for grooming an animal's fur.\nOutput:","target_field":"Hair Brush"}
{"input_field":"Instructions: Use up to three words to name the product category given the description\nInput: A [MASK] is a device used to cook food on parallel bars by applying heat from below. [MASK]s are intended primarily for use outdoors, and typically use either gas, charcoal, or electric heating elements as a heat source.\nOutput:","target_field":"Barbecue Grill"}
{"input_field":"Instructions: Use up to three words to summarize the product category given the description\nInput: A [MASK] is a cord management accessory that conceals electrical cords and data cables for safety, aesthetic, organizational, or cord protection purposes. All [MASK]s enclose one or more cords within a narrow channel, or affix the cords to a surface such as a wall or a floor.\nOutput:","target_field":"Cord Management Cover"}
{"input_field":"Instructions: Use up to three words to name the product category given the description\nInput: A fish hook or fishhook is a device that is tied or otherwise attached to a fishing line, used for catching fish either by impaling them in the mouth or, more rarely, by snagging the body of the fish.\nOutput:","target_field":"Fishing Hook"}
{"input_field":"Instructions: Use up to three words to summarize the product category given the description\nInput: A [MASK] is a device used to facilitate walking or for fashion. It is essentially a long rod that is held by one hand and rests on the ground periodically between steps.\nOutput:","target_field":"Walking Stick"}
{"input_field":"Instructions: Use up to three words to name the product category given the description\nInput: An [MASK] (or [MASK]) is the part of a pair of eyeglasses which is designed to hold corrective, protective, or decorative lenses in proper position.\nOutput:","target_field":"Eyeglass Frame"}
{"input_field":"Instructions: Use up to three words to summarize the product category given the description\nInput: An [MASK] is a folding canopy supported by wooden or metal ribs, which is usually mounted on a wooden, metal, or plastic pole. It is designed to protect a person against rain or sunlight.\nOutput:","target_field":"Umbrella"}
{"input_field":"Instructions: Use up to three words to name the product category given the description\nInput: A [MASK] is an insulated covering, usually sized to hold one or two people. It is essentially a quilt that functions as lightweight, portable bedding. A [MASK] will have an enclosed foot box and an open side that can be closed with a zipper or similar means to form a tube. [MASK] forms can range from form fitting bags, also known as mummy bags, to simple rectangles; [MASK]s may also incorporate additional features such as built-in pillows.\nOutput:","target_field":"Sleeping Bag"}
{"input_field":"Instructions: Use up to three words to summarize the product category given the description\nInput: [MASK]s are three-dimensional art objects that can be crafted from a number of materials (such as clay, glass, metal, resin, stone, and wood) using carving, casting, molding, and joining techniques. [MASK]s may be static or kinetic. All styles of free-standing [MASK]s are included, as well as mounted sculptural works in the round (like an animal head [MASK] that comes out from the wall to reveal multiple sides).\nOutput:","target_field":"Sculpture"}
{"input_field":"Instructions: Use up to three words to name the product category given the description\nInput: A [MASK] is an assortment of three or more distinct types of products and are intended to be used to clean more than just one part of a camera. [MASK]s come in different configurations but must contain some combination of the following: an air blower; a lens pen; a specialized cleaning brush, cloth, and\/or swab; and\/or tools such as tweezers and\/or probes that are intended for handling electronic components. A kit may also contain one or more cleaning solutions.\nOutput:","target_field":"Camera Cleaner"}
{"input_field":"Instructions: Use up to three words to name the product category given the description\nInput: A [MASK] is a head covering made from human hair, animal hair, or synthetic fiber.\nOutput:","target_field":"Wig"}
{"input_field":"Instructions: Use up to three words to summarize the product category given the description\nInput: A [MASK] is a garment that is worn draped from the neck onto the chest, in order to protect clothing from accidentally spilled food or drool. [MASK]s are frequently used by young children and infants, but may also be used by adults. [MASK]s are also worn when consuming certain messy foods, such as lobster. [MASK]s are also used for infants when they drool, such as when they are teething.\nOutput:","target_field":"Food Bib"}
{"input_field":"Instructions: Use up to three words to name the product category given the description\nInput: A [MASK] is a round band worn as an ornamental piece of jewelry usually on a finger or toe.\nOutput:","target_field":"Ring"}
{"input_field":"Instructions: Use up to three words to summarize the product category given the description\nInput: [MASK]s are games that are normally played on a table or other flat surface. They're generally sold in a container with all the pieces needed to play.\nOutput:","target_field":"Tabletop Game"}
{"input_field":"Instructions: Use up to three words to name the product category given the description\nInput: A [MASK] is a piece of absorbent fabric used for drying or wiping a body or a surface.\nOutput:","target_field":"Towel"}
{"input_field":"Instructions: Use up to three words to summarize the product category given the description\nInput: A [MASK] is an article of jewelry that is worn around the neck. The main component of a [MASK] is the band, chain, or cord that wraps around the neck. These are most often rendered in precious metals such as gold, silver, and platinum. [MASK]s often have additional attachments suspended or inset into the [MASK] itself.\nOutput:","target_field":"Necklace"}
{"input_field":"Instructions: Use up to three words to name the product category given the description\nInput: [MASK], or [MASK], are forms of protective eyewear that usually enclose or protect the area surrounding the eye in order to prevent particulates, water or chemicals from striking the eyes. They are used in chemistry laboratories and in woodworking. They are often used in snow sports as well, and in swimming.\nOutput:","target_field":"Safety Glasses"}
{"input_field":"Instructions: Use up to three words to summarize the product category given the description\nInput: Upper body outerwear is clothing that is designed to be worn outdoors or outside other garments. These outerwear items have a number of use cases: protection from inclement weather; warming-up the body before, or maintaining body temperature during, athletic activities; casual street wear.\nOutput:","target_field":"Coat"}
{"input_field":"Instructions: Use up to three words to name the product category given the description\nInput: A [MASK] is a small chain, split ring, or clip, usually made from metal or plastic that connects a small item to a keyring.\nOutput:","target_field":"Keychain"}
{"input_field":"Instructions: Use up to three words to summarize the product category given the description\nInput: [MASK]s are tinted cosmetics that are applied to the planes and ridges of the face to balance, enhance, or alter the shape of the face. Contour and bronzer makeups are used to create the illusion of shadow, narrowing areas of the face or its overall appearance. Blushes and highlighters are used to open the face up. Blushes and bronzers also introduce different warm tones such as golds, pinks, oranges, reds, and various earth tones to the face.\nOutput:","target_field":"Face Shaping Makeup"}
{"input_field":"Instructions: Use up to three words to summarize the product category given the description\nInput: [MASK] is a textile floor covering, typically consisting of an upper layer of pile attached to a backing, that is designed to be permanently installed. The combination of different construction techniques and fibers produces a variety of [MASK] looks and textures such as plush cut pile, patterned jacquard-weave, and smooth felt. Common form factors include: tiles, rolls, and kits customized to fit specific vehicle floors or beds. [MASK] tiles are affixed using a special pressure-sensitive glue, which holds them into place while allowing their easy removal. Roll [MASK] material comes in different widths and can be seamed together to offer wall-to-wall coverage. Interior roll [MASK] is usually fixed to a floor over a cushioned underlay or pad using nails, tack strips also known as gripper rods, or adhesives; whereas outdoor or marine [MASK] is often applied directly to the underfloor with adhesives. While flooring is a primary application, [MASK] can be used on multiple surfaces for added comfort or to provide insulation.\nOutput:","target_field":"Carpeting"}
{"input_field":"Instructions: Use up to three words to name the product category given the description\nInput: A [MASK] (also known as the main circuit board, [MASK], or baseboard) is the main printed circuit board (PCB) found in computers. A [MASK] holds and allows communication between many of the crucial electronic components of a computing system, such as the central processing unit (CPU) and memory, and provides connectors for other peripherals such as optical drives, hard drives, and input devices.\nOutput:","target_field":"Motherboard"}
{"input_field":"Instructions: Use up to three words to name the product category given the description\nInput: A [MASK] is an open, small wheeled cart that allows an individual person to carry various loads (such as AV equipment, books, gardening tools, groceries, or janitorial supplies). [MASK]s can have one or more wheels. While some carts might have enclosed spaces (a drawer, a cabinet section), they must have open spaces (platform, shelves, or racks) as well.\nOutput:","target_field":"Utility Cart Wagon"}
{"input_field":"Instructions: Use up to three words to name the product category given the description\nInput: A [MASK], [MASK] or [MASK] is a human-powered land vehicle with a handlebar, deck and wheels that is propelled by a rider pushing off the ground.\nOutput:","target_field":"Kick Scooter"}
{"input_field":"Instructions: Use up to three words to summarize the product category given the description\nInput: An electrical testing device is an instrument used to measure various electrical properties of electrical circuits and components of circuits. Properties tested include voltage, current, frequency, resistance, capacitance, conductance and others. An electrical testing device may be dedicated to testing a single property or may be capable of testing a variety of different properties. Circuits may be composed of a variety of elements, but commonly include wiring in structures, vehicles, electronic devices, and machinery; batteries; resistors; inductors; capacitors; switches; and transistors. Basic testers may simply indicate if a circuit is live or viable, while more complex testers can give specific readings of the circuit's properties or the properties of individual elements that may be in or out of the circuit. Contact testers typically have two leads, such as test probes or alligator clips, and require physical contact with the components being tested to complete a circuit. Contactless testers, like current clamps, have jaws which circle around the conductor being tested to measure the current by detecting the electromagnetic field generated by the flowing current.\nOutput:","target_field":"Electric Circuit Testing Device"}
{"input_field":"Instructions: Use up to three words to summarize the product category given the description\nInput: [MASK] is a kind of memory that retains data in the absence of a power supply.\nOutput:","target_field":"Flash Memory"}
{"input_field":"Instructions: Use up to three words to name the product category given the description\nInput: A [MASK] is a tool for cutting wood or other materials, typically with a long, thin serrated steel blade and operated using a backward and forward movement.\nOutput:","target_field":"Saw"}
{"input_field":"Instructions: Use up to three words to summarize the product category given the description\nInput: A [MASK] is a tool used to hit a golf ball in a game of golf. Each club is composed of a shaft with a grip at one end and a club head at the other end. Woods are mainly used for long-distance fairway or tee shots; irons are used for a variety of shots; hybrids that combine design elements of woods and irons are becoming increasingly popular; putters are used mainly on the green to roll the ball into the hole.\nOutput:","target_field":"Golf Club"}
{"input_field":"Instructions: Use up to three words to name the product category given the description\nInput: [MASK]s are devices used to interface with electronic devices, either through peripherals such as graphic tablets or directly through a touchscreen.\nOutput:","target_field":"Input Pen"}
{"input_field":"Instructions: Use up to three words to summarize the product category given the description\nInput: A [MASK] is electrical or electro-mechanical equipment for converting electrical energy. The most basic [MASK]s are stand-alone devices incorporating a passive transformer, but include more complex systems.\nOutput:","target_field":"Power Converter"}
{"input_field":"Instructions: Use up to three words to name the product category given the description\nInput: A [MASK] is a specialized cover that is stretched over a motor vehicle steering wheel to increase comfort and\/or grip, and to reduce wear and tear on the steering wheel.\nOutput:","target_field":"Steering Wheel Cover"}
{"input_field":"Instructions: Use up to three words to name the product category given the description\nInput: [MASK]s are cushioned gloves that fighters wear on their hands during boxing matches and practices. [MASK]s are designed to protect the fighter's hand, though they also reduce superficial facial injuries. A variety of specialized [MASK]s are available for competitions, sparring, and other forms of training.\nOutput:","target_field":"Boxing Glove"}
{"input_field":"Instructions: Use up to three words to summarize the product category given the description\nInput: An [MASK] is a band or chain around an animal's neck, used to restrain and\/or identify it.\nOutput:","target_field":"Animal Collar"}
{"input_field":"Instructions: Use up to three words to name the product category given the description\nInput: A [MASK] is a lighting source that is finished in some way, permanently affixed in a location, and usually directly wired into the electrical system.\nOutput:","target_field":"Light Fixture"}
{"input_field":"Instructions: Use up to three words to name the product category given the description\nInput: An [MASK] is an apparel product intended to be worn over the arms, usually covering all of the lower arm (below the elbow) and often covering all or part of the upper arm. Some [MASK]s also cover part of the hand and include a thumb hole. [MASK]s vary significantly in material and function and may include fasteners for attaching to a shirt or coat at the shoulder. Some common functions of [MASK]s include warming, cooling, sun protection, and physical therapy.\nOutput:","target_field":"Arm Sleeve"}
{"input_field":"Instructions: Use up to three words to name the product category given the description\nInput: [MASK] (singular die) are small throwable objects that can rest in multiple positions and are used for generating random values. [MASK] are suitable as gambling devices for games like craps and are also used in non-gambling tabletop games. [MASK] come in many shapes and sizes, and are primarily characterized by the number of sides, such as a 20-sided die. The most common [MASK] are cubes which have 6 sides.\nOutput:","target_field":"Game Dice"}
{"input_field":"Instructions: Use up to three words to summarize the product category given the description\nInput: A [MASK] (also known as a frock or a gown) is a garment consisting of a skirt with an attached bodice (or a matching bodice giving the effect of a one-piece garment). It consists of a top piece that covers the torso and hangs down over the legs.\nOutput:","target_field":"Dress"}
{"input_field":"Instructions: Use up to three words to summarize the product category given the description\nInput: A [MASK] is a tool with a cutting edge or blade, hand-held or otherwise, with most having a handle.\nOutput:","target_field":"Knife"}
{"input_field":"Instructions: Use up to three words to name the product category given the description\nInput: A [MASK] is a device with a pair of sharpened comb-like blades that either oscillate from side to side or rotate in order to groom (not remove) body hair. A [MASK] cuts the top of the hair rather than the base and is used to maintain length of hair as opposed to removing hair at the root or trimming it even with the skin. [MASK]s can be either manual or electric.\nOutput:","target_field":"Hair Trimmer"}
{"input_field":"Instructions: Use up to three words to name the product category given the description\nInput: A [MASK] consists of an ignitable wick embedded in wax or another flammable solid substance such as tallow that provides light, and in some cases, a fragrance.\nOutput:","target_field":"Candle"}
{"input_field":"Instructions: Use up to three words to name the product category given the description\nInput: A [MASK], or hair weave, is a bundle of natural or artificial hair that is clipped, glued, or woven into natural hair for cosmetic purposes.\nOutput:","target_field":"Hair Extension"}
{"input_field":"Instructions: Use up to three words to summarize the product category given the description\nInput: A [MASK] is a protective sheathing designed to cover all or part of a piece of furniture while in use. The most common examples of [MASK]s are slipcovers for seating such as chairs, sofas, and stools.\nOutput:","target_field":"Furniture Cover"}
{"input_field":"Instructions: Use up to three words to summarize the product category given the description\nInput: [MASK] is a soft, disposable, absorbent paper product primarily used on the face to capture and remove bodily discharges such as mucus, tears, or oil. It can have multiple plies, be quilted, infused with charcoal, imbued with a soothing agent, or an anti-viral disinfectant. [MASK] is typically sold in boxes, but can also come wrapped in plastic or cardboard envelopes if intended for travel or personal use.\nOutput:","target_field":"Facial Tissue"}
{"input_field":"Instructions: Use up to three words to summarize the product category given the description\nInput: A [MASK], or '[MASK]', is an electromechanical device used to dry hair after bathing or showering. A [MASK] blows ambient or hot air over damp hair to speed the evaporation of water to dry the hair. Most consumer grade [MASK]s are hand-held, and large professional units are made to cover the head like a helmet.\nOutput:","target_field":"Hair Dryer"}
{"input_field":"Instructions: Use up to three words to name the product category given the description\nInput: A [MASK] is a device for storing energy, consisting of one or more electrochemical cells with external connections provided to power electrical devices. Batteries may be standardized (such as AA household batteries) or proprietary (such as brand-specific cell phone batteries). Batteries come in many sizes and form factors, ranging from tiny button cells commonly used in watches to heavy 12v batteries used in automobiles.\nOutput:","target_field":"Battery"}
{"input_field":"Instructions: Use up to three words to summarize the product category given the description\nInput: [MASK]s, which include shaving cream, shave cream, and shaving foam, are a frothy cosmetic cream that is intended to be applied to body hair, usually facial hair, to facilitate shaving.\nOutput:","target_field":"Shaving Agent"}
{"input_field":"Instructions: Use up to three words to summarize the product category given the description\nInput: A [MASK] (also '[MASK]' or '[MASK]') is an attachment to an object, used by hand to interface with a mechanism or with the object as a whole. [MASK]s come in many shapes and sizes, but all are intended to be [MASK]ped by the hand or fingers. [MASK]s can allow for convenient carrying of items (carrying case [MASK]), for ergonomic operation of a lever (beer tap [MASK]), for opening\/closing (drawer [MASK] [MASK], door[MASK]), and other uses.\nOutput:","target_field":"Hardware Handle"}
{"input_field":"Instructions: Use up to three words to summarize the product category given the description\nInput: An [MASK] is a fan that is designed to be placed inside, attached to, or otherwise integrated into another device or machine for the purpose of active cooling. Fans are used to draw cooler air into the case from the outside, expel warm air from inside, and\/or move air across a heat sink to cool a particular component. [MASK]s are not designed to work without first being installed into another machine or device.\nOutput:","target_field":"Electronic Component Fan"}
{"input_field":"Instructions: Use up to three words to name the product category given the description\nInput: A [MASK] is a set of outer clothes made of the same fabric and designed to be worn together, typically consisting of a jacket and trousers or a jacket and skirt.\nOutput:","target_field":"Suit"}
{"input_field":"Instructions: Use up to three words to name the product category given the description\nInput: [MASK] are a type of trousers that have a flap attached to the front waist which is held up over the chest by straps that come up over the shoulders and fasten to the top of the flap. Traditionally they are worn as casual or working clothes.\nOutput:","target_field":"Overalls"}
{"input_field":"Instructions: Use up to three words to summarize the product category given the description\nInput: A camping [MASK] is a movable, lightweight shelter consisting of fabric supported by a collapsible frame and\/or suspended rope. [MASK]s are designed to offer their occupants and con[MASK]s protection from wind, rain, cold, and\/or other elements and to provide a protected, habitable space that is suitable for humans to sleep in outdoors. Unless specifically designed to attach to and be used with a vehicle or other structure, camping [MASK]s must include an integrated floor layer. The walls of a [MASK] are usually supported by plastic, wood, or metal poles and thin ropes and the [MASK] and\/or the supporting ropes are commonly anchored to the ground with stakes. Camping [MASK]s have openings for access and ventilation but must be capable of being enclosed on all sides via zippers, ties, and\/or other fasteners.\nOutput:","target_field":"Tent"}
{"input_field":"Instructions: Use up to three words to summarize the product category given the description\nInput: A [MASK] is a decorative item that attaches or comes attached (most commonly by a small loop or clasp) to a bracelet, jewelry chain or earring, or other object.\nOutput:","target_field":"Charm"}
{"input_field":"Instructions: Use up to three words to summarize the product category given the description\nInput: A [MASK] is a portable device that combines a [MASK] and a recording medium. Modern [MASK]s capture digital video (and audio) and store recordings on either internal or external digital media such as flash memory, an SD card, or a hard disc drive.\nOutput:","target_field":"Camcorder"}
{"input_field":"Instructions: Use up to three words to name the product category given the description\nInput: Hardware [MASK]s, [MASK]s, and [MASK]s are hollow lengths of metal, plastic, glass, ceramic, or another material that is suitable for the conveyance of substances which can flow fluids such as liquids and gases, slurries, powders and masses of small solids. [MASK]s, [MASK]s, and [MASK]s often have a circular cross-section. They can also be used for structural applications. Both [MASK] and [MASK] imply a level of rigidity and permanence, whereas a [MASK] or [MASK][MASK] is usually portable and flexible.\nOutput:","target_field":"Hardware Tubing"}
{"input_field":"Instructions: Use up to three words to name the product category given the description\nInput: [MASK]s are fabric or leather straps worn over the shoulders to hold up trousers.\nOutput:","target_field":"Suspender"}
{"input_field":"Instructions: Use up to three words to name the product category given the description\nInput: A [MASK] is a piece of soft cloth large enough to cover or to enfold a great portion of the user's body. A [MASK] traps the user\u2019s radiant body heat that otherwise would be lost through convection, and so warms the user. A [MASK] can be made from natural or synthetic material (woven or non-woven), or from smaller patches of material stitched together to form the larger [MASK]. A [MASK] can have a single layer of material or have multiple layers with or without additional insulation between layers.\nOutput:","target_field":"Blanket"}
{"input_field":"Instructions: Use up to three words to name the product category given the description\nInput: A [MASK] is a piece of sporting equipment with a handle surmounted by a round or oval frame strung with an open network of nylon strings for hitting a ball or birdie in one of several sports. They are used in tennis, [MASK]ball, squash, badminton, and other similar sports.\nOutput:","target_field":"Sport Racket"}
{"input_field":"Instructions: Use up to three words to summarize the product category given the description\nInput: A [MASK] is a sport goal used specifically for basketball composed of a raised vertical board with an attached basket consisting of a net suspended from a hoop.\nOutput:","target_field":"Basketball Hoop"}
{"input_field":"Instructions: Use up to three words to summarize the product category given the description\nInput: A [MASK] is a form of protective equipment designed to protect a person, animal, or object from injury or damage. The harness is an attachment between a stationary and non-stationary object and is usually fabricated from rope, cable or webbing and locking hardware.\nOutput:","target_field":"Safety Harness"}
{"input_field":"Instructions: Use up to three words to summarize the product category given the description\nInput: [MASK]s or studs are protrusions on the sole of a shoe, or on an external attachment to a shoe, that provide additional traction on a soft or slippery surface.\nOutput:","target_field":"Traction Cleat"}
{"input_field":"Instructions: Use up to three words to name the product category given the description\nInput: A [MASK] is a book like storage system such as an album, [MASK] cover with an expandable binding system, or bound book, designed to protect and organize two-dimensional (2D) media. [MASK] covers are usually rigid, and can be either decorative or utilitarian in appearance. Their expandable binding systems, usually comprised of rings, posts, screws, or clamps, can easily be opened or closed for the addition, removal, or reorganization of the pages held within. For an album or book with a permanent binding to be considered a [MASK], it must have customizable pages that can either support or enclose other 2D media.\nOutput:","target_field":"Storage Binder"}
{"input_field":"Instructions: Use up to three words to summarize the product category given the description\nInput: An [MASK] (or ax) is a tool used to shape, split, break or cut ice, wood, or other organic material. The [MASK] has many forms but generally consists of a sharpened metal [MASK] head of varying sizes, and a handle of varying lengths. Splitting [MASK]s resemble a sharpened wedge with a long handle.\nOutput:","target_field":"Axe"}
{"input_field":"Instructions: Use up to three words to summarize the product category given the description\nInput: A [MASK] is a package of basic tools and supplies prepared in advance as an aid to survival in an emergency. Such a kit should contain some combination (but does not need to contain all) of the following: food and water, a way to signal for help, emergency radio, a knife (often a multi-purpose pocketknife or a multi-tool), matches, tinder, first aid kit, bandana, fish hooks, sewing kit, and a flashlight.\nOutput:","target_field":"Survival Kit"}
{"input_field":"Instructions: Use up to three words to summarize the product category given the description\nInput: [MASK]s are items of jewelry used to secure the cuffs of a dress shirt. [MASK]s can be made from a variety of different materials, such as glass, cloth, stone, leather, metal, or precious metal. Most double-sided [MASK]s consist of a piece of jewelry on both sides of the cuff, connected by a short post or small chain. Most single-sided [MASK]s consist of a single piece of jewelry with a post and hinged toggle, which is turned vertically to hold the cuff in place. Single-sided [MASK]s may also have a snap, button, chain or stud to secure the closure of the cuff. Most [MASK]s are in pairs, but some are interchangeable.\nOutput:","target_field":"Cuff Link"}
{"input_field":"Instructions: Use up to three words to summarize the product category given the description\nInput: A [MASK], also known as a [MASK], tower, system unit or cabinet, is the enclosure that contains most of the components of a computer (usually excluding the display, keyboard and mouse).\nOutput:","target_field":"Computer Chassis"}
{"input_field":"Instructions: Use up to three words to summarize the product category given the description\nInput: A shoe is an item of footwear intended to protect and comfort the human foot while the wearer is doing various activities. A shoe covers the whole foot and not the ankle.\nOutput:","target_field":"Shoes"}
{"input_field":"Instructions: Use up to three words to summarize the product category given the description\nInput: [MASK]s are lightweight, fast absorbing skin care products. They are typically water-based solutions and contain highly concentrated ingredients such as vitamins A (retinol), C, and E, hyaluronic acid, alpha hydroxy acids (AHAs), peptides, glycerin, and\/or botanical extracts. Made of very small molecules, serums are capable of being absorbed deep into the skin and are intended to be applied to clean skin before moisturizers. Serums may be designed to address specific face and eye area skin care concerns, including minimizing fine lines, easing discoloration, and brightening skin.\nOutput:","target_field":"Skin Serum"}
{"input_field":"Instructions: Use up to three words to summarize the product category given the description\nInput: A [MASK] is a mirror specifically designed to be mounted in the interior or on the exterior of a vehicle. Exterior mirrors are usually structurally integrated into the vehicle and are not typically replaced by a vehicle owner. Rear-view mirrors (mounted in the center top of the windshield) are attached using a strong adhesive and are replaceable. Other types of aftermarket [MASK]s may be purchased and installed.\nOutput:","target_field":"Vehicle Mirror"}
{"input_field":"Instructions: Use up to three words to summarize the product category given the description\nInput: An [MASK] is a post with a pointed tip typically made from wood, metal, plastic, or composite material that is pushed, twisted, or driven into the ground or potted soil. It acts like an anchor to hold items in place, such as a garden [MASK] which supports plants, a tent [MASK] which affixes a tent to the ground, or a dog tie-out [MASK] which holds a leash to keep the dog confined.\nOutput:","target_field":"Anchor Stake"}
{"input_field":"Instructions: Use up to three words to name the product category given the description\nInput: [MASK] or [MASK] is applied to the face to set foundation makeup after application. It may be loose powder or in a compact, pressed form and may be applied with a brush, puff, or sponge. It can also be reapplied throughout the day to minimize shininess caused by oily skin. It can be translucent sheer powder or pigmented powder. Certain types of pigmented facial powders are meant be worn alone with no base foundation.\nOutput:","target_field":"Cosmetic Powder"}
{"input_field":"Instructions: Use up to three words to name the product category given the description\nInput: [MASK] products include the equipment (single components or sets) required to play a type of active game that is intended to be played on a specially-designed table. These games are generally for two or four players.\nOutput:","target_field":"Sport Table Game"}
{"input_field":"Instructions: Use up to three words to summarize the product category given the description\nInput: [MASK] is a container or rack designed to store jewelry. Often has shaped trays or inserts to manage specific jewelry forms such as earrings, rings, necklaces, and bracelets without scratches from friction with other pieces. Includes boxes, chests, jewelry armoires, jewelry towers, jewelry rolls, and jewelry trays.\nOutput:","target_field":"Jewelry Storage"}
{"input_field":"Instructions: Use up to three words to summarize the product category given the description\nInput: A [MASK] is a mechanical or electrical device that measures temperature or a temperature gradient. A [MASK] has two important elements: (1) a temperature sensor (such as the bulb of a mercury-in-glass [MASK] or the digital sensor in an infrared [MASK]) in which some change occurs with a change in temperature, and (2) some means of converting this change into a numerical value (such as the visible scale that is marked on a mercury-in-glass [MASK] or the digital readout on an infrared model).\nOutput:","target_field":"Thermometer"}
{"input_field":"Instructions: Use up to three words to name the product category given the description\nInput: A [MASK], also known as a drape or [MASK], is a piece of material suspended at the top to form a covering or screen. [MASK]s are commonly used to cover a window, usually as a pair of [MASK]s arranged side by side, or to cover a shower opening, usually as an outer display [MASK] and an inner waterproof liner. Other applications are sun protection [MASK]s in vehicles, medical privacy [MASK]s, and doorway [MASK]s or porti\u00e8res.\nOutput:","target_field":"Curtain"}
{"input_field":"Instructions: Use up to three words to name the product category given the description\nInput: A [MASK] is a long and loose-fitting outer garment. [MASK]s usually have sleeves and are usually meant to be worn indoors.\nOutput:","target_field":"Robe"}
{"input_field":"Instructions: Use up to three words to name the product category given the description\nInput: A central processing unit ([MASK]) is the electronic component within a computer that carries out the instructions of software programs and the operating system. [MASK]s are often packaged as an interchangeable chip that is plugged into the computer's mother board. Advanced computer users may upgrade the [MASK] to improve system performance and speed of operations.\nOutput:","target_field":"Computer Processor"}
{"input_field":"Instructions: Use up to three words to summarize the product category given the description\nInput: A [MASK] is a device used to create a brief, powerful [MASK] of artificial light to provide increased illumination for a camera. [MASK]es must be synchronized with the camera and are most commonly used with high camera shutter speeds, such as action photography or when a more powerful light is needed in still photography than can be provided by continuous light.\nOutput:","target_field":"Camera Flash"}
{"input_field":"Instructions: Use up to three words to name the product category given the description\nInput: A [MASK] is a small, flat case that can be used to carry such personal items as cash, credit cards, and identification documents (such as a driver's license, identification card, club card), photographs, transit passes, gift cards, business cards and other paper or laminated cards. [MASK]s are generally made of leather or fabrics, and they are usually pocket-sized but not always foldable.\nOutput:","target_field":"Wallet"}
{"input_field":"Instructions: Use up to three words to summarize the product category given the description\nInput: A [MASK] is a flexible, flat floor covering usually constructed of a woven textile backing with an upper layer of pile, however, they can also be made of cured animal skins, painted single-layer fabric, and woven or plaited plant material. While typically rectangular, [MASK]s can be any shape and usually don\u2019t cover the entire floor area of the room.\nOutput:","target_field":"Rug"}
{"input_field":"Instructions: Use up to three words to summarize the product category given the description\nInput: A [MASK] is a tool used to drive a small piece of wire or metal known as a staple into materials such as paper or wood. [MASK]s are used to bind loose materials like paper or fabric together by closing the wire staple together after piercing the objects, or to affix generally flexible materials to a solid backing like wood, plastic or masonry with the staple holding the material in place once the staple is secured in the backing material.\nOutput:","target_field":"Stapler"}
{"input_field":"Instructions: Use up to three words to name the product category given the description\nInput: A [MASK] is a thin, rigid board made of acrylic, aluminum, pressboard, or other hard material suitable for writing upon. Their distinguishing feature is a clip at the top for holding paper in place. A form holder, or storage [MASK], is a [MASK] that offers a slim, built-in storage compartment for forms and documents. [MASK]s are typically used to support paper with one hand while writing on it with the other, especially when other writing surfaces are not available.\nOutput:","target_field":"Clipboard"}
{"input_field":"Instructions: Use up to three words to summarize the product category given the description\nInput: A [MASK] is a vertical or inclined set of rungs or steps. There are two types: rigid [MASK]s that are self-supporting or that may be leaned against a vertical surface such as a wall, and rollable [MASK]s, such as those made of rope or aluminum, that may be hung from the top.\nOutput:","target_field":"Ladder"}
{"input_field":"Instructions: Use up to three words to summarize the product category given the description\nInput: [MASK] is a powdered agent that is dispersed finely through the hair to attract dirt and oils and that is then combed or brushed out of the hair rather than rinsed out. Aerosol propellant is the most common [MASK] delivery mechanism, but it can also be delivered by manual pumps, squeeze bulbs, shaker bottles, by hand application, or even suspended in a quick drying foam.\nOutput:","target_field":"Dry Shampoo"}
{"input_field":"Instructions: Use up to three words to name the product category given the description\nInput: A [MASK] is an object used for decoration, usually without serving some other practical purpose. They are suspended from a large or stationary object like a Christmas tree or a window sash.\nOutput:","target_field":"Hanging Ornament"}
{"input_field":"Instructions: Use up to three words to name the product category given the description\nInput: [MASK]s are light footwear that are easy to put on and take off and are intended to be worn indoors, particularly at home.\nOutput:","target_field":"Slipper"}
{"input_field":"Instructions: Use up to three words to name the product category given the description\nInput: A [MASK] is a piece of cloth bearing a symbol, logo, slogan, or other message, intended to be displayed in a fixed location or carried at an event.\nOutput:","target_field":"Banner"}
{"input_field":"Instructions: Use up to three words to summarize the product category given the description\nInput: A liquid that contains pigments or dyes that is used to color a surface to produce an image, text, or design. [MASK] is used for drawing or writing with a pen, brush, or quill, and it is used in some forms of mechanical printing.\nOutput:","target_field":"Liquid Ink"}
{"input_field":"Instructions: Use up to three words to summarize the product category given the description\nInput: A [MASK] is a bracelet that straps a wristwatch onto the wrist.\nOutput:","target_field":"Watch Band"}
{"input_field":"Instructions: Use up to three words to summarize the product category given the description\nInput: A [MASK] is a replaceable component of motor vehicle disc brakes. They are generally steel backed plates with friction material bound to the surface that faces the disc brake rotor.\nOutput:","target_field":"Vehicle Brake Pad"}
{"input_field":"Instructions: Use up to three words to name the product category given the description\nInput: [MASK]s are soluble products added to bathwater primarily to increase the bather's enjoyment or comfort by means of scent, water softening, or other sensory enhancements.\nOutput:","target_field":"Bathwater Additive"}
{"input_field":"Instructions: Use up to three words to summarize the product category given the description\nInput: A [MASK] is a device or substance for absorbing excessive or unwanted heat.\nOutput:","target_field":"Heat Sink"}
{"input_field":"Instructions: Use up to three words to summarize the product category given the description\nInput: A [MASK] is a long, flexible rod used with a fishing line to catch fish. At its simplest it can be a stick of wood or bamboo with a line and hook attached. Technologically advanced rods are typically made from fiberglass or carbon fiber. Many styles of rod are available for competitive, sustenance, and sporting purposes.\nOutput:","target_field":"Fishing Rod"}
{"input_field":"Instructions: Use up to three words to summarize the product category given the description\nInput: [MASK]s use mechanical or physical methods to trap, destroy, or mitigate pests. Pests are defined as a member of the animal kingdom that adversely impact human activities.\nOutput:","target_field":"Pest Control Device"}
{"input_field":"Instructions: Use up to three words to name the product category given the description\nInput: A [MASK] is an instrument used to measure and indicate time. They can be mechanical, or powered by batteries or electricity. Analogue [MASK]s show the time via the position of rotating hands, while digital [MASK]s display the time in numerals or other symbols.\nOutput:","target_field":"Clock"}
{"input_field":"Instructions: Use up to three words to name the product category given the description\nInput: A [MASK] is a form of protective gear worn on the head. [MASK]s aid the skull in protecting the head and brain from injury while the wearer is participating in a sporting activity.\nOutput:","target_field":"Sport Helmet"}
{"input_field":"Instructions: Use up to three words to summarize the product category given the description\nInput: A [MASK] is a sling made of fabric, rope, or netting, mostly commonly suspended between two or more points, and used for swinging, sleeping, or resting. [MASK]s normally consist of one or more cloth panels, or a woven network of twine or thin rope stretched with ropes between two firm anchor points such as trees or posts.\nOutput:","target_field":"Hammock"}
{"input_field":"Instructions: Use up to three words to name the product category given the description\nInput: A [MASK] is an enclosed bag or case, typically made of cloth, that is filled with a soft cushioning material or combination of materials. Typical [MASK] fillers include, but are not limited to: down; down alternatives; feathers; solid or shredded foam rubber; air (in whole or part for inflatable [MASK]s); and other natural or synthetic materials. [MASK]s have a variety of uses, including but not limited to providing comfort to the body at rest, typically to the head, and as decoration.\nOutput:","target_field":"Pillow"}
{"input_field":"Instructions: Use up to three words to summarize the product category given the description\nInput: A [MASK] is a device consisting of a piece of taut, strong fabric stretched between a frame using coiled springs.\nOutput:","target_field":"Trampoline"}
{"input_field":"Instructions: Use up to three words to summarize the product category given the description\nInput: A [MASK] is an optical instrument used for direct viewing of distant objects, usually by means of the refraction of light rays through a lens or the reflection of light rays by a concave mirror.\nOutput:","target_field":"Telescope"}
{"input_field":"Instructions: Use up to three words to name the product category given the description\nInput: A [MASK] is a fitting that regulates, directs or controls the flow of a fluid (gases, liquids, fluidized solids, or slurries) by opening, closing, or partially obstructing various passageways. In an open [MASK], fluid flows in a direction from higher pressure to lower pressure. [MASK]s require at least two ports to function allowing them to connect single or multiple inlets to single or multiple outlets. Flow on each inlet may be regulated, allowing the user to control the ratio of flow sources such as the case with thermostatic mixing [MASK]s.\nOutput:","target_field":"Valve"}
{"input_field":"Instructions: Use up to three words to name the product category given the description\nInput: An [MASK] is a piece of jewelry attached to the ear via a piercing or clip, usually on the earlobe.\nOutput:","target_field":"Earring"}
{"input_field":"Instructions: Use up to three words to summarize the product category given the description\nInput: A [MASK] is a piece of sporting equipment made of a rigid board with two sets of two wheels, one set affixed to each end. A [MASK] is moved by pushing with one foot while the other remains on the board, or by simply rolling down an incline.\nOutput:","target_field":"Skateboard"}
{"input_field":"Instructions: Use up to three words to summarize the product category given the description\nInput: A multi-tool (or [MASK]) is any one of a range of portable, versatile hand tools that combines several individual functions in a single unit. Pocket knives are included as long as they have multiple functions beyond just a knife blade. These other functions may include a nail file, tweezers, folding scissors, a tooth pick, a magnifying glass, screwdriver bits and others.\nOutput:","target_field":"Multitool"}
{"input_field":"Instructions: Use up to three words to summarize the product category given the description\nInput: A [MASK] is a device for delivering electric current from an ignition system to the combustion chamber of an engine to ignite the compressed fuel\/air mixture. The [MASK]'s threaded metal shell is screwed into the engine's cylinder head, and the central electrode protrudes through a porcelain insulator into the combustion chamber. [MASK]s may also be used in other applications such as furnaces.\nOutput:","target_field":"Spark Plug"}
{"input_field":"Instructions: Use up to three words to summarize the product category given the description\nInput: A [MASK] is an open top container with divisions for holding, storing, or organizing items. Some have an integrated handle for easy portability, but they do not offer a lid or other type of top closure. They may have a soft or rigid structure, and are often designed to fit within a preexisting space such as a bucket, drawer, glove box, or piece of luggage.\nOutput:","target_field":"Caddy"}
{"input_field":"Instructions: Use up to three words to summarize the product category given the description\nInput: A [MASK] is a piece of paper, plastic, cloth, metal, or other material that uses text, colors, codes, or imagery to describe or identify the person, animal, or thing to which it is attached. Adhesive [MASK]s come with various levels of tack and peel. Non-adhesive [MASK]s and tags can be set within a holder or hang free.\nOutput:","target_field":"Label"}
{"input_field":"Instructions: Use up to three words to summarize the product category given the description\nInput: A [MASK], also known as a ratchet strap, a lashing strap, or a tie down, is a webbing consisting of a strong fabric woven as a flat strip or tube and composed of fibrous or polymer materials. A [MASK] may also be in the form of a rope or cord that is outfitted with tie down hardware or heavily reinforced looped ends serving as a fastener to hold down cargo or equipment during transport. Types of tie down hardware include, but are not limited to: clamps, hooks, buckles, clips, ratcheting mechanisms, and clasps. [MASK]s are detachable from the objects they connect and\/or tie down and may attach to those objects at one or more points. The hardware allows the strap to attach to an area surrounding cargo or equipment, loop over the cargo or equipment, and\/or attach the cargo or equipment to another object.\nOutput:","target_field":"Cargo Strap"}
{"input_field":"Instructions: Use up to three words to name the product category given the description\nInput: [MASK]s are fabric bands worn around the head or wrist during physical activity to absorb sweat before it can run into the eyes or make hands too slippery for optimal performance.\nOutput:","target_field":"Sweatband"}
{"input_field":"Instructions: Use up to three words to summarize the product category given the description\nInput: A [MASK] is a device that allows plugging of multiple data cables through to one port, usually a USB type connector, on a computer or other electronic device. The connections may be all one type or an array of connector types such as video connectors, card readers, USB ports, and network connections.\nOutput:","target_field":"Multiport Hub"}
{"input_field":"Instructions: Use up to three words to name the product category given the description\nInput: [MASK]s are small hand tools used for manipulating objects too small to be easily handled with human fingers. They are comprised of two strips of metal, plastic or wood, which are connected at one end, with pincers at the other. [MASK]s are generally intended for delicate operations, as opposed to pliers which are intended to be used with force. Some bonsai [MASK]s may contain a small rake, fork, or paddle on the connected end for grooming soil.\nOutput:","target_field":"Tweezer"}
{"input_field":"Instructions: Use up to three words to summarize the product category given the description\nInput: An [MASK], also called an [MASK] or [MASK], is a mobile electronic device that is designed primarily for the purpose of reading digital e-books and periodicals. Any device that can display text on a screen may act as an [MASK], but specialized [MASK] devices may optimize portability, readability (especially in sunlight), and battery life for this purpose.\nOutput:","target_field":"Electronic Book Reader"}
{"input_field":"Instructions: Use up to three words to summarize the product category given the description\nInput: [MASK] is a cosmetic applied to eyelash hairs using a brush or rod. [MASK] solutions may darken, thicken, lengthen or define the eyelashes.\nOutput:","target_field":"Mascara"}
