{"input_field":"Input: Explain the product type Knee Pad\nOutput:","target_field":"A knee pad is a device that protects the knee in work and sporting applications. Knee pads usually take the form of a hard cup with internal padding attached to a flexible sleeve; the sleeve allows the leg to bend while securely holding the cup over the knee."}
{"input_field":"Instructions: Tell me what this product category is about\nInput: Rug\nOutput:","target_field":"A rug is a flexible, flat floor covering usually constructed of a woven textile backing with an upper layer of pile, however, they can also be made of cured animal skins, painted single-layer fabric, and woven or plaited plant material. While typically rectangular, rugs can be any shape and usually don\u2019t cover the entire floor area of the room."}
{"input_field":"Instructions: Tell me what does the product category mean\nInput: Camera Cleaner\nOutput:","target_field":"A camera cleaning kit is an assortment of three or more distinct types of products and are intended to be used to clean more than just one part of a camera. Camera cleaning kits come in different configurations but must contain some combination of the following: an air blower; a lens pen; a specialized cleaning brush, cloth, and\/or swab; and\/or tools such as tweezers and\/or probes that are intended for handling electronic components. A kit may also contain one or more cleaning solutions."}
{"input_field":"Input: Explain the product type Suit\nOutput:","target_field":"A suit is a set of outer clothes made of the same fabric and designed to be worn together, typically consisting of a jacket and trousers or a jacket and skirt."}
{"input_field":"Input: Explain the product type Label\nOutput:","target_field":"A label is a piece of paper, plastic, cloth, metal, or other material that uses text, colors, codes, or imagery to describe or identify the person, animal, or thing to which it is attached. Adhesive labels come with various levels of tack and peel. Non-adhesive labels and tags can be set within a holder or hang free."}
{"input_field":"Instructions: Tell me what does the product category mean\nInput: Punching Bag\nOutput:","target_field":"A punching bag is a sturdy bag designed to be repeatedly punched. A punching bag is usually cylindrical, and is filled with various materials of varying hardness."}
{"input_field":"Input: Explain the product type Hair Comb\nOutput:","target_field":"A hair comb is a rigid, handheld device used to clean, untangle, or style hair. Hair combs consist of a shaft that holds a row of teeth that can be pulled through hair."}
{"input_field":"Instructions: Tell me what does the product category mean\nInput: Robe\nOutput:","target_field":"A robe is a long and loose-fitting outer garment. Robes usually have sleeves and are usually meant to be worn indoors."}
{"input_field":"Instructions: Explain the product category name\nInput: Power Converter\nOutput:","target_field":"A power converter is electrical or electro-mechanical equipment for converting electrical energy. The most basic power converters are stand-alone devices incorporating a passive transformer, but include more complex systems."}
{"input_field":"Instructions: Tell me what this product category is about\nInput: Eyeglass Case\nOutput:","target_field":"An eyeglass case is a protective container designed to hold one or more pairs of corrective, protective, or decorative eyeglasses."}
{"input_field":"Instructions: Tell me what this product category is about\nInput: Camera Continuous Light\nOutput:","target_field":"A camera continuous light is a device that provides a constant light source and allows precise control of the light level to create optimal illumination for a camera. A continuous light source allows the user to see the light as they move it or modify it, such as by adding a diffuser. Continuous light is most commonly used for videos and still photography. They are most often mounted on the camera rig or on a separate stand. Most products can be adjusted for different color temperatures and have ratings for brightness, lighting range, color index such as CRI, and the illumination angle range."}
{"input_field":"Instructions: Explain the product category name\nInput: Safety Harness\nOutput:","target_field":"A safety harness is a form of protective equipment designed to protect a person, animal, or object from injury or damage. The harness is an attachment between a stationary and non-stationary object and is usually fabricated from rope, cable or webbing and locking hardware."}
{"input_field":"Instructions: Tell me what this product category is about\nInput: Jewelry Set\nOutput:","target_field":"A jewelry set typically consists of any combination of a matching necklace, earrings, brooch, bracelet and occasionally a diadem or tiara. Almost all sets include a necklace."}
{"input_field":"Instructions: Tell me what this product category is about\nInput: Blazer\nOutput:","target_field":"A sport coat, blazer, suit jacket, suit coat, or dinner jacket is a type of garment popular in Western culture and intended to be the upper part of an outfit with a coordinating pair of trousers or skirt, or worn as part of a suit made from the same material. Blazers, sport coats, or suit coats are made in a variety of fabrics, often from wool fabrics such as flannel, tweed, and gabardine or cotton and linen fabrics such as corduroy."}
{"input_field":"Instructions: Tell me what does the product category mean\nInput: Hair Removal Agent\nOutput:","target_field":"A hair removal agent is a consumable product used to remove hair from the hair follicle, usually for cosmetic purposes. There are many forms of hair removal agents."}
{"input_field":"Instructions: Tell me what this product category is about\nInput: Curtain\nOutput:","target_field":"A curtain, also known as a drape or drapery, is a piece of material suspended at the top to form a covering or screen. Curtains are commonly used to cover a window, usually as a pair of curtains arranged side by side, or to cover a shower opening, usually as an outer display curtain and an inner waterproof liner. Other applications are sun protection curtains in vehicles, medical privacy curtains, and doorway curtains or porti\u00e8res."}
{"input_field":"Instructions: Tell me what does the product category mean\nInput: Hair Clip\nOutput:","target_field":"Hair clips and hair pins are ridged devices for holding hair in place. They are often made from metal, wood, and\/or plastic, and sometimes feature a decorative element. Hair clips come in many sizes and utilize a variety of mechanisms to stay in place, including clips, clasps, slides, or pins."}
{"input_field":"Instructions: Tell me what does the product category mean\nInput: Earmuff\nOutput:","target_field":"An earmuff is a device designed to cover a person's ears for warmth, hearing protection, or for protection from physical damage in work or sporting activities. They usually consist of a thermoplastic or metal head-band, that fits over the top or back of the head, and a cushion or cup at each end, to cover the external ears."}
{"input_field":"Instructions: Tell me what this product category is about\nInput: Shoes\nOutput:","target_field":"A shoe is an item of footwear intended to protect and comfort the human foot while the wearer is doing various activities. A shoe covers the whole foot and not the ankle."}
{"input_field":"Input: Explain the product type Banner\nOutput:","target_field":"A banner is a piece of cloth bearing a symbol, logo, slogan, or other message, intended to be displayed in a fixed location or carried at an event."}
{"input_field":"Input: Explain the product type Electronic Component Fan\nOutput:","target_field":"An electronic component fan is a fan that is designed to be placed inside, attached to, or otherwise integrated into another device or machine for the purpose of active cooling. Fans are used to draw cooler air into the case from the outside, expel warm air from inside, and\/or move air across a heat sink to cool a particular component. Electronic component fans are not designed to work without first being installed into another machine or device."}
{"input_field":"Instructions: Explain the product category name\nInput: Watch Band\nOutput:","target_field":"A watch band is a bracelet that straps a wristwatch onto the wrist."}
{"input_field":"Instructions: Tell me what does the product category mean\nInput: Toy Figure\nOutput:","target_field":"A toy figure is a three-dimensional object representing a person, animal, or anthropomorphized character such as a robot, that is intended to be played with. Includes action figures, dolls, plushies, and mini-figures for use in playsets."}
{"input_field":"Instructions: Explain the product category name\nInput: Sport Racket\nOutput:","target_field":"A sport racket is a piece of sporting equipment with a handle surmounted by a round or oval frame strung with an open network of nylon strings for hitting a ball or birdie in one of several sports. They are used in tennis, racquetball, squash, badminton, and other similar sports."}
{"input_field":"Instructions: Explain the product category name\nInput: Portable Electronic Device Cover\nOutput:","target_field":"A portable electronic device cover is a type of case designed to cover the outer portion of a portable electronic device, in whole or in part, for protective and portability purposes. This includes both hard- and soft-sided cases, bumpers, sleeves, and other enclosures designed for the protection of portable electronic devices. They are usually form fitting and may be sized for either a specific device brand and model or for a more general dimension, such as items designed to fit a 15 inch laptop."}
{"input_field":"Instructions: Tell me what does the product category mean\nInput: Thermometer\nOutput:","target_field":"A thermometer is a mechanical or electrical device that measures temperature or a temperature gradient. A thermometer has two important elements: (1) a temperature sensor (such as the bulb of a mercury-in-glass thermometer or the digital sensor in an infrared thermometer) in which some change occurs with a change in temperature, and (2) some means of converting this change into a numerical value (such as the visible scale that is marked on a mercury-in-glass thermometer or the digital readout on an infrared model)."}
{"input_field":"Instructions: Tell me what this product category is about\nInput: Overalls\nOutput:","target_field":"Overalls are a type of trousers that have a flap attached to the front waist which is held up over the chest by straps that come up over the shoulders and fasten to the top of the flap. Traditionally they are worn as casual or working clothes."}
{"input_field":"Instructions: Tell me what this product category is about\nInput: Necklace\nOutput:","target_field":"A necklace is an article of jewelry that is worn around the neck. The main component of a necklace is the band, chain, or cord that wraps around the neck. These are most often rendered in precious metals such as gold, silver, and platinum. Necklaces often have additional attachments suspended or inset into the necklace itself."}
{"input_field":"Input: Explain the product type Skateboard\nOutput:","target_field":"A skateboard is a piece of sporting equipment made of a rigid board with two sets of two wheels, one set affixed to each end. A skateboard is moved by pushing with one foot while the other remains on the board, or by simply rolling down an incline."}
{"input_field":"Instructions: Explain the product category name\nInput: Coffee Maker\nOutput:","target_field":"Coffeemakers are cooking appliances or devices used to brew coffee. While there are many different types of coffeemakers using a number of different brewing principles, in the most common devices, coffee grounds are placed in a paper or metal filter inside a funnel, which is set over a glass or ceramic coffee pot."}
{"input_field":"Instructions: Tell me what does the product category mean\nInput: Sport Binding\nOutput:","target_field":"A sport binding is a fastening device or foot-covering with an integrated device that connects the user's foot to sporting equipment. Sport bindings help provide a safe and secure attachment while also allowing a user to easily maneuver. Sport bindings come directly attached to a shoe or as a separate device. Sport bindings are generally used on skis, wakeboards, waterskis, snowshoes, and snowboards."}
{"input_field":"Instructions: Tell me what does the product category mean\nInput: Costume Outfit\nOutput:","target_field":"Costume outfits are clothing or attire intended to evoke a change in identity, such as theatrical, Halloween, historical, and mascot costumes."}
{"input_field":"Instructions: Explain the product category name\nInput: Skin Foundation Concealer\nOutput:","target_field":"Skin\/makeup foundation or concealer are cosmetic products used on the skin to enhance or even out skin tone, cover flaws and discoloration, or to act as a base for other cosmetics. It comes in an array of formulations including liquid, powder and cream."}
{"input_field":"Instructions: Tell me what this product category is about\nInput: Portable Stove\nOutput:","target_field":"Portable stoves are small stoves used for camping or power outages. They differ from a portable grill in that they have burners and act more like a stovetop than a grill that spreads heat around evenly."}
{"input_field":"Input: Explain the product type Dry Shampoo\nOutput:","target_field":"Dry shampoo is a powdered agent that is dispersed finely through the hair to attract dirt and oils and that is then combed or brushed out of the hair rather than rinsed out. Aerosol propellant is the most common dry shampoo delivery mechanism, but it can also be delivered by manual pumps, squeeze bulbs, shaker bottles, by hand application, or even suspended in a quick drying foam."}
{"input_field":"Instructions: Tell me what does the product category mean\nInput: Printer\nOutput:","target_field":"A printer is a device meant to print text or images onto flat media, usually paper."}
{"input_field":"Instructions: Tell me what this product category is about\nInput: Pillowcase\nOutput:","target_field":"A pillowcase is the fabric layer around a pillow that is intended to be in direct contact with the sleeper."}
{"input_field":"Instructions: Explain the product category name\nInput: Eyeglass Frame\nOutput:","target_field":"An eyeglass frame (or ophthalmic frame) is the part of a pair of eyeglasses which is designed to hold corrective, protective, or decorative lenses in proper position."}
{"input_field":"Input: Explain the product type Tweezer\nOutput:","target_field":"Tweezers are small hand tools used for manipulating objects too small to be easily handled with human fingers. They are comprised of two strips of metal, plastic or wood, which are connected at one end, with pincers at the other. Tweezers are generally intended for delicate operations, as opposed to pliers which are intended to be used with force. Some bonsai tweezers may contain a small rake, fork, or paddle on the connected end for grooming soil."}
{"input_field":"Input: Explain the product type Security Camera\nOutput:","target_field":"Security cameras are devices which produce images or recordings for surveillance. Security cameras may be analog or digital, and may run continuously, on a schedule, or when triggered by motion. Security cameras may store content: on memory cards; on internal or remote hard drives; over a network, either locally or through the Internet."}
{"input_field":"Instructions: Tell me what this product category is about\nInput: Knife Sharpener\nOutput:","target_field":"A knife sharpener is a tool used for sharpening the edge of a knife, scissors, or other sharp metal object. Knife sharpening sharpeners vary from sharpening stones, to handled tools, to electric countertop devices."}
{"input_field":"Input: Explain the product type Voice Recorder\nOutput:","target_field":"A voice recorder is a consumer-grade audio recorder designed for recording speech in situations such as interviews, business meetings, and instructional settings. Early voice recorders captured audio on analog media such as microcassettes, but most modern units capture digital audio on internal or removable media such as an SD card."}
{"input_field":"Instructions: Tell me what this product category is about\nInput: Wind Chime\nOutput:","target_field":"Wind chimes are a type of percussion instrument constructed from suspended tubes, rods, bells or other objects that are usually made of metal or wood. The tubes or rods are suspended along with some type of weight or surface which the tubes or rods can strike when they or another wind-catching surface are blown by the natural movement of air outside."}
{"input_field":"Instructions: Explain the product category name\nInput: Water Flotation Device\nOutput:","target_field":"A water flotation device is an aid to provide additional buoyancy to a person when in water. They may be inflated or made from buoyant materials such as foam, and are intended to be in contact or attached to a body."}
{"input_field":"Instructions: Explain the product category name\nInput: Bracelet\nOutput:","target_field":"A bracelet is an article of jewelry that is worn around the wrist or arm. An anklet (or ankle bracelet) is an ornament worn around the ankle. Adjustable chain, link, strand, and wrap anklets and bracelets may be worn interchangeably on either wrists or ankles. Beyond ornamentation, bracelets may have medical and identity information such as an allergy bracelet or a bracelet tag for a newborn baby."}
{"input_field":"Instructions: Explain the product category name\nInput: Snowshoe\nOutput:","target_field":"A snowshoe is a large oval frame topped with a binding to attach it to the user's footwear in order to walk more easily on snow. Snowshoes work by distributing the weight of the person over a larger area so that the person's foot does not sink completely into the snow, a quality called 'flotation'."}
{"input_field":"Instructions: Tell me what this product category is about\nInput: Glitter\nOutput:","target_field":"Glitter describes an assortment of small, reflective particles that come in a variety of shapes and colors. Glitter particles reflect light at different angles, causing the surface to sparkle or shimmer. Glitter is often used as decoration in crafts and projects. Glitter is also used to decorate the body and nails."}
{"input_field":"Input: Explain the product type Water Pump\nOutput:","target_field":"A water pump is a device that raises, transfers or circulates water. They may be electric, gas-powered, hydraulic or manual."}
{"input_field":"Instructions: Tell me what this product category is about\nInput: Valve\nOutput:","target_field":"A valve is a fitting that regulates, directs or controls the flow of a fluid (gases, liquids, fluidized solids, or slurries) by opening, closing, or partially obstructing various passageways. In an open valve, fluid flows in a direction from higher pressure to lower pressure. Valves require at least two ports to function allowing them to connect single or multiple inlets to single or multiple outlets. Flow on each inlet may be regulated, allowing the user to control the ratio of flow sources such as the case with thermostatic mixing valves."}
{"input_field":"Input: Explain the product type Shampoo\nOutput:","target_field":"Shampoo is a surfactant used for removing oils and dirt from human hair. Usually it is in the form of a viscous liquid, but it may come in a soap-like bar, granules, paste, leaves, or other forms."}
{"input_field":"Instructions: Tell me what this product category is about\nInput: Portable Electronic Device Stand\nOutput:","target_field":"A free-standing support for a portable electronic device, either intended for floor or table-top height, which may or may not incorporate a device mount component."}
{"input_field":"Instructions: Tell me what does the product category mean\nInput: Antenna\nOutput:","target_field":"An electronic signal antenna is a device that can transmit and\/or receive radio waves containing electronic signals. Antennas are designed to send and\/or receive specific signal types such as radio, TV, satellite, cellular, and\/or Wi-Fi, and may have connectors for integration with specific types of devices."}
{"input_field":"Input: Explain the product type Water Purification Unit\nOutput:","target_field":"A water purification unit removes impurities by lowering contamination of water using a fine physical barrier, a chemical process, or a biological process."}
{"input_field":"Instructions: Tell me what this product category is about\nInput: Mouthwash\nOutput:","target_field":"Mouthwash is a liquid that is held in the mouth passively or swilled around the mouth before spitting out. Usually mouthwashes are antiseptic solutions intended to reduce the amount of microbes present in the mouth."}
{"input_field":"Input: Explain the product type Traction Cleat\nOutput:","target_field":"Traction cleats or studs are protrusions on the sole of a shoe, or on an external attachment to a shoe, that provide additional traction on a soft or slippery surface."}
{"input_field":"Instructions: Tell me what this product category is about\nInput: Lamp\nOutput:","target_field":"A lamp is a lighting source that is powered through a plug connected to an electrical wall socket and\/or through batteries (including solar batteries). Lamps can be designed to be placed on a piece of furniture (such as desk lamps and table lamps) or freestanding on the floor; may include a clamp to temporarily attach them to piece of furniture; or may be small enough to be supported by being plugged directly into the wall (as is the case with some night lights). Some lamps that are intended for outdoor use have stakes that are designed to be pound into the earth to hold the lamp erect and\/or direct its lights."}
{"input_field":"Instructions: Tell me what does the product category mean\nInput: Coin Purse Pouch\nOutput:","target_field":"A coin purse pouch is a fashion container for coins and miscellaneous personal items. They are typically made of fabric, leather, or plastic and can be sealed via zipper, clasp, or positional pressure. They are small enough to be easily handheld or carried in a personal garment pocket."}
{"input_field":"Input: Explain the product type Saw\nOutput:","target_field":"A saw is a tool for cutting wood or other materials, typically with a long, thin serrated steel blade and operated using a backward and forward movement."}
{"input_field":"Instructions: Tell me what this product category is about\nInput: Mess Kit\nOutput:","target_field":"A mess kit is a collection of silverware and cookware used during camping and backpacking, as well as extended military campaigns. Mess kits usually fold or combine into a compact form for easy transport."}
{"input_field":"Instructions: Explain the product category name\nInput: Tuner\nOutput:","target_field":"A tuner is an electronic device for varying the frequency to which a radio or television is tuned."}
{"input_field":"Input: Explain the product type Corset\nOutput:","target_field":"A corset is a foundation garment, reinforced with stays (also known as boning), that supports the waistline, hips and bust. Frequently corsets incorporate lacing for tightening. A corset may fully or partially cover the wearer's bust or its top may rest just under the bust area."}
{"input_field":"Instructions: Tell me what this product category is about\nInput: Body Strap\nOutput:","target_field":"Body straps are designed to be worn to support an instrument or device such as a musical instrument, camera, helmet, or optic device, or for smaller loads such as eyewear or a badge. They are detachable from the object they support and may attach to that object at one or more points via button-like connectors, clips, loops, or other type of clasps. Body straps can be made from a variety of materials, most commonly leather, fabric, webbing, or rope, and come in varying sizes. They may hang loosely, tautly, or allow for custom close-to-body fitting."}
{"input_field":"Instructions: Explain the product category name\nInput: Blanket\nOutput:","target_field":"A blanket is a piece of soft cloth large enough to cover or to enfold a great portion of the user's body. A blanket traps the user\u2019s radiant body heat that otherwise would be lost through convection, and so warms the user. A blanket can be made from natural or synthetic material (woven or non-woven), or from smaller patches of material stitched together to form the larger blanket. A blanket can have a single layer of material or have multiple layers with or without additional insulation between layers."}
{"input_field":"Instructions: Tell me what does the product category mean\nInput: Telescope\nOutput:","target_field":"A telescope is an optical instrument used for direct viewing of distant objects, usually by means of the refraction of light rays through a lens or the reflection of light rays by a concave mirror."}
{"input_field":"Instructions: Explain the product category name\nInput: Vest\nOutput:","target_field":"A vest is a sleeveless garment worn on the upper body usually over a shirt. Vests generally stop at the waist and can be a button up, zip up, or a pullover. Vests are sometimes considered single-breasted and double-breasted when referring to the style of the vest."}
{"input_field":"Instructions: Tell me what this product category is about\nInput: Stool Seating\nOutput:","target_field":"A stool consists of a single seat for one person, usually without a back. Stools are usually more compact than chairs to allow maximum seating around a serving table or a counter."}
{"input_field":"Instructions: Tell me what does the product category mean\nInput: Video Card\nOutput:","target_field":"A video card, often called a graphics card or display card, is a replaceable internal component of a computing device that is responsible for generating images for visual display on a monitor or screen. Although all motherboards have some degree of integrated graphics, a dedicated video card allows for higher quality graphics and faster refresh rates."}
{"input_field":"Instructions: Tell me what does the product category mean\nInput: Cleaning Brush\nOutput:","target_field":"A cleaning brush is a specialized brush used for domestic cleaning applications such as scrubbing kitchen or bathroom surfaces."}
{"input_field":"Instructions: Explain the product category name\nInput: Flash Memory\nOutput:","target_field":"Flash memory is a kind of memory that retains data in the absence of a power supply."}
{"input_field":"Input: Explain the product type Wallet\nOutput:","target_field":"A wallet is a small, flat case that can be used to carry such personal items as cash, credit cards, and identification documents (such as a driver's license, identification card, club card), photographs, transit passes, gift cards, business cards and other paper or laminated cards. Wallets are generally made of leather or fabrics, and they are usually pocket-sized but not always foldable."}
{"input_field":"Input: Explain the product type Wheel\nOutput:","target_field":"A wheel is a circular object composed of a hard and durable material that is capable of turning on an axle. The central part of a wheel may be solid, partly solid, or spoked. Wheels are commonly made of rubber, plastic, nylon, aluminum, stainless steel, and nonferrous alloys."}
{"input_field":"Instructions: Tell me what does the product category mean\nInput: Sweatshirt\nOutput:","target_field":"Sweatshirts are garments intended to cover the torso and arms, similar to sweaters. They are not yarn knitted but rather finely machine knitted usually with a fleece underside."}
{"input_field":"Instructions: Tell me what this product category is about\nInput: Bicycle Bell\nOutput:","target_field":"A bicycle warning signal is a noise making device designed to be attached to the handlebars of a bicycle and used for alerting nearby cyclists, pedestrians, or motor vehicles to avoid collision. It can utilize a bell, horn, or electronics to emit sound."}
{"input_field":"Input: Explain the product type Bicycle\nOutput:","target_field":"A bicycle is a human-powered, usually pedal-driven, single-track vehicle, having two wheels attached to a frame, one behind the other."}
{"input_field":"Input: Explain the product type Sculpture\nOutput:","target_field":"Sculptures are three-dimensional art objects that can be crafted from a number of materials (such as clay, glass, metal, resin, stone, and wood) using carving, casting, molding, and joining techniques. Sculptures may be static or kinetic. All styles of free-standing sculptures are included, as well as mounted sculptural works in the round (like an animal head sculpture that comes out from the wall to reveal multiple sides)."}
{"input_field":"Instructions: Tell me what does the product category mean\nInput: Sweater\nOutput:","target_field":"A sweater is an upper body garment, usually intended to cover the torso and arms, that is knitted and exhibits a visible yarn."}
{"input_field":"Input: Explain the product type Wig\nOutput:","target_field":"A wig is a head covering made from human hair, animal hair, or synthetic fiber."}
{"input_field":"Instructions: Tell me what does the product category mean\nInput: Knife\nOutput:","target_field":"A knife is a tool with a cutting edge or blade, hand-held or otherwise, with most having a handle."}
{"input_field":"Instructions: Tell me what does the product category mean\nInput: Dress\nOutput:","target_field":"A dress (also known as a frock or a gown) is a garment consisting of a skirt with an attached bodice (or a matching bodice giving the effect of a one-piece garment). It consists of a top piece that covers the torso and hangs down over the legs."}
{"input_field":"Input: Explain the product type Toothbrush\nOutput:","target_field":"A toothbrush is an oral hygiene instrument used to clean the teeth, gums, and tongue. It consists of a head of tightly clustered bristle mounted on a handle which facilitates the cleaning of hard-to-reach areas of the mouth."}
{"input_field":"Instructions: Tell me what this product category is about\nInput: Chair\nOutput:","target_field":"A chair is an item of furniture used to sit on or in, comprised of a seat and a back. A chair must have a supporting base that rests on the floor or ground; most commonly the support is composed of four legs but it can be any type of support including the chair's seat itself. Chairs may or may not have arm rests and\/or attached footrests. Chairs are intended to be used by one person."}
{"input_field":"Input: Explain the product type Signage\nOutput:","target_field":"Signage includes objects that visually relay information to any person in its vicinity. Physical signs inform or instruct using written text, symbols, the shape of the sign itself, colors, pictures or some combination of these. Information conveyed is often, but not limited to, messaging about permitted and prohibited activities, wayfinding, navigation, identification, advocacy such as of a position or candidate, event announcements and details, advertising and marketing, warnings, and notification of hazards. Signs can be made from almost any material but those intended for outdoor display may be constructed from more durable materials in order to withstand the elements. Signs can be free-standing, affixed to, or hung from a surface. While generally utilitarian in purpose, some signage may incorporate decorative elements to add to its visual appeal."}
{"input_field":"Instructions: Tell me what this product category is about\nInput: Modem\nOutput:","target_field":"A modem is a device for modulation and demodulation, such as between a computer (digital) and a telephone line (analog). It is used to communicate between distant computers, most often to gain Internet access through telephone service or cable television service."}
{"input_field":"Instructions: Tell me what this product category is about\nInput: Ladder\nOutput:","target_field":"A ladder is a vertical or inclined set of rungs or steps. There are two types: rigid ladders that are self-supporting or that may be leaned against a vertical surface such as a wall, and rollable ladders, such as those made of rope or aluminum, that may be hung from the top."}
{"input_field":"Instructions: Tell me what does the product category mean\nInput: Golf Club\nOutput:","target_field":"A golf club is a tool used to hit a golf ball in a game of golf. Each club is composed of a shaft with a grip at one end and a club head at the other end. Woods are mainly used for long-distance fairway or tee shots; irons are used for a variety of shots; hybrids that combine design elements of woods and irons are becoming increasingly popular; putters are used mainly on the green to roll the ball into the hole."}
{"input_field":"Instructions: Tell me what does the product category mean\nInput: Video Disc Player\nOutput:","target_field":"A video disc player is a stand-alone device that displays audiovisual content, like movies, by decoding a laser- or stylus-readable random-access disc that contains both audio and video signals."}
{"input_field":"Instructions: Tell me what does the product category mean\nInput: Tent\nOutput:","target_field":"A camping tent is a movable, lightweight shelter consisting of fabric supported by a collapsible frame and\/or suspended rope. Tents are designed to offer their occupants and contents protection from wind, rain, cold, and\/or other elements and to provide a protected, habitable space that is suitable for humans to sleep in outdoors. Unless specifically designed to attach to and be used with a vehicle or other structure, camping tents must include an integrated floor layer. The walls of a tent are usually supported by plastic, wood, or metal poles and thin ropes and the tent and\/or the supporting ropes are commonly anchored to the ground with stakes. Camping tents have openings for access and ventilation but must be capable of being enclosed on all sides via zippers, ties, and\/or other fasteners."}
{"input_field":"Instructions: Tell me what does the product category mean\nInput: Tights\nOutput:","target_field":"Tights are a kind of tight-fitting cloth hosiery that is made from a material with some degree of sheerness. Tights includes pantyhose that are commonly designed to sheath the body from waist to toe tips, as well as stockings (both hold-up and suspender), ankle hose, and knee hose (sometimes known as knee-highs). The weight and opacity of tights differentiate them from garments with similar form factors such as socks and leggings."}
{"input_field":"Instructions: Tell me what this product category is about\nInput: Towel\nOutput:","target_field":"A towel is a piece of absorbent fabric used for drying or wiping a body or a surface."}
{"input_field":"Instructions: Explain the product category name\nInput: Radio\nOutput:","target_field":"A radio receiver is a device that receives for audio transmissions on radio wave frequencies, commonly used for playing publicly broadcast audio programming in the AM and FM bands."}
{"input_field":"Instructions: Tell me what does the product category mean\nInput: Trampoline\nOutput:","target_field":"A trampoline is a device consisting of a piece of taut, strong fabric stretched between a frame using coiled springs."}
{"input_field":"Input: Explain the product type Tarp\nOutput:","target_field":"A tarp, also known as a tarpaulin, is a large sheet of strong, flexible, water resistant or waterproof material mostly used as a protective cover for items that are outdoors. Tarps often have reinforced grommets at the corners and along the sides to form attachment points for rope, allowing them to be tied down or suspended. Common uses include spreading on the ground as temporary barrier between wet ground and dry contents, or being affixed over the top of items to protect from ambient moisture like rainfall."}
{"input_field":"Instructions: Tell me what does the product category mean\nInput: Tabletop Game\nOutput:","target_field":"Tabletop games are games that are normally played on a table or other flat surface. They're generally sold in a container with all the pieces needed to play."}
{"input_field":"Instructions: Explain the product category name\nInput: Mouse Pad\nOutput:","target_field":"A mousepad is a surface on which to place and move a computer mouse. A mousepad enhances the usability of the mouse compared to using a mouse directly on a table by providing a surface to allow it to measure movement accurately and without jitter."}
{"input_field":"Instructions: Tell me what does the product category mean\nInput: Calendar\nOutput:","target_field":"A calendar is a physical or electronic representation of days, weeks, months, and\/or years that serves as a record for keeping track of events. Calendars come in many forms, such as staple-bound annual calendars that can be mounted on the wall, spiral-bound planners, easel-style desk calendars, card-size calendars that fit in a wallet, countdown calendars that count days until a specific event, and e-calendars that can be displayed on a computer or eBook reader."}
{"input_field":"Instructions: Tell me what does the product category mean\nInput: Electronic Adapter\nOutput:","target_field":"A connection device that serves to connect two or more electric or electronic devices that cannot otherwise be connected directly due to some form of signal or port incompatibility. Some adapters pass an unaltered signal between devices and only serve to join incompatible port form factors; while others provide signal transformation functions. Some adapters require a power source, in which case power may either be drawn from one of the input devices, an external power supply, or an installed battery. Some adapters include a length of cable for joining devices that are placed at a distance, while others are compacted solid devices that require separate cables."}
{"input_field":"Instructions: Tell me what does the product category mean\nInput: First Aid Kit\nOutput:","target_field":"A first aid kit is a collection of supplies and tools used to give medical treatment. There is a wide variation in the contents of first aid kits based on intended use and medical capability of the intended user. A first aid kit must include bandages, in various sizes, and a topical ointment for treating wounds."}
{"input_field":"Instructions: Explain the product category name\nInput: Sport Table Game\nOutput:","target_field":"Sport table game products include the equipment (single components or sets) required to play a type of active game that is intended to be played on a specially-designed table. These games are generally for two or four players."}
{"input_field":"Input: Explain the product type Portable Electronic Device Mount\nOutput:","target_field":"A portable electronic device mount is an item that secures a portable electronic device to a surface or structure."}
{"input_field":"Instructions: Tell me what this product category is about\nInput: Multiport Hub\nOutput:","target_field":"A multiport hub is a device that allows plugging of multiple data cables through to one port, usually a USB type connector, on a computer or other electronic device. The connections may be all one type or an array of connector types such as video connectors, card readers, USB ports, and network connections."}
{"input_field":"Input: Explain the product type Skirt\nOutput:","target_field":"A skirt is an outer garment that covers a person from the waist downwards. Unlike pants and shorts, which cover each leg individually, skirts cover both legs together. Skirts are fitted to the body around the waist or hips, and may fit tight or loose below the waist. The hemline (lower edge) of skirts can vary from micro to floor-length depending on fashion, culture, or personal style."}
{"input_field":"Instructions: Tell me what this product category is about\nInput: Stapler\nOutput:","target_field":"A stapler is a tool used to drive a small piece of wire or metal known as a staple into materials such as paper or wood. Staplers are used to bind loose materials like paper or fabric together by closing the wire staple together after piercing the objects, or to affix generally flexible materials to a solid backing like wood, plastic or masonry with the staple holding the material in place once the staple is secured in the backing material."}
{"input_field":"Instructions: Tell me what this product category is about\nInput: Lock\nOutput:","target_field":"A lock is a mechanical or electronic fastening device that is released by a physical object (such as a key, keycard, fingerprint, RFID card, security token, or coin), by supplying secret information (such as a number or letter permutation, or a password), or by a combination thereof."}
{"input_field":"Input: Explain the product type Sweatband\nOutput:","target_field":"Sweatbands are fabric bands worn around the head or wrist during physical activity to absorb sweat before it can run into the eyes or make hands too slippery for optimal performance."}
{"input_field":"Instructions: Explain the product category name\nInput: Toaster\nOutput:","target_field":"A toaster is a top-loading device that toasts both sides of a bread product at once using radiant heat, and then pops up the toasted articles when finished."}
{"input_field":"Instructions: Explain the product category name\nInput: Pet Bed Mat\nOutput:","target_field":"Pet beds and mats also include other solid units for providing comfort and warmth to pets. These items can be placed on the floor or integrated into a crate, cage, or pet house. Pet beds are made of various materials and can be cleaned if necessary."}
{"input_field":"Input: Explain the product type Anchor Stake\nOutput:","target_field":"An anchor stake is a post with a pointed tip typically made from wood, metal, plastic, or composite material that is pushed, twisted, or driven into the ground or potted soil. It acts like an anchor to hold items in place, such as a garden stake which supports plants, a tent stake which affixes a tent to the ground, or a dog tie-out stake which holds a leash to keep the dog confined."}
{"input_field":"Input: Explain the product type Vehicle Bag\nOutput:","target_field":"A bag, pack, pannier, or other enclosed type of luggage that attaches to vehicles such as bicycles, scooters, motorcycles, and\/or snowmobiles. The bags are usually described by the location they fit on the vehicle, such as the handlebars, seat, cycle saddle, trunk, fender, or frame."}
{"input_field":"Input: Explain the product type Transport Rack\nOutput:","target_field":"Transport racks include frameworks composed of vertical and\/or horizontal rails or bars that are designed to be attached to a vehicle and used in conjunction with hooks, straps, netting, and\/or clamps to hold and transport items."}
{"input_field":"Instructions: Tell me what this product category is about\nInput: Dental Floss\nOutput:","target_field":"Dental floss is a cord of thin filaments used in interdental cleaning."}
{"input_field":"Instructions: Tell me what does the product category mean\nInput: Earplug\nOutput:","target_field":"An earplug is a device that is inserted in the ear canal to protect the user's ears from loud noises, intrusion of water, foreign bodies, dust or excessive wind."}
{"input_field":"Instructions: Tell me what this product category is about\nInput: Game Dice\nOutput:","target_field":"Game dice (singular die) are small throwable objects that can rest in multiple positions and are used for generating random values. Dice are suitable as gambling devices for games like craps and are also used in non-gambling tabletop games. Game dice come in many shapes and sizes, and are primarily characterized by the number of sides, such as a 20-sided die. The most common game dice are cubes which have 6 sides."}
{"input_field":"Input: Explain the product type Turntable\nOutput:","target_field":"A turntable or record player is a device that detects sound vibration waveforms recorded on engraved 'records' and converts the waveforms to electrical signals. Portable turntables have a built-in amplifier and speakers that convert electrical signals to audible sound; component turntables must be connected to an external amplifier and speakers. The primary functional components of a turntable are the drive system (for spinning the record), tone arm, cartridge, and stylus (or needle)."}
{"input_field":"Instructions: Explain the product category name\nInput: Graphic Tablet\nOutput:","target_field":"A graphic tablet (also known as a digitizer, drawing tablet, drawing pad, digital drawing tablet, pen tablet, or digital art board) is a computer input device that enables a user to hand-draw images, animations and graphics, with a special pen-like stylus, similar to the way a person draws images with a pencil and paper."}
{"input_field":"Input: Explain the product type Input Pen\nOutput:","target_field":"Input pens are devices used to interface with electronic devices, either through peripherals such as graphic tablets or directly through a touchscreen."}
{"input_field":"Instructions: Tell me what does the product category mean\nInput: Storage Box\nOutput:","target_field":"A storage box is a rigid container made of durable material such as wood, metal, corrugated fiberboard, or plastic. They are often rectangular, stackable with other boxes, and have a lid or other closure. They are used for storing items grouped together and protected from dust or other environmental factors."}
{"input_field":"Input: Explain the product type Walking Stick\nOutput:","target_field":"A walking stick is a device used to facilitate walking or for fashion. It is essentially a long rod that is held by one hand and rests on the ground periodically between steps."}
{"input_field":"Input: Explain the product type Mascara\nOutput:","target_field":"Mascara is a cosmetic applied to eyelash hairs using a brush or rod. Mascara solutions may darken, thicken, lengthen or define the eyelashes."}
{"input_field":"Instructions: Tell me what this product category is about\nInput: Sport Goal\nOutput:","target_field":"In sports, a goal is a physical structure or area where an attacking team must send the ball or puck in order to score points. The structure of a goal varies from sport to sport. Most often, it is a rectangular structure that is placed at each end of the playing field. Each structure usually consists of two vertical posts, called goal posts, supporting a horizontal crossbar. A goal line marked on the playing surface between the goal posts demarcates the goal area."}
{"input_field":"Input: Explain the product type Astringent Substance\nOutput:","target_field":"An astringent substance, sometimes called adstringent, is a chemical that shrinks or constricts body tissues. They are commonly formulated as liquids, pastes, or powders."}
{"input_field":"Instructions: Tell me what does the product category mean\nInput: Camera\nOutput:","target_field":"A camera is a device used to capture visual images in the form of photographs, film, or video. Cameras at minimum usually consist of a camera body with a hole that allows light in to capture an image."}
{"input_field":"Instructions: Tell me what this product category is about\nInput: Freestanding Shelter\nOutput:","target_field":"A freestanding shelter is a structure that is intended to be installed outdoors on a permanent or semi-permanent basis to provide some degree of overhead shelter. These shelters are not fully enclosed and\/or secure sheds or habitable buildings but rather frameworks that are used for ornamental purposes and\/or to provide light protection from the elements. They may include rails on which to hang retractable panels, drapes, and\/or netting. Unlike their temporary\/portable counterparts they are not lightweight and are often intended to be secured to sturdy foundations via heavy duty brackets and bolts."}
{"input_field":"Instructions: Tell me what this product category is about\nInput: Toggle Switch\nOutput:","target_field":"A toggle switch is an electric switch operated by means of a projecting lever that is moved up and down."}
{"input_field":"Input: Explain the product type Undergarment Slip\nOutput:","target_field":"A slip is an undergarment worn beneath a dress or skirt."}
{"input_field":"Instructions: Tell me what does the product category mean\nInput: Hair Tie\nOutput:","target_field":"A hair tie is most commonly an elastic loop used to section off portions of human hair and hold them together in a bundle."}
{"input_field":"Instructions: Tell me what does the product category mean\nInput: Ring\nOutput:","target_field":"A ring is a round band worn as an ornamental piece of jewelry usually on a finger or toe."}
{"input_field":"Instructions: Explain the product category name\nInput: Magnifier\nOutput:","target_field":"A magnifier is a device for optical magnification. Two form factors are most common: a convex lens usually mounted in a frame with a handle (magnifying glass), or a sheet magnifier which is composed of many very narrow concentric ring-shaped lenses known as a Fresnel lens."}
{"input_field":"Instructions: Tell me what does the product category mean\nInput: Apparel Pin\nOutput:","target_field":"Apparel pins are small pins worn on clothing, often on the lapel of a jacket or intended to be attached to a bag or piece of fabric. The actual pin may be hinged or straight. Although the pin may function to attach two pieces of material together, apparel pins are most commonly used for ornamental rather than functional purposes."}
{"input_field":"Input: Explain the product type Networking Router\nOutput:","target_field":"A networking router is an electronic device that both receives and sends information between computer networks or between a cellular network and a Wi-Fi network. Most commonly the term refers to a device that directs packets between a private network and the Internet."}
{"input_field":"Instructions: Tell me what does the product category mean\nInput: Scarf\nOutput:","target_field":"A scarf is a textile neck covering characterized by being much longer than it is wide. Scarves are typically worn as outerwear to keep the wearer warm and to protect them from the elements, but scarves can also provide protection from the sun in any climate. Scarves are also often worn as fashion accessories and may have additional cultural or religious connotations for some wearers. While usually worn wrapped or draped around the neck, due to their nature as loose fabric items, wearers can adapt scarves so that they can be worn on other parts of the body, such as the head or face. Scarves may also be referred to as mufflers."}
{"input_field":"Instructions: Explain the product category name\nInput: Nail Polish\nOutput:","target_field":"Nail polish is a lacquer that can be applied to human fingernails or toenails to decorate and protect the nail plates."}
{"input_field":"Instructions: Explain the product category name\nInput: Eyelid Color\nOutput:","target_field":"Eye shadow and eyeliner are pigmented powder\/cream or substance used to accentuate the eye area, traditionally on, above, and under the eyelids. Many colors may be used at once and blended together to create different effects using a blending brush. Eye liner generally is in the form of a pencil, gel, or liquid."}
{"input_field":"Instructions: Explain the product category name\nInput: Hat\nOutput:","target_field":"A hat is a head covering which is worn for various reasons, including protection against weather conditions, ceremonial reasons such as university graduation, religious reasons, safety, or as a fashion accessory."}
{"input_field":"Input: Explain the product type Shirt\nOutput:","target_field":"A shirt is a primary article of clothing, or an undergarment, worn over the upper body in conjunction with a separate piece of lower body wear such as pants. Shirts are usually made of tightly woven fabric."}
{"input_field":"Instructions: Explain the product category name\nInput: Onboard Camera\nOutput:","target_field":"An onboard camera or driving recorder is a video camera with recording functionality mounted in or on a motor vehicle. Includes dashcams, also known as dashboard cameras, that continuously record the view through a vehicle's front or rear windows. Occasionally, onboard cameras are mounted to record the driver\u2019s activities, however they are used primarily to record activity occurring outside of the vehicle. Some onboard recording cameras include safety assistance features such backup or blind spot monitoring."}
{"input_field":"Instructions: Tell me what does the product category mean\nInput: Bra\nOutput:","target_field":"A bra, short for brassiere, is a form-fitting undergarment designed to support or cover the wearer's breasts."}
{"input_field":"Instructions: Explain the product category name\nInput: Snow Pant\nOutput:","target_field":"Snow pants are insulated and waterproof pants to be worn outdoors in winter weather. They can have integrated bibs or suspenders similar to overalls. They are often used for skiing and other related winter sports."}
{"input_field":"Instructions: Tell me what this product category is about\nInput: Wrench\nOutput:","target_field":"A wrench or spanner is a tool used to provide grip and mechanical advantage in applying torque to turn objects, usually rotary fasteners, such as nuts and bolts, or to keep them from turning."}
{"input_field":"Input: Explain the product type Pillow\nOutput:","target_field":"A pillow is an enclosed bag or case, typically made of cloth, that is filled with a soft cushioning material or combination of materials. Typical pillow fillers include, but are not limited to: down; down alternatives; feathers; solid or shredded foam rubber; air (in whole or part for inflatable pillows); and other natural or synthetic materials. Pillows have a variety of uses, including but not limited to providing comfort to the body at rest, typically to the head, and as decoration."}
{"input_field":"Instructions: Tell me what does the product category mean\nInput: Electromechanical Gauge\nOutput:","target_field":"An electromechanical gauge is a device that receives electrical or mechanical input and displays dimensional information. Gauges are measurement and display components of larger systems with the display component taking one of many forms, such as an analog needle that moves over a series of printed numbers, or a digital readout that displays a number."}
{"input_field":"Instructions: Explain the product category name\nInput: Power Cord\nOutput:","target_field":"A power cord is an assembly of conductors used for transmission of electrical power. It includes a male connector, which consists of an insulated casing with metal pins that fit into the openings of a power outlet. The other end of the cord may have no connector, to allow its installation in a powered device, or may have a female connector, which consists of an insulated casing socket that can accommodate a male connector from another cable."}
{"input_field":"Instructions: Tell me what does the product category mean\nInput: Food Bib\nOutput:","target_field":"A food bib is a garment that is worn draped from the neck onto the chest, in order to protect clothing from accidentally spilled food or drool. Bibs are frequently used by young children and infants, but may also be used by adults. Bibs are also worn when consuming certain messy foods, such as lobster. Bibs are also used for infants when they drool, such as when they are teething."}
{"input_field":"Input: Explain the product type Shaving Agent\nOutput:","target_field":"Shaving agents, which include shaving cream, shave cream, and shaving foam, are a frothy cosmetic cream that is intended to be applied to body hair, usually facial hair, to facilitate shaving."}
{"input_field":"Input: Explain the product type Sport Mitt\nOutput:","target_field":"A sport mitt is a specialized padded glove, usually without separated finger movement, intended for use in a sports application. It is often used in sports such as baseball and softball, though padded mitts can be used for martial arts training and boxing as well."}
{"input_field":"Instructions: Tell me what this product category is about\nInput: Charm\nOutput:","target_field":"A charm is a decorative item that attaches or comes attached (most commonly by a small loop or clasp) to a bracelet, jewelry chain or earring, or other object."}
{"input_field":"Instructions: Explain the product category name\nInput: Manual Shaving Razor\nOutput:","target_field":"A manual shaving razor is a bladed tool used for removing body hair with a stationary blade. Includes straight razors, which have a blade that folds into its handle, and safety razors, which feature protective guards that hold a replaceable razor blade."}
{"input_field":"Instructions: Tell me what does the product category mean\nInput: Storage Binder\nOutput:","target_field":"A storage binder is a book like storage system such as an album, binder cover with an expandable binding system, or bound book, designed to protect and organize two-dimensional (2D) media. Storage binder covers are usually rigid, and can be either decorative or utilitarian in appearance. Their expandable binding systems, usually comprised of rings, posts, screws, or clamps, can easily be opened or closed for the addition, removal, or reorganization of the pages held within. For an album or book with a permanent binding to be considered a storage binder, it must have customizable pages that can either support or enclose other 2D media."}
{"input_field":"Instructions: Tell me what does the product category mean\nInput: Timer\nOutput:","target_field":"A timer is a specialized type of clock used for measuring specific time intervals, counting down to zero at which time an alarm alerts the user that the interval has elapsed."}
{"input_field":"Input: Explain the product type Handbag\nOutput:","target_field":"Handbags are bags carried close to the body that are intended to hold multiple personal items for easy retrieval, and they are often fashionably designed. Handbags may be handheld, or may have a strap or handles."}
{"input_field":"Instructions: Tell me what does the product category mean\nInput: Hair Extension\nOutput:","target_field":"A hair extension, or hair weave, is a bundle of natural or artificial hair that is clipped, glued, or woven into natural hair for cosmetic purposes."}
{"input_field":"Instructions: Explain the product category name\nInput: Earring\nOutput:","target_field":"An earring is a piece of jewelry attached to the ear via a piercing or clip, usually on the earlobe."}
{"input_field":"Instructions: Tell me what this product category is about\nInput: Camera Support\nOutput:","target_field":"A camera support is a type of mount, stand, and\/or stabilizing system that is designed to support a camera or other optic device (such as monoculars and binoculars) while in use."}
{"input_field":"Instructions: Tell me what this product category is about\nInput: Caddy\nOutput:","target_field":"A caddy is an open top container with divisions for holding, storing, or organizing items. Some have an integrated handle for easy portability, but they do not offer a lid or other type of top closure. They may have a soft or rigid structure, and are often designed to fit within a preexisting space such as a bucket, drawer, glove box, or piece of luggage."}
{"input_field":"Instructions: Tell me what this product category is about\nInput: Bottle\nOutput:","target_field":"A bottle is a liquid container that has a narrower neck than body and is made to be sealed with a device such as a reusable screw-top lid, cork, wax seal, or internal stopper. It can contain beverages such as water, wine, or soda, or it may be used for shampoo, cooking oil, medication or chemicals."}
{"input_field":"Input: Explain the product type Winding Reel\nOutput:","target_field":"A winding reel is an object around which a length of another material (usually long and flexible) is wound for storage. Generally a reel has a cylindrical core and walls on the sides to retain the material wound around the core."}
{"input_field":"Instructions: Tell me what does the product category mean\nInput: Cabinet\nOutput:","target_field":"A cabinet is a box-shaped piece of furniture with one or more doors, drawers, and\/or shelves, used for storing and\/or displaying items. Most cabinets are freestanding, but some are designed to be mounted to or installed into a wall. Cabinets vary significantly by intended use and component parts; common examples include armoires, curio cabinets, medicine cabinets, storage cabinets, tool chests, and file cabinets."}
{"input_field":"Instructions: Explain the product category name\nInput: Fuel Filter\nOutput:","target_field":"A fuel filter is a filter in the fuel line that screens out dirt and rust particles from the fuel, normally made into cartridges containing a filter paper. Fuel filters are found in most internal combustion engines."}
{"input_field":"Instructions: Tell me what this product category is about\nInput: Wall Art\nOutput:","target_field":"Wall art describes any decorative visual art object made to be displayed by non- or semi- permanently affixing it to a wall (they are not incorporated into the wall structure itself). Wall art can be framed or not. Wall art can be or incorporate a variety of media including paintings, photographic prints, textiles, and others."}
{"input_field":"Input: Explain the product type Necktie\nOutput:","target_field":"A necktie, or simply a tie, is a long piece of cloth worn for decorative purposes around the neck, resting under the shirt collar and knotted at the throat."}
{"input_field":"Input: Explain the product type Sleeping Bag\nOutput:","target_field":"A sleeping bag is an insulated covering, usually sized to hold one or two people. It is essentially a quilt that functions as lightweight, portable bedding. A sleeping bag will have an enclosed foot box and an open side that can be closed with a zipper or similar means to form a tube. Sleeping bag forms can range from form fitting bags, also known as mummy bags, to simple rectangles; sleeping bags may also incorporate additional features such as built-in pillows."}
{"input_field":"Input: Explain the product type Computer Drive Or Storage\nOutput:","target_field":"A computer hard drive is a component used to persistently store data in a computer system. Hard drives can be either electromechanical in nature (hard disk drives (HDDs)) or may use integrated circuit technology (solid state drives (SSDs)). Despite the different storage technology, these devices are used in the same manner with the same interfaces. Hard drives can be installed internally (within the computing device itself) or external (the device attaches to the computing device through an external connection)."}
{"input_field":"Instructions: Tell me what does the product category mean\nInput: Pencil Sharpener\nOutput:","target_field":"Pencil sharpeners are used for sharpening writing or drawing utensils to a point. These sharpeners may be operated manually or by an electric motor. Sharpeners may utilize a sharpened blade, edge or rotary gears to shave the utensil to a point, and may also include an integrated receptacle to catch the shavings. With some sharpeners, the user rotates the utensil being sharpened while others rotate the cutting parts around the stationary utensil."}
{"input_field":"Input: Explain the product type Hammock\nOutput:","target_field":"A hammock is a sling made of fabric, rope, or netting, mostly commonly suspended between two or more points, and used for swinging, sleeping, or resting. Hammocks normally consist of one or more cloth panels, or a woven network of twine or thin rope stretched with ropes between two firm anchor points such as trees or posts."}
{"input_field":"Instructions: Tell me what this product category is about\nInput: Sport Helmet\nOutput:","target_field":"A sport helmet is a form of protective gear worn on the head. Sport helmets aid the skull in protecting the head and brain from injury while the wearer is participating in a sporting activity."}
{"input_field":"Instructions: Explain the product category name\nInput: Heat Sink\nOutput:","target_field":"A heat sink is a device or substance for absorbing excessive or unwanted heat."}
{"input_field":"Instructions: Tell me what this product category is about\nInput: Cosmetic Powder\nOutput:","target_field":"Cosmetic powder or face powder is applied to the face to set foundation makeup after application. It may be loose powder or in a compact, pressed form and may be applied with a brush, puff, or sponge. It can also be reapplied throughout the day to minimize shininess caused by oily skin. It can be translucent sheer powder or pigmented powder. Certain types of pigmented facial powders are meant be worn alone with no base foundation."}
{"input_field":"Instructions: Tell me what does the product category mean\nInput: Coat\nOutput:","target_field":"Upper body outerwear is clothing that is designed to be worn outdoors or outside other garments. These outerwear items have a number of use cases: protection from inclement weather; warming-up the body before, or maintaining body temperature during, athletic activities; casual street wear."}
{"input_field":"Instructions: Tell me what this product category is about\nInput: Boxing Glove\nOutput:","target_field":"Boxing gloves are cushioned gloves that fighters wear on their hands during boxing matches and practices. Boxing gloves are designed to protect the fighter's hand, though they also reduce superficial facial injuries. A variety of specialized boxing gloves are available for competitions, sparring, and other forms of training."}
{"input_field":"Input: Explain the product type Exercise Mat\nOutput:","target_field":"An exercise mat provides a non-slip and cushioned surface, which makes it easier to perform activities such as yoga or stretching across a slippery area of flooring."}
{"input_field":"Input: Explain the product type Binocular\nOutput:","target_field":"Binoculars or field glasses are two telescopes mounted side-by-side and aligned to point in the same direction, allowing the viewer to use both eyes when viewing distant objects. Most are sized to be held using both hands, although sizes vary widely from opera glasses to large pedestal mounted military models."}
{"input_field":"Instructions: Tell me what does the product category mean\nInput: Wildlife Feeder\nOutput:","target_field":"A wildlife feeder is a device used for serving food for specific types of unattended wild animals ranging from insects to birds to large herbivores. These devices usually consist of a receptacle for the food, an interface designed to entice and comfortably feed the animal, and a stand or mount to place the device at the correct height for the intended audience."}
{"input_field":"Instructions: Tell me what this product category is about\nInput: Outboard Motor\nOutput:","target_field":"An outboard motor is a propulsion system for boats, consisting of a self-contained unit that includes engine, gearbox and propeller or jet drive, designed to be affixed to the outside of the transom. As well as providing propulsion, outboards provide steering control, as they are designed to pivot over their mountings and thus control the direction of thrust. The skeg also acts as a rudder when the engine is not running."}
{"input_field":"Instructions: Tell me what this product category is about\nInput: Swimwear\nOutput:","target_field":"Swimwear is clothing designed to be worn by people engaging in a water-based activity or water sports, such as swimming, surfing, or sun-orientated activities, such as sun bathing."}
{"input_field":"Instructions: Tell me what this product category is about\nInput: Skin Exfoliant\nOutput:","target_field":"A skin exfoliant is an agent used to cleanse and scrub the skin of dead skin cells."}
{"input_field":"Instructions: Tell me what this product category is about\nInput: Spark Plug\nOutput:","target_field":"A spark plug is a device for delivering electric current from an ignition system to the combustion chamber of an engine to ignite the compressed fuel\/air mixture. The spark plug's threaded metal shell is screwed into the engine's cylinder head, and the central electrode protrudes through a porcelain insulator into the combustion chamber. Spark plugs may also be used in other applications such as furnaces."}
{"input_field":"Instructions: Explain the product category name\nInput: Leotard\nOutput:","target_field":"A leotard is a unisex skin-tight one-piece garment that covers the body from the crotch to the shoulder."}
{"input_field":"Instructions: Tell me what does the product category mean\nInput: Axe\nOutput:","target_field":"An axe (or ax) is a tool used to shape, split, break or cut ice, wood, or other organic material. The axe has many forms but generally consists of a sharpened metal axe head of varying sizes, and a handle of varying lengths. Splitting axes resemble a sharpened wedge with a long handle."}
{"input_field":"Instructions: Tell me what does the product category mean\nInput: Table\nOutput:","target_field":"A table is an item of furniture with a flat top and one or more legs, used as a surface for working at, eating from, or on which to place things. A table may have additional features below the workings surface, such as drawers or racks. A table is usually distinguished from similar furniture such as a desk or workbench in the absence of additional features on or above the working surface."}
{"input_field":"Instructions: Explain the product category name\nInput: Headphones\nOutput:","target_field":"Headphones are a pair of small speakers meant to be worn in or around a person\u2019s ears, primarily used for listening to an audio source privately that may also include a microphone for communication via a device or using wireless technology such as Bluetooth or FM radio."}
{"input_field":"Instructions: Tell me what does the product category mean\nInput: Sound Card\nOutput:","target_field":"A sound card, also known as an audio card, is an expansion card usually slotted into a computer that provides input and output of audio signals to and from a computer."}
{"input_field":"Instructions: Explain the product category name\nInput: Tote Bag\nOutput:","target_field":"A tote bag is a large and often unfastened bag with parallel handles that emerge from the sides of its pouch."}
{"input_field":"Input: Explain the product type Leash\nOutput:","target_field":"A leash is cord, strap, or chain used to restrict an animal's roaming range by attaching one end to the animal and the other end is held by a person or attached to a stationary object. Some leashes clip or tie to a collar, harness, or halter, while others go directly around the animal's neck or head."}
{"input_field":"Instructions: Tell me what this product category is about\nInput: Hair Brush\nOutput:","target_field":"A hair brush, or hairbrush, is a stick brush with rigid or soft bristles used in hair care for smoothing, styling, and detangling human hair, or for grooming an animal's fur."}
{"input_field":"Instructions: Tell me what does the product category mean\nInput: Liquid Ink\nOutput:","target_field":"A liquid that contains pigments or dyes that is used to color a surface to produce an image, text, or design. Ink is used for drawing or writing with a pen, brush, or quill, and it is used in some forms of mechanical printing."}
