question,choices,answer
Which of the following review snippets best expresses a 'positive' sentiment on the 'performance' aspect of a power converter product? ,"['convenient size', 'play beautifully', 'wall adapter works great', 'cute shirt']",2
A customer wants to write a review on a(n) power converter product to express his positive sentiment on the aspect of performance. Which of the following snippets is most likely to be written by the customer?,"['construction', 'perfect fit for our home', 'head unit is fairly good', 'worked wonderfully in Spain and France']",3
A customer wants to write a review on a(n) electric razor product to express his positive sentiment on the aspect of quality. Which of the following snippets is most likely to be written by the customer?,"['comfortable', 'Good fit', 'amazing', 'they stand out']",2
Which of the following review snippets best expresses a 'positive' sentiment on the 'quality' aspect of a electric razor product? ,"['does the job just fine', 'soft', 'made me feel glamorous all evening', 'make a nice accent']",0
Which of the following review snippets best expresses a 'positive' sentiment on the 'quality' aspect of a pencil sharpener product? ,"['Excellent product', 'totally adjustable', 'very accessible', 'Good fit']",0
Which of the following review snippets best expresses a 'positive' sentiment on the 'quality' aspect of a pencil sharpener product? ,"['comfortable', 'very comfortable', 'quite impressed with its capability', 'excellent product']",3
Which of the following review snippets best expresses a 'positive' sentiment on the 'sturdiness' aspect of a trampoline product? ,"['Very well made', 'Looks good', 'way to tight', 'material itself has been holding up']",3
Which of the following review snippets best expresses a 'positive' sentiment on the 'sturdiness' aspect of a trampoline product? ,"['love the vintage look', 'Good quality', 'high quality', 'Very nice wind chime']",2
Which of the following review snippets best expresses a 'positive' sentiment on the 'ease of assembly' aspect of a trampoline product? ,"['no longer thermal throttles', 'it works great', 'assembles easily', 'Elastic is very resilient']",2
A customer wants to write a review on a(n) trampoline product to express his positive sentiment on the aspect of ease of assembly. Which of the following snippets is most likely to be written by the customer?,"['paper instructions were easy to follow', 'worked perfectly', 'stone that will last a long time', 'so soft']",0
A customer wants to write a review on a(n) tyre cover product to express his positive sentiment on the aspect of quality. Which of the following snippets is most likely to be written by the customer?,"[""WAY too tight for a man's head"", 'Cheap plastic aluminum like material', ""it's working perfectly"", 'Material is not flimsy at all']",3
Which of the following review snippets best expresses a 'positive' sentiment on the 'quality' aspect of a tyre cover product? ,"['go well with other furniture', 'lights up nicely', 'Good quality', ""mouth isn't so wide""]",2
A customer wants to write a review on a(n) cabinet product to express his positive sentiment on the aspect of size. Which of the following snippets is most likely to be written by the customer?,"['staple through several sheets of paper', 'good quality', 'perfect fit for our home', 'really cute']",2
A customer wants to write a review on a(n) cabinet product to express his positive sentiment on the aspect of size. Which of the following snippets is most likely to be written by the customer?,"['Looks great', 'Ligthtweight', 'very cute but small', 'fans feel quality']",2
Which of the following review snippets best expresses a 'positive' sentiment on the 'appearance' aspect of a cabinet product? ,"['very beautiful', 'so well put together', 'decent bearings', 'Perfect quality']",0
Which of the following review snippets best expresses a 'positive' sentiment on the 'appearance' aspect of a cabinet product? ,"['work well', 'Perfect match to a cabinet', 'brilliant product', 'Worked well for few months']",1
Which of the following review snippets best expresses a 'positive' sentiment on the 'performance' aspect of a tuner product? ,"['it works very well', 'Very nice quality', 'Beautiful', 'sound quality is nice']",0
A customer wants to write a review on a(n) tuner product to express his positive sentiment on the aspect of performance. Which of the following snippets is most likely to be written by the customer?,"['very pretty', 'It works great', 'It worked great', 'Great Price']",1
A customer wants to write a review on a(n) earring product to express his positive sentiment on the aspect of appearance. Which of the following snippets is most likely to be written by the customer?,"['unbreakable', 'Beautiful', 'quality', 'Strong']",1
A customer wants to write a review on a(n) earring product to express his positive sentiment on the aspect of appearance. Which of the following snippets is most likely to be written by the customer?,"['worked good enough', 'very nice for the price', 'feels durable', 'nice earrings']",3
A customer wants to write a review on a(n) label product to express his positive sentiment on the aspect of quality. Which of the following snippets is most likely to be written by the customer?,"['Nicely looking', 'material makes it super comfy', 'durable', 'always a lounger']",2
Which of the following review snippets best expresses a 'positive' sentiment on the 'quality' aspect of a label product? ,"['Low quality', 'feel good', 'Nice looking cupboard', 'perfect for the printable']",3
A customer wants to write a review on a(n) disk drive product to express his positive sentiment on the aspect of ease of use. Which of the following snippets is most likely to be written by the customer?,"['very cute', 'good quality for the price', 'great condition', 'easy to use']",3
Which of the following review snippets best expresses a 'positive' sentiment on the 'ease of use' aspect of a disk drive product? ,"['good quality', 'sturdy', 'plug and play', 'Very well made']",2
Which of the following review snippets best expresses a 'positive' sentiment on the 'quality' aspect of a stapler product? ,"['feel good', 'Very beautiful', 'strong', ""pump didn't work""]",2
A customer wants to write a review on a(n) stapler product to express his positive sentiment on the aspect of quality. Which of the following snippets is most likely to be written by the customer?,"['Awesome little stapler', 'bright white', 'extremely comfortable', 'plush']",0
A customer wants to write a review on a(n) photo frame product to express his positive sentiment on the aspect of quality. Which of the following snippets is most likely to be written by the customer?,"['frame is sturdy', 'Love the warmth and fit', 'Great Price', 'super comfy']",0
Which of the following review snippets best expresses a 'positive' sentiment on the 'quality' aspect of a photo frame product? ,"['plain black', 'better quality', 'Worked well for few months', 'beautiful']",1
A customer wants to write a review on a(n) storage binder product to express his positive sentiment on the aspect of quality. Which of the following snippets is most likely to be written by the customer?,"['Cheap plastic aluminum like material', 'finish', 'Great item', 'quite impressed with its capability']",2
Which of the following review snippets best expresses a 'positive' sentiment on the 'quality' aspect of a storage binder product? ,"['well made', 'reasonable price', 'not made for tall women', 'make a nice accent']",0
A customer wants to write a review on a(n) sleeping bag product to express his positive sentiment on the aspect of comfort. Which of the following snippets is most likely to be written by the customer?,"['Strong', 'wonderfully comfy', 'Works great', 'slight sheen']",1
A customer wants to write a review on a(n) sleeping bag product to express his positive sentiment on the aspect of comfort. Which of the following snippets is most likely to be written by the customer?,"['good corner toaster with quality features', 'super silky', 'coating seems very durable', 'such great colors']",1
Which of the following review snippets best expresses a 'positive' sentiment on the 'quality' aspect of a calendar product? ,"['accurate', 'fabric is soft', 'Very sturdy material', 'finish']",2
A customer wants to write a review on a(n) calendar product to express his positive sentiment on the aspect of quality. Which of the following snippets is most likely to be written by the customer?,"['leaking ink everywhere', 'super comfy', 'Great big calendar', 'worked wonderfully in Spain and France']",2
Which of the following review snippets best expresses a 'positive' sentiment on the 'appearance' aspect of a calendar product? ,"['boards are fairly durable', 'Pretty', 'works good', 'went perfect with our Hawaiian theme']",1
Which of the following review snippets best expresses a 'positive' sentiment on the 'appearance' aspect of a calendar product? ,"['Material is not flimsy at all', 'Beautiful Calendar', 'lights up nicely', 'easy to use']",1
A customer wants to write a review on a(n) overalls product to express his positive sentiment on the aspect of quality. Which of the following snippets is most likely to be written by the customer?,"['bristles were rough', 'piece is just beautiful', 'Great product', 'good quality cloths']",3
A customer wants to write a review on a(n) overalls product to express his positive sentiment on the aspect of quality. Which of the following snippets is most likely to be written by the customer?,"['Great amplifier', 'head unit is fairly good', 'good quality', 'plain black']",2
A customer wants to write a review on a(n) overalls product to express his positive sentiment on the aspect of appearance. Which of the following snippets is most likely to be written by the customer?,"['love the way the jacket looks', 'very helpful', 'size and quality', 'poles bent at the slightest wind']",0
Which of the following review snippets best expresses a 'positive' sentiment on the 'appearance' aspect of a overalls product? ,"['commensurate quality', 'Good paint', 'Good Quality', 'super cute']",3
Which of the following review snippets best expresses a 'positive' sentiment on the 'comfort' aspect of a overalls product? ,"['great quality', 'ankle is just tight enough to be comfortable', 'Good amount for the money', 'very cute']",1
A customer wants to write a review on a(n) overalls product to express his positive sentiment on the aspect of comfort. Which of the following snippets is most likely to be written by the customer?,"['elastic strap is sturdy', 'lights up nicely', 'material is very good', 'comfortable']",3
A customer wants to write a review on a(n) scarf product to express his positive sentiment on the aspect of comfort. Which of the following snippets is most likely to be written by the customer?,"['soft', 'Great product', ""it's working perfectly"", 'grab fine hairs without cutting them']",0
A customer wants to write a review on a(n) scarf product to express his positive sentiment on the aspect of comfort. Which of the following snippets is most likely to be written by the customer?,"['decent bearings', 'great size', 'Soft', 'compact']",2
A customer wants to write a review on a(n) scarf product to express his positive sentiment on the aspect of color. Which of the following snippets is most likely to be written by the customer?,"['Great quality gas mask', 'Colors are vibrant', 'beautiful box', 'Great for holding my work ID']",1
Which of the following review snippets best expresses a 'positive' sentiment on the 'color' aspect of a scarf product? ,"['really isn’t that loud', 'beautiful', 'Beautifully made', 'Pretty color']",3
A customer wants to write a review on a(n) mess kit product to express his positive sentiment on the aspect of quality. Which of the following snippets is most likely to be written by the customer?,"['Nice and complete little camping', 'Fits the bed great', 'works great', 'bold colors']",0
Which of the following review snippets best expresses a 'positive' sentiment on the 'quality' aspect of a mess kit product? ,"['Works great', 'great for heating up liquids', 'Light', 'Windows app works well']",1
Which of the following review snippets best expresses a 'positive' sentiment on the 'quality' aspect of a hair brush product? ,"[""product didn't last us"", 'Very nice quality', 'works with detangling curl', 'nice arm rail']",2
A customer wants to write a review on a(n) hair brush product to express his positive sentiment on the aspect of quality. Which of the following snippets is most likely to be written by the customer?,"['Fancy', 'value was great', 'Perfect', 'kind of perfect']",2
A customer wants to write a review on a(n) hair clip product to express his positive sentiment on the aspect of value. Which of the following snippets is most likely to be written by the customer?,"['Good amount for the money', 'Really great', 'adjusts a lot', 'Good paint']",0
Which of the following review snippets best expresses a 'positive' sentiment on the 'value' aspect of a hair clip product? ,"['affordable', 'poles bent at the slightest wind', 'well made steps', 'Easy to assemble']",0
Which of the following review snippets best expresses a 'positive' sentiment on the 'appearance' aspect of a hair clip product? ,"['well made', 'fax is a breeze', 'Heavy duty', 'beautiful']",3
Which of the following review snippets best expresses a 'positive' sentiment on the 'appearance' aspect of a hair clip product? ,"['roomy', 'feels like it could last a while', ""usefulness and quality don't change"", 'super dressy']",3
A customer wants to write a review on a(n) fabric product to express his positive sentiment on the aspect of quality. Which of the following snippets is most likely to be written by the customer?,"['amazing material', 'quite small', 'build quality', 'finish']",0
Which of the following review snippets best expresses a 'positive' sentiment on the 'quality' aspect of a fabric product? ,"['Great amplifier', 'Very nice wind chime', 'very good', 'Nice looking on the outside']",2
A customer wants to write a review on a(n) freestanding shelter product to express his negative sentiment on the aspect of sturdiness. Which of the following snippets is most likely to be written by the customer?,"['Good value', 'poles bent at the slightest wind', 'awesome pillows for the price', 'Easy to learn and play']",1
Which of the following review snippets best expresses a 'negative' sentiment on the 'sturdiness' aspect of a freestanding shelter product? ,"['finish', 'Easy to learn and play', 'Very nice', 'poles bent']",3
A customer wants to write a review on a(n) electronic component fan product to express his positive sentiment on the aspect of quality. Which of the following snippets is most likely to be written by the customer?,"['great bang for your buck', 'Quality Cooler', 'super dressy', 'sturdy']",1
A customer wants to write a review on a(n) electronic component fan product to express his positive sentiment on the aspect of quality. Which of the following snippets is most likely to be written by the customer?,"['table is beautiful', 'Very nice product', 'great little stove for the money', 'works great']",1
A customer wants to write a review on a(n) integrated stereo system product to express his positive sentiment on the aspect of sound quality. Which of the following snippets is most likely to be written by the customer?,"['sound quality is nice', 'feel good', 'clear instructions', 'Comfort']",0
A customer wants to write a review on a(n) integrated stereo system product to express his positive sentiment on the aspect of sound quality. Which of the following snippets is most likely to be written by the customer?,"['feel sturdy', 'Very sturdy', 'really isn’t that loud', 'works great']",2
A customer wants to write a review on a(n) skateboard product to express his positive sentiment on the aspect of quality. Which of the following snippets is most likely to be written by the customer?,"['pretty good one', 'table looks nice enough', 'it works great', 'size and quality']",0
A customer wants to write a review on a(n) skateboard product to express his positive sentiment on the aspect of quality. Which of the following snippets is most likely to be written by the customer?,"['can take a few beatings no problem', 'Great price', 'paisley detail makes it stunning', 'Great light weight ladder']",0
A customer wants to write a review on a(n) disc player product to express his positive sentiment on the aspect of performance. Which of the following snippets is most likely to be written by the customer?,"['feels like it could last a while', 'worked good enough', 'High quality', 'play beautifully']",1
Which of the following review snippets best expresses a 'positive' sentiment on the 'performance' aspect of a disc player product? ,"['good quality cloths', 'bit snugg', 'accurate', 'Great product']",3
Which of the following review snippets best expresses a 'positive' sentiment on the 'quality' aspect of a portable stove product? ,"['Great looking quality vest', 'It worked great', 'falling apart', 'inexpensive']",1
A customer wants to write a review on a(n) portable stove product to express his positive sentiment on the aspect of quality. Which of the following snippets is most likely to be written by the customer?,"['very unlike a genuine BMW case', 'affordable', 'unique', 'worked great']",3
Which of the following review snippets best expresses a 'positive' sentiment on the 'value' aspect of a portable stove product? ,"['elastic strap is sturdy', 'better price', 'WORST printer', 'easy to adjust to your head']",1
A customer wants to write a review on a(n) portable stove product to express his positive sentiment on the aspect of value. Which of the following snippets is most likely to be written by the customer?,"['lights up nicely', 'it still works great', 'super silky', 'Hangs on the bathroom towel rack']",1
A customer wants to write a review on a(n) portable stove product to express his positive sentiment on the aspect of performance. Which of the following snippets is most likely to be written by the customer?,"['quality seems a-ok', 'ankle is just tight enough to be comfortable', 'works like my old gas stove', 'Excellent product']",2
A customer wants to write a review on a(n) portable stove product to express his positive sentiment on the aspect of performance. Which of the following snippets is most likely to be written by the customer?,"['Ink runs out too soon', 'Nice for our Halloween decor', 'very good', 'good corner toaster with quality features']",2
Which of the following review snippets best expresses a 'positive' sentiment on the 'ease of use' aspect of a tabletop game product? ,"['very accessible', 'Super comfy', 'held up', 'Well Made']",0
A customer wants to write a review on a(n) tabletop game product to express his positive sentiment on the aspect of ease of use. Which of the following snippets is most likely to be written by the customer?,"['fun game', 'very nice for the price', 'compact', 'ran flawlessly']",0
A customer wants to write a review on a(n) tabletop game product to express his positive sentiment on the aspect of quality. Which of the following snippets is most likely to be written by the customer?,"['very comfortable', 'very well made', 'beautiful', 'Poor quality']",1
A customer wants to write a review on a(n) tabletop game product to express his positive sentiment on the aspect of quality. Which of the following snippets is most likely to be written by the customer?,"['ring is so shiny', 'gorgeous', 'boards are fairly durable', 'Great quality for price']",2
Which of the following review snippets best expresses a 'positive' sentiment on the 'appearance' aspect of a mechanical lighter product? ,"['compact', 'finish', 'Super easy to use', 'good materials']",1
A customer wants to write a review on a(n) mechanical lighter product to express his positive sentiment on the aspect of appearance. Which of the following snippets is most likely to be written by the customer?,"['do not work at all', 'holds more toys', 'beauties get the job done', ""item doesn't work with my 2012 Macbook Pro""]",2
A customer wants to write a review on a(n) driving recorder product to express his positive sentiment on the aspect of ease of installation. Which of the following snippets is most likely to be written by the customer?,"['started up fine', 'they are cheap', 'inexpensive', 'Looks nice']",0
Which of the following review snippets best expresses a 'positive' sentiment on the 'ease of installation' aspect of a driving recorder product? ,"['perfect for the printable', 'easy to navigate', 'Very sturdy material', 'very sturdy']",1
A customer wants to write a review on a(n) sport fastener product to express his positive sentiment on the aspect of value. Which of the following snippets is most likely to be written by the customer?,"['they are cheap', 'tassels have held up without fraying', 'brilliant product', 'frame is sturdy']",0
A customer wants to write a review on a(n) sport fastener product to express his positive sentiment on the aspect of value. Which of the following snippets is most likely to be written by the customer?,"['It has worked great', 'excellent product', 'get the job done for the price point', 'really durable']",2
Which of the following review snippets best expresses a 'negative' sentiment on the 'performance' aspect of a water pump product? ,"['Worked well for few months', 'Good quality', 'Easy to learn and play', ""pump didn't work""]",3
Which of the following review snippets best expresses a 'negative' sentiment on the 'performance' aspect of a water pump product? ,"['wall adapter works great', 'Does not work', 'poor fit', 'perfect coat for warmth and durability']",1
A customer wants to write a review on a(n) toothbrush product to express his negative sentiment on the aspect of quality. Which of the following snippets is most likely to be written by the customer?,"['railings to hold on to', 'bristles were rough', 'affordable', 'fits in one carrying case']",1
A customer wants to write a review on a(n) toothbrush product to express his negative sentiment on the aspect of quality. Which of the following snippets is most likely to be written by the customer?,"['cute', 'so soft', ""product didn't last us"", 'it does the job']",2
A customer wants to write a review on a(n) audio card product to express his negative sentiment on the aspect of performance. Which of the following snippets is most likely to be written by the customer?,"['Very soft', 'very satisfied with the quality', 'performs nicely', ""item doesn't work with my 2012 Macbook Pro""]",3
A customer wants to write a review on a(n) audio card product to express his negative sentiment on the aspect of performance. Which of the following snippets is most likely to be written by the customer?,"['look very natural', 'it works great', 'fits loosely around my midsection', 'do not work at all']",3
A customer wants to write a review on a(n) wig product to express his positive sentiment on the aspect of appearance. Which of the following snippets is most likely to be written by the customer?,"['elastic strap is sturdy', 'durable it is', 'it stopped working', 'beautiful long']",3
A customer wants to write a review on a(n) wig product to express his positive sentiment on the aspect of appearance. Which of the following snippets is most likely to be written by the customer?,"['several birds can feed at one time', 'unique combination of a trendy baseball cap', ""It's accurate"", 'Awesome little stapler']",1
A customer wants to write a review on a(n) wig product to express his positive sentiment on the aspect of comfort. Which of the following snippets is most likely to be written by the customer?,"['working fine for several weeks now', 'secures well', 'hair is very soft', 'Worked great']",2
A customer wants to write a review on a(n) wig product to express his positive sentiment on the aspect of comfort. Which of the following snippets is most likely to be written by the customer?,"['idea is cute', 'timer works great', 'like the hang and heft', 'softness were all good otherwise']",3
A customer wants to write a review on a(n) audio-video receiver product to express his positive sentiment on the aspect of sound quality. Which of the following snippets is most likely to be written by the customer?,"['It worked great', 'Great amplifier', 'Very Satisfied', 'works great for charging phones']",1
A customer wants to write a review on a(n) audio-video receiver product to express his positive sentiment on the aspect of sound quality. Which of the following snippets is most likely to be written by the customer?,"['deep sound reproduction', 'worked perfectly', 'very unlike a genuine BMW case', 'worked very well']",0
Which of the following review snippets best expresses a 'positive' sentiment on the 'weight' aspect of a walking stick product? ,"['value was great', 'milled face is holding up well', 'fits in one carrying case', 'Product is lightweight']",3
A customer wants to write a review on a(n) walking stick product to express his positive sentiment on the aspect of weight. Which of the following snippets is most likely to be written by the customer?,"['easy to carry', 'quite impressed with its capability', 'still working without any problems', 'paper instructions were easy to follow']",0
Which of the following review snippets best expresses a 'positive' sentiment on the 'quality' aspect of a toaster oven product? ,"['good corner toaster with quality features', 'Sheath is well designed', 'works great for charging phones', 'work well']",0
Which of the following review snippets best expresses a 'positive' sentiment on the 'quality' aspect of a toaster oven product? ,"['accurate', 'super comfy', 'well made', 'really loose']",2
Which of the following review snippets best expresses a 'positive' sentiment on the 'quality' aspect of a bike tyre product? ,"['Windows app works well', 'quality seems a-ok', 'plug and play', 'Beautiful design']",1
A customer wants to write a review on a(n) bike tyre product to express his positive sentiment on the aspect of quality. Which of the following snippets is most likely to be written by the customer?,"[""WAY too tight for a man's head"", 'very nice', 'worked out great', 'Pretty color']",2
Which of the following review snippets best expresses a 'positive' sentiment on the 'quality' aspect of a earplug product? ,"['beautiful', 'perfect coat for warmth and durability', 'Ink runs out too soon', 'great product']",3
A customer wants to write a review on a(n) earplug product to express his positive sentiment on the aspect of quality. Which of the following snippets is most likely to be written by the customer?,"['Great Price', 'work well', 'beautiful', 'material makes it super comfy']",1
Which of the following review snippets best expresses a 'positive' sentiment on the 'performance' aspect of a graphics card product? ,"['really loose', 'performs nicely', 'Great price', 'Printer runs out of ink']",1
Which of the following review snippets best expresses a 'positive' sentiment on the 'performance' aspect of a graphics card product? ,"['nice beginner scope', 'still working without any problems', 'pretty good one', 'case seems well made']",1
A customer wants to write a review on a(n) record player product to express his positive sentiment on the aspect of performance. Which of the following snippets is most likely to be written by the customer?,"['Works great', 'looks very nice', 'drivers keep failing for no reason', 'beautiful box']",0
A customer wants to write a review on a(n) record player product to express his positive sentiment on the aspect of performance. Which of the following snippets is most likely to be written by the customer?,"['plays well', 'Perfect', 'Well Made', 'Great Price']",0
A customer wants to write a review on a(n) record player product to express his positive sentiment on the aspect of quality. Which of the following snippets is most likely to be written by the customer?,"['overall look to her', 'Very well made', 'love the vintage look', 'Really soft']",1
Which of the following review snippets best expresses a 'positive' sentiment on the 'quality' aspect of a record player product? ,"['Very good', 'Really soft', 'WORST printer', 'Sturdy']",3
Which of the following review snippets best expresses a 'positive' sentiment on the 'color' aspect of a curtain product? ,"['Looks good', 'wheels and tires are of great quality', 'High Quality', 'unique']",3
A customer wants to write a review on a(n) curtain product to express his positive sentiment on the aspect of color. Which of the following snippets is most likely to be written by the customer?,"['take down is easy as pie', 'little stars are adorable', 'Great light weight ladder', 'looks good']",1
Which of the following review snippets best expresses a 'positive' sentiment on the 'quality' aspect of a waist trimmer product? ,"['easy to assemble', 'adjustable light', 'gorgeous', 'good quality']",3
A customer wants to write a review on a(n) waist trimmer product to express his positive sentiment on the aspect of quality. Which of the following snippets is most likely to be written by the customer?,"['looks cute', 'Good quality', 'work wonderfully', 'everything works flawlessly']",1
Which of the following review snippets best expresses a 'positive' sentiment on the 'appearance' aspect of a artificial nail product? ,"['quality of these lanyards', 'such great colors', 'Product is lightweight', 'work well']",1
A customer wants to write a review on a(n) artificial nail product to express his positive sentiment on the aspect of appearance. Which of the following snippets is most likely to be written by the customer?,"['it works very well', 'plug and play', 'price and quality is phenomenal', 'look very natural']",3
Which of the following review snippets best expresses a 'positive' sentiment on the 'color' aspect of a lipstick product? ,"['wrapped to shreds', 'Looks great', 'made me feel glamorous all evening', 'nice arm rail']",2
Which of the following review snippets best expresses a 'positive' sentiment on the 'color' aspect of a lipstick product? ,"['good locks for securing a locker', 'artistry is truly amazing', 'poor quality bands', 'Best color']",3
A customer wants to write a review on a(n) ice cooler product to express his positive sentiment on the aspect of quality. Which of the following snippets is most likely to be written by the customer?,"['sound quality is nice', 'not super solid', 'affordable', 'excellent cooler built well']",3
Which of the following review snippets best expresses a 'positive' sentiment on the 'quality' aspect of a ice cooler product? ,"['very accessible', 'quite small', 'Good amount for the money', 'good quality cooler']",3
Which of the following review snippets best expresses a 'positive' sentiment on the 'quality' aspect of a tarpaulin product? ,"['Very sturdy', 'felt sturdy', 'full of personality', 'this matches perfectly']",0
A customer wants to write a review on a(n) tarpaulin product to express his positive sentiment on the aspect of quality. Which of the following snippets is most likely to be written by the customer?,"[""It wasn't too bad to put together"", 'well made', 'Fully adjustable with a pocket', 'Super comfy']",1
A customer wants to write a review on a(n) knife product to express his positive sentiment on the aspect of quality. Which of the following snippets is most likely to be written by the customer?,"['Ink runs out too soon', 'high quality', 'so soft', 'Very well made']",3
A customer wants to write a review on a(n) knife product to express his positive sentiment on the aspect of quality. Which of the following snippets is most likely to be written by the customer?,"['beauties get the job done', 'These inks are pretty nice', 'blade cut thru small branches better', 'wood finished look']",2
Which of the following review snippets best expresses a 'positive' sentiment on the 'appearance' aspect of a knife product? ,"['Nice', 'affordable', ""product didn't last us"", 'secures well']",0
A customer wants to write a review on a(n) knife product to express his positive sentiment on the aspect of appearance. Which of the following snippets is most likely to be written by the customer?,"['well made', 'poles bent at the slightest wind', 'very nice for the price', 'Sheath is well designed']",3
A customer wants to write a review on a(n) chair product to express his positive sentiment on the aspect of comfort. Which of the following snippets is most likely to be written by the customer?,"['blade cut thru small branches better', 'good locks for securing a locker', 'work well', 'super comfy']",3
A customer wants to write a review on a(n) chair product to express his positive sentiment on the aspect of comfort. Which of the following snippets is most likely to be written by the customer?,"['fun game', 'Great for holding my work ID', 'always a lounger', 'Easy to assemble']",2
Which of the following review snippets best expresses a 'positive' sentiment on the 'quality' aspect of a chair product? ,"['beautiful long', 'high quality', 'seems to be good quality', 'Colors are vibrant']",2
Which of the following review snippets best expresses a 'positive' sentiment on the 'quality' aspect of a chair product? ,"['Weak', 'bold colors', 'Sturdy nice wheels metal frame', 'very accessible']",2
A customer wants to write a review on a(n) sport helmet product to express his positive sentiment on the aspect of fit. Which of the following snippets is most likely to be written by the customer?,"['easy to adjust to your head', 'Not sturdy at all', 'Great quality', 'works great']",0
A customer wants to write a review on a(n) sport helmet product to express his positive sentiment on the aspect of fit. Which of the following snippets is most likely to be written by the customer?,"['Well Made', 'adjusts a lot', 'Packs down super small', 'poles bent at the slightest wind']",1
A customer wants to write a review on a(n) costume mask product to express his positive sentiment on the aspect of quality. Which of the following snippets is most likely to be written by the customer?,"['Looks great', 'very pretty', 'elastic strap is sturdy', 'bold colors']",2
A customer wants to write a review on a(n) costume mask product to express his positive sentiment on the aspect of quality. Which of the following snippets is most likely to be written by the customer?,"['Very well made', 'Lightweight', 'Pretty enough', 'sound is really good']",0
A customer wants to write a review on a(n) telescope product to express his positive sentiment on the aspect of quality. Which of the following snippets is most likely to be written by the customer?,"['fits in a roomy', 'Good quality', 'Dainty', 'comfortable']",1
A customer wants to write a review on a(n) telescope product to express his positive sentiment on the aspect of quality. Which of the following snippets is most likely to be written by the customer?,"['comfortable', 'work wonderfully', 'construction is very solid', 'worked good enough']",2
Which of the following review snippets best expresses a 'positive' sentiment on the 'ease of use' aspect of a telescope product? ,"['it still works great', 'Great intro telescope', 'Very well made', 'holds more toys']",1
A customer wants to write a review on a(n) telescope product to express his positive sentiment on the aspect of ease of use. Which of the following snippets is most likely to be written by the customer?,"['ability to take photos with the iPhone', 'looks very nice', 'Very well made', 'convenient size']",0
Which of the following review snippets best expresses a 'positive' sentiment on the 'quality' aspect of a portable toolkit product? ,"['Very nice', 'very soft', 'lights up nicely', 'tools are pretty good quality']",3
Which of the following review snippets best expresses a 'positive' sentiment on the 'quality' aspect of a portable toolkit product? ,"['Great price', 'affordable', 'Lights work well', 'well made']",3
A customer wants to write a review on a(n) lock product to express his positive sentiment on the aspect of quality. Which of the following snippets is most likely to be written by the customer?,"['ring is so shiny', 'fit so well', 'good locks for securing a locker', 'Beautiful']",2
A customer wants to write a review on a(n) lock product to express his positive sentiment on the aspect of quality. Which of the following snippets is most likely to be written by the customer?,"['no longer thermal throttles', 'Very Satisfied', 'fit as expected', 'cheaper than others']",1
Which of the following review snippets best expresses a 'positive' sentiment on the 'performance' aspect of a central processing unit product? ,"['too cute', 'amazingly priced', 'Good amount for the money', 'This thing is fast']",3
Which of the following review snippets best expresses a 'positive' sentiment on the 'performance' aspect of a central processing unit product? ,"['Comfortable', 'works flawlessly', 'Nice product', 'decent bearings']",1
A customer wants to write a review on a(n) table product to express his positive sentiment on the aspect of appearance. Which of the following snippets is most likely to be written by the customer?,"['rope is sturdy', 'Great quality', 'contrasts very well', 'Very good quality tires']",2
A customer wants to write a review on a(n) table product to express his positive sentiment on the aspect of appearance. Which of the following snippets is most likely to be written by the customer?,"['wood finished look', 'Easy to assemble', 'blade cut thru small branches better', 'pitch is rich and true']",0
A customer wants to write a review on a(n) table product to express his positive sentiment on the aspect of quality. Which of the following snippets is most likely to be written by the customer?,"['very sturdy', 'Beautifully made', 'sound is really good', 'very comfortable']",0
A customer wants to write a review on a(n) table product to express his positive sentiment on the aspect of quality. Which of the following snippets is most likely to be written by the customer?,"['material itself has been holding up', 'very nice for the price', 'looks like a real diamond', 'Cute']",1
Which of the following review snippets best expresses a 'negative' sentiment on the 'ink' aspect of a printer product? ,"['Ink runs out too soon', 'soft to the ear sound', 'went perfect with our Hawaiian theme', 'Good fit']",0
Which of the following review snippets best expresses a 'negative' sentiment on the 'ink' aspect of a printer product? ,"['plays well', 'easy to use', 'Printer runs out of ink', 'good quality']",2
Which of the following review snippets best expresses a 'positive' sentiment on the 'quality' aspect of a printer product? ,"['do not work at all', 'started up fine', 'not made for tall women', 'fax is a breeze']",3
A customer wants to write a review on a(n) printer product to express his positive sentiment on the aspect of quality. Which of the following snippets is most likely to be written by the customer?,"['inexpensive', 'price was good for the product', 'printer prints good quality', 'Fancy']",2
Which of the following review snippets best expresses a 'negative' sentiment on the 'print quality' aspect of a printer product? ,"['unique combination of a trendy baseball cap', ""It won't print out high res photos"", 'Great for holding my work ID', 'very good']",1
A customer wants to write a review on a(n) printer product to express his negative sentiment on the aspect of print quality. Which of the following snippets is most likely to be written by the customer?,"['printing quality is not good', ""pump didn't work"", 'very beautiful', 'very fun to look at the moon']",0
Which of the following review snippets best expresses a 'positive' sentiment on the 'value' aspect of a valve product? ,"['really isn’t that loud', 'Great Price', 'ceiling fan runs like new again', 'sturdy']",1
Which of the following review snippets best expresses a 'positive' sentiment on the 'value' aspect of a valve product? ,"['High quality', 'best quality unit', 'Affordable', 'Great big calendar']",2
A customer wants to write a review on a(n) wildlife feeder product to express his positive sentiment on the aspect of quality. Which of the following snippets is most likely to be written by the customer?,"['sturdy', 'timer works great', 'easy to use', 'inexpensive']",0
Which of the following review snippets best expresses a 'positive' sentiment on the 'quality' aspect of a wildlife feeder product? ,"['Comfort', ""these didn't taper and weren't very form fitting"", 'several birds can feed at one time', 'super comfy']",2
Which of the following review snippets best expresses a 'positive' sentiment on the 'quality' aspect of a skipping rope product? ,"['nice earrings', 'it still works great', 'good grade of webbing', 'great hat to make me comfortable']",2
A customer wants to write a review on a(n) skipping rope product to express his positive sentiment on the aspect of quality. Which of the following snippets is most likely to be written by the customer?,"['soft to the ear sound', 'jump rope is good', 'table is beautiful', 'easy to carry']",1
A customer wants to write a review on a(n) handbag product to express his positive sentiment on the aspect of size. Which of the following snippets is most likely to be written by the customer?,"['Sooooooo soft', 'accented the room beyond perfectly', 'kind of perfect', 'unique']",2
A customer wants to write a review on a(n) handbag product to express his positive sentiment on the aspect of size. Which of the following snippets is most likely to be written by the customer?,"['beautiful', 'roomy', 'looks perfect on my husband', 'it’s wonderful']",1
Which of the following review snippets best expresses a 'positive' sentiment on the 'performance' aspect of a cooling fin product? ,"['no longer thermal throttles', 'solid construction', 'milled face is holding up well', 'worked out great']",0
Which of the following review snippets best expresses a 'positive' sentiment on the 'performance' aspect of a cooling fin product? ,"['worked perfectly', 'High quality material', 'little stars are adorable', 'awesome pillows for the price']",0
A customer wants to write a review on a(n) cooling fin product to express his positive sentiment on the aspect of quality. Which of the following snippets is most likely to be written by the customer?,"['beautiful addition to my home', 'works flawlessly', 'Soft', 'best quality unit']",3
Which of the following review snippets best expresses a 'positive' sentiment on the 'quality' aspect of a cooling fin product? ,"['works great', 'it works great', 'nice beginner scope', 'perfect fit for our home']",0
Which of the following review snippets best expresses a 'positive' sentiment on the 'performance' aspect of a capacitor product? ,"['ceiling fan runs like new again', 'make a nice accent', 'fits in a roomy', 'Very sturdy material']",0
Which of the following review snippets best expresses a 'positive' sentiment on the 'performance' aspect of a capacitor product? ,"['Great fit', 'Worked great', 'Soft', 'really soft']",1
Which of the following review snippets best expresses a 'positive' sentiment on the 'ease of assembly' aspect of a hammock product? ,"[""product didn't last us"", 'easy to assemble', 'Very nice product', 'Cute']",1
A customer wants to write a review on a(n) hammock product to express his positive sentiment on the aspect of ease of assembly. Which of the following snippets is most likely to be written by the customer?,"['Works fine', 'Nice and complete little camping', 'take down is easy as pie', 'compact']",2
A customer wants to write a review on a(n) hammock product to express his positive sentiment on the aspect of comfort. Which of the following snippets is most likely to be written by the customer?,"['very comfortable', 'worked great', 'So adorable', 'play beautifully']",0
A customer wants to write a review on a(n) hammock product to express his positive sentiment on the aspect of comfort. Which of the following snippets is most likely to be written by the customer?,"['Great quality', 'comfortable', 'feel sturdy', 'paper instructions were easy to follow']",1
Which of the following review snippets best expresses a 'positive' sentiment on the 'quality' aspect of a hammock product? ,"['Works GREAT', 'printing quality is not good', 'bright white', 'colors are as seen in the picture']",0
A customer wants to write a review on a(n) hammock product to express his positive sentiment on the aspect of quality. Which of the following snippets is most likely to be written by the customer?,"['seems to be playing well', 'easy it is to use', 'survived fine with no tears', 'adjusts a lot']",2
Which of the following review snippets best expresses a 'positive' sentiment on the 'quality' aspect of a wheel product? ,"['Great colors', 'well made', 'Weak', 'comfortable']",1
Which of the following review snippets best expresses a 'positive' sentiment on the 'quality' aspect of a wheel product? ,"['drivers keep failing for no reason', 'assembles easily', 'quite heavy duty', 'softness were all good otherwise']",2
A customer wants to write a review on a(n) magnifier product to express his positive sentiment on the aspect of quality. Which of the following snippets is most likely to be written by the customer?,"['unique combination of a trendy baseball cap', 'Does not work', 'Awesome for puzzles', 'it still works great']",2
A customer wants to write a review on a(n) magnifier product to express his positive sentiment on the aspect of quality. Which of the following snippets is most likely to be written by the customer?,"['gorgeous', 'Cheap plastic aluminum like material', 'Super cute', 'great product']",3
Which of the following review snippets best expresses a 'positive' sentiment on the 'performance' aspect of a magnifier product? ,"['pants and the coat were nice', 'well made hawkbill knife', 'excellent cooler built well', 'Very good']",3
Which of the following review snippets best expresses a 'positive' sentiment on the 'performance' aspect of a magnifier product? ,"['comfortable', 'sturdy', 'works great', 'brilliant product']",2
Which of the following review snippets best expresses a 'positive' sentiment on the 'appearance' aspect of a toy figure product? ,"['Great light weight ladder', 'beautiful', 'Great for holding my work ID', 'Heavy duty']",1
A customer wants to write a review on a(n) toy figure product to express his positive sentiment on the aspect of appearance. Which of the following snippets is most likely to be written by the customer?,"['inexpensive', 'quality seems a-ok', 'Great product', 'Super cute']",3
A customer wants to write a review on a(n) spark plug product to express his positive sentiment on the aspect of quality. Which of the following snippets is most likely to be written by the customer?,"['it still works great', 'started up fine', 'ankle is just tight enough to be comfortable', 'Works fine']",3
A customer wants to write a review on a(n) spark plug product to express his positive sentiment on the aspect of quality. Which of the following snippets is most likely to be written by the customer?,"['performs nicely', 'good replacement', 'Super soft', 'Very soft']",1
A customer wants to write a review on a(n) spark plug product to express his positive sentiment on the aspect of performance. Which of the following snippets is most likely to be written by the customer?,"['preformed perfectly', 'really well made product', 'Good quality', 'Very sturdy']",0
Which of the following review snippets best expresses a 'positive' sentiment on the 'performance' aspect of a spark plug product? ,"['Good paint', 'it works great', 'Good quality', 'So adorable']",1
A customer wants to write a review on a(n) wind chime product to express his positive sentiment on the aspect of appearance. Which of the following snippets is most likely to be written by the customer?,"['Beautiful', 'Lightweight', 'work wonderfully', 'softness were all good otherwise']",0
A customer wants to write a review on a(n) wind chime product to express his positive sentiment on the aspect of appearance. Which of the following snippets is most likely to be written by the customer?,"['Solid wrap', 'glittery', 'very nice for the price', 'great towels']",1
A customer wants to write a review on a(n) wind chime product to express his positive sentiment on the aspect of quality. Which of the following snippets is most likely to be written by the customer?,"['play beautifully', 'Looks great', 'colors are beautiful', 'Great amplifier']",0
A customer wants to write a review on a(n) wind chime product to express his positive sentiment on the aspect of quality. Which of the following snippets is most likely to be written by the customer?,"['fit so well', 'cute', 'Wonderful', 'soft']",2
A customer wants to write a review on a(n) wind chime product to express his positive sentiment on the aspect of sound quality. Which of the following snippets is most likely to be written by the customer?,"['fit so well', 'great little hub for USB-C', 'Very nice wind chime', 'performs nicely']",2
Which of the following review snippets best expresses a 'positive' sentiment on the 'sound quality' aspect of a wind chime product? ,"['sturdy', 'Not sturdy at all', 'Nice and complete little camping', 'soft to the ear sound']",3
A customer wants to write a review on a(n) skirt product to express his positive sentiment on the aspect of comfort. Which of the following snippets is most likely to be written by the customer?,"['affordable', 'Super cute', 'material makes it super comfy', 'Looks good']",2
Which of the following review snippets best expresses a 'positive' sentiment on the 'comfort' aspect of a skirt product? ,"['sturdy', 'beautiful addition to my home', 'nice arm rail', 'comfortable']",3
Which of the following review snippets best expresses a 'negative' sentiment on the 'fit' aspect of a skirt product? ,"['poor fit', 'Super soft', 'Nice bench', 'feels like it could last a while']",0
A customer wants to write a review on a(n) skirt product to express his negative sentiment on the aspect of fit. Which of the following snippets is most likely to be written by the customer?,"['deep sound reproduction', 'Great Quality', 'fits loosely around my midsection', 'worked great']",2
Which of the following review snippets best expresses a 'positive' sentiment on the 'performance' aspect of a timer product? ,"['work wonderfully', 'Really soft', 'Solid wrap', 'reasonable price']",0
Which of the following review snippets best expresses a 'positive' sentiment on the 'performance' aspect of a timer product? ,"['worked great', 'it does the job', 'ability to take photos with the iPhone', 'works with detangling curl']",1
Which of the following review snippets best expresses a 'positive' sentiment on the 'quality' aspect of a multiport hub product? ,"['great little hub for USB-C', 'looked so cozy', 'works great for charging phones', 'timer works great']",0
A customer wants to write a review on a(n) multiport hub product to express his positive sentiment on the aspect of quality. Which of the following snippets is most likely to be written by the customer?,"['perfect coat for warmth and durability', 'very cute', 'worked very well', 'beautiful']",2
A customer wants to write a review on a(n) multiport hub product to express his positive sentiment on the aspect of performance. Which of the following snippets is most likely to be written by the customer?,"['works great', 'very soft', 'frame is sturdy', 'Light']",0
A customer wants to write a review on a(n) multiport hub product to express his positive sentiment on the aspect of performance. Which of the following snippets is most likely to be written by the customer?,"['Good Quality', 'price and quality is phenomenal', 'Worked well for few months', 'amazing material']",2
Which of the following review snippets best expresses a 'positive' sentiment on the 'quality' aspect of a tweezer product? ,"['can contain a lot of toys', 'Packs down super small', 'These tweezers are incredible', 'Really soft']",2
A customer wants to write a review on a(n) tweezer product to express his positive sentiment on the aspect of quality. Which of the following snippets is most likely to be written by the customer?,"['grab fine hairs without cutting them', 'poor fit', 'comfortable', 'Packs down super small']",0
A customer wants to write a review on a(n) mechanical bearing product to express his positive sentiment on the aspect of quality. Which of the following snippets is most likely to be written by the customer?,"['started up fine', 'great bang for your buck', ""WAY too tight for a man's head"", 'decent bearings']",3
Which of the following review snippets best expresses a 'positive' sentiment on the 'quality' aspect of a mechanical bearing product? ,"['Great balls for every occasion', 'soft to the ear sound', 'it still works great', 'make a nice accent']",0
Which of the following review snippets best expresses a 'positive' sentiment on the 'value' aspect of a camera film product? ,"['Nice for our Halloween decor', 'holds more toys', 'Good value', 'durable']",2
Which of the following review snippets best expresses a 'positive' sentiment on the 'value' aspect of a camera film product? ,"['fits great', 'value was great', 'work wonderfully', 'good corner toaster with quality features']",1
A customer wants to write a review on a(n) electromechanical gauge product to express his positive sentiment on the aspect of quality. Which of the following snippets is most likely to be written by the customer?,"['great little stove for the money', 'leaking ink everywhere', 'drivers keep failing for no reason', 'looks pretty rugged']",3
Which of the following review snippets best expresses a 'positive' sentiment on the 'quality' aspect of a electromechanical gauge product? ,"['Great quality for price', 'great size', 'plug and play', 'works great']",3
Which of the following review snippets best expresses a 'positive' sentiment on the 'color' aspect of a ink fluid product? ,"['nice ink yes', 'sleek looking', 'pitch is rich and true', 'paper quality is nice']",0
A customer wants to write a review on a(n) ink fluid product to express his positive sentiment on the aspect of color. Which of the following snippets is most likely to be written by the customer?,"['felt sturdy', 'These inks are pretty nice', 'Nice suit', 'Great fit']",1
Which of the following review snippets best expresses a 'positive' sentiment on the 'weight' aspect of a air mattress product? ,"['ceiling fan runs like new again', 'amazingly priced', 'no longer thermal throttles', 'Lightweight']",3
A customer wants to write a review on a(n) air mattress product to express his positive sentiment on the aspect of weight. Which of the following snippets is most likely to be written by the customer?,"['lightweight', 'Very Nice', 'design is a classic', 'best earplugs']",0
A customer wants to write a review on a(n) boxing glove product to express his positive sentiment on the aspect of quality. Which of the following snippets is most likely to be written by the customer?,"['Durable', 'head unit is fairly good', 'leaking ink everywhere', 'Fully adjustable with a pocket']",0
Which of the following review snippets best expresses a 'positive' sentiment on the 'quality' aspect of a boxing glove product? ,"['really durable', 'piece is just beautiful', 'Best color', 'Perfect match to a cabinet']",0
Which of the following review snippets best expresses a 'negative' sentiment on the 'fit' aspect of a sweatband product? ,"['Weak', 'fits great', 'work well', 'way to tight']",3
Which of the following review snippets best expresses a 'negative' sentiment on the 'fit' aspect of a sweatband product? ,"['Quality Cooler', 'great product', 'really loose', 'nicely made']",2
Which of the following review snippets best expresses a 'positive' sentiment on the 'size' aspect of a storage box product? ,"['Well Made', 'tad short on him', 'holds more toys', 'soft']",2
Which of the following review snippets best expresses a 'positive' sentiment on the 'size' aspect of a storage box product? ,"['can contain a lot of toys', 'Colors are vibrant', 'nice earrings', 'looks cute']",0
Which of the following review snippets best expresses a 'positive' sentiment on the 'quality' aspect of a storage box product? ,"['sleek looking', 'easy to assemble', 'roomy', 'Well built']",3
Which of the following review snippets best expresses a 'positive' sentiment on the 'quality' aspect of a storage box product? ,"['works flawlessly', 'works as desired', 'durable it is', 'beautiful box']",2
Which of the following review snippets best expresses a 'positive' sentiment on the 'appearance' aspect of a storage box product? ,"['Strong', 'ankle is just tight enough to be comfortable', 'love the vintage look', 'Not cheaply made']",2
Which of the following review snippets best expresses a 'positive' sentiment on the 'appearance' aspect of a storage box product? ,"['Love the warmth and fit', 'not super solid', 'beautiful box', 'worked wonderfully in Spain and France']",2
A customer wants to write a review on a(n) badge holder product to express his positive sentiment on the aspect of quality. Which of the following snippets is most likely to be written by the customer?,"['looks good', 'Good value', 'lights up nicely', 'sturdy']",3
A customer wants to write a review on a(n) badge holder product to express his positive sentiment on the aspect of quality. Which of the following snippets is most likely to be written by the customer?,"['it looks great', 'quality of these lanyards', 'Good amount for the money', 'cute as heck']",1
A customer wants to write a review on a(n) bottle product to express his positive sentiment on the aspect of size. Which of the following snippets is most likely to be written by the customer?,"['very nice for the price', 'fits in one carrying case', 'very cute', 'Very nice product']",1
A customer wants to write a review on a(n) bottle product to express his positive sentiment on the aspect of size. Which of the following snippets is most likely to be written by the customer?,"['Made of sturdy durable hard rubber', 'super silky', 'size and quality', 'Beautiful']",2
A customer wants to write a review on a(n) pants product to express his positive sentiment on the aspect of comfort. Which of the following snippets is most likely to be written by the customer?,"['very comfortable', 'colors are as seen in the picture', 'it works great', 'Very nice']",0
A customer wants to write a review on a(n) pants product to express his positive sentiment on the aspect of comfort. Which of the following snippets is most likely to be written by the customer?,"['Cute', 'Awesome', 'colors are as seen in the picture', 'Super comfy']",3
A customer wants to write a review on a(n) flash memory product to express his positive sentiment on the aspect of quality. Which of the following snippets is most likely to be written by the customer?,"['convenient size', ""product didn't last us"", 'Pretty', 'Poor quality']",0
Which of the following review snippets best expresses a 'positive' sentiment on the 'quality' aspect of a flash memory product? ,"['sleek looking', 'durable', 'poles bent at the slightest wind', 'lightweight']",1
Which of the following review snippets best expresses a 'positive' sentiment on the 'sturdiness' aspect of a ladder product? ,"['Works great', 'still working without any problems', 'Simple', 'build quality']",3
Which of the following review snippets best expresses a 'positive' sentiment on the 'sturdiness' aspect of a ladder product? ,"['it does the job', 'hair is very soft', 'Extremely sturdy', 'working fine for several weeks now']",2
A customer wants to write a review on a(n) ladder product to express his positive sentiment on the aspect of weight. Which of the following snippets is most likely to be written by the customer?,"['Soft', 'easy to use', 'Great light weight ladder', 'Great big calendar']",2
Which of the following review snippets best expresses a 'positive' sentiment on the 'weight' aspect of a ladder product? ,"['Good quality', 'Light', 'Simple', 'working fine for several weeks now']",1
A customer wants to write a review on a(n) comb product to express his positive sentiment on the aspect of quality. Which of the following snippets is most likely to be written by the customer?,"['Very soft', 'Fits great', 'very helpful', 'go well with other furniture']",2
Which of the following review snippets best expresses a 'positive' sentiment on the 'quality' aspect of a comb product? ,"['table looks nice enough', 'affordable', 'colors are neutral', 'good materials']",3
Which of the following review snippets best expresses a 'positive' sentiment on the 'value' aspect of a pillow product? ,"['amazingly priced', 'affordable', 'comfortable', 'deep sound reproduction']",1
Which of the following review snippets best expresses a 'positive' sentiment on the 'value' aspect of a pillow product? ,"['awesome pillows for the price', 'Very nice', 'blade shows up very sharp', 'Cute']",0
Which of the following review snippets best expresses a 'positive' sentiment on the 'value' aspect of a snowshoe product? ,"['Sooooooo soft', 'thermal pad is great', 'cheaper than others', 'plain black']",2
Which of the following review snippets best expresses a 'positive' sentiment on the 'value' aspect of a snowshoe product? ,"['great bang for your buck', 'nice beginner scope', 'poles bent', 'amazing material']",0
A customer wants to write a review on a(n) vest product to express his positive sentiment on the aspect of appearance. Which of the following snippets is most likely to be written by the customer?,"['poor quality bands', 'Great looking quality vest', 'very comfortable', 'Good product']",1
Which of the following review snippets best expresses a 'positive' sentiment on the 'appearance' aspect of a vest product? ,"['easy to navigate', 'very fun to look at the moon', 'works great', 'colors are beautiful']",3
A customer wants to write a review on a(n) vest product to express his positive sentiment on the aspect of fit. Which of the following snippets is most likely to be written by the customer?,"['Good quality', 'too cute', 'It works great', 'totally adjustable']",3
Which of the following review snippets best expresses a 'positive' sentiment on the 'fit' aspect of a vest product? ,"['full of personality', 'Fully adjustable with a pocket', 'work well', 'great size']",1
Which of the following review snippets best expresses a 'positive' sentiment on the 'quality' aspect of a towel product? ,"[""item doesn't work with my 2012 Macbook Pro"", 'Nice enough towel', 'ability to take photos with the iPhone', 'Works great']",1
Which of the following review snippets best expresses a 'positive' sentiment on the 'quality' aspect of a towel product? ,"['compact', 'very accessible', 'tassels have held up without fraying', 'leaking ink everywhere']",2
A customer wants to write a review on a(n) leotard product to express his positive sentiment on the aspect of quality. Which of the following snippets is most likely to be written by the customer?,"['poor quality bands', 'nicely made', 'look very natural', 'worked perfectly']",1
Which of the following review snippets best expresses a 'positive' sentiment on the 'quality' aspect of a leotard product? ,"['Cute', 'Great quality', 'Beautiful', 'Work well in my car']",1
A customer wants to write a review on a(n) axe product to express his positive sentiment on the aspect of quality. Which of the following snippets is most likely to be written by the customer?,"['little stars are adorable', 'fit so well', 'High and low temp alerts', 'coating seems very durable']",3
Which of the following review snippets best expresses a 'positive' sentiment on the 'quality' aspect of a axe product? ,"['thermal pad is great', 'Very nice', 'secures well', 'Looks good']",2
Which of the following review snippets best expresses a 'positive' sentiment on the 'comfort' aspect of a sweatshirt product? ,"['not super solid', 'Really soft', 'play beautifully', 'beautiful']",1
A customer wants to write a review on a(n) sweatshirt product to express his positive sentiment on the aspect of comfort. Which of the following snippets is most likely to be written by the customer?,"['Quality Cooler', 'well made', ""product didn't last us"", 'comfortable']",3
Which of the following review snippets best expresses a 'positive' sentiment on the 'fit' aspect of a sweatshirt product? ,"['well made hawkbill knife', 'Low quality', 'idea is cute', 'fits in a roomy']",3
A customer wants to write a review on a(n) sweatshirt product to express his positive sentiment on the aspect of fit. Which of the following snippets is most likely to be written by the customer?,"['bristles were rough', 'softness were all good otherwise', 'Love the warmth and fit', 'Sheath is well designed']",2
Which of the following review snippets best expresses a 'positive' sentiment on the 'quality' aspect of a sweatshirt product? ,"['Pretty color', 'so well put together', 'ankle is just tight enough to be comfortable', 'Sooooooo soft']",1
Which of the following review snippets best expresses a 'positive' sentiment on the 'quality' aspect of a sweatshirt product? ,"['Light weight', 'great little stove for the money', 'can contain a lot of toys', 'Good material']",3
Which of the following review snippets best expresses a 'positive' sentiment on the 'fit' aspect of a underwears product? ,"['great little stove for the money', 'fit so well', 'beautiful wig', 'sounds good']",1
A customer wants to write a review on a(n) underwears product to express his positive sentiment on the aspect of fit. Which of the following snippets is most likely to be written by the customer?,"['accurate sizing', 'design is a classic', 'well made', 'Nicely looking']",0
Which of the following review snippets best expresses a 'positive' sentiment on the 'quality' aspect of a gaming dice product? ,"['very accurate', 'great condition', 'looks very nice', 'Good paint']",3
A customer wants to write a review on a(n) gaming dice product to express his positive sentiment on the aspect of quality. Which of the following snippets is most likely to be written by the customer?,"['lightweight', 'Beautiful', 'Easy to assemble', 'Very Nice']",3
A customer wants to write a review on a(n) blanket product to express his positive sentiment on the aspect of comfort. Which of the following snippets is most likely to be written by the customer?,"['made me feel glamorous all evening', 'value was great', 'Great for holding my work ID', 'so soft']",3
Which of the following review snippets best expresses a 'positive' sentiment on the 'comfort' aspect of a blanket product? ,"['Great balls for every occasion', 'Fits the bed great', ""pump didn't work"", 'great product']",1
Which of the following review snippets best expresses a 'positive' sentiment on the 'appearance' aspect of a trailer hitch cover product? ,"[""It won't print out high res photos"", 'this matches perfectly', 'Good quality', 'awesome pillows for the price']",1
Which of the following review snippets best expresses a 'positive' sentiment on the 'appearance' aspect of a trailer hitch cover product? ,"['Great dice', 'Nice', 'very good quality', 'Perfect quality']",1
A customer wants to write a review on a(n) thermometer product to express his positive sentiment on the aspect of accuracy. Which of the following snippets is most likely to be written by the customer?,"['Nice bench', ""It's accurate"", 'blade cut thru small branches better', 'way to tight']",1
Which of the following review snippets best expresses a 'positive' sentiment on the 'accuracy' aspect of a thermometer product? ,"['works flawlessly', 'accurate', 'beautifully made', 'Very good']",1
Which of the following review snippets best expresses a 'positive' sentiment on the 'ease of use' aspect of a thermometer product? ,"['great condition', 'So plush', 'Simple', 'quite heavy duty']",2
A customer wants to write a review on a(n) thermometer product to express his positive sentiment on the aspect of ease of use. Which of the following snippets is most likely to be written by the customer?,"['perfect coat for warmth and durability', 'easy to use', 'it works great', 'ran flawlessly']",1
A customer wants to write a review on a(n) rug product to express his positive sentiment on the aspect of quality. Which of the following snippets is most likely to be written by the customer?,"['beautiful', 'Fits great', 'good quality for the price', 'very nice']",2
Which of the following review snippets best expresses a 'positive' sentiment on the 'quality' aspect of a rug product? ,"['WORST printer', 'made me feel glamorous all evening', 'very comfortable', 'Good quality']",3
Which of the following review snippets best expresses a 'positive' sentiment on the 'color' aspect of a rug product? ,"['works as desired', ""It's accurate"", 'bold colors', 'really soft']",2
Which of the following review snippets best expresses a 'positive' sentiment on the 'color' aspect of a rug product? ,"['it looks great', 'Poor quality', 'Very soft', 'quite heavy duty']",0
Which of the following review snippets best expresses a 'positive' sentiment on the 'quality' aspect of a weightlifting belt product? ,"['value was great', 'lightweight', 'Pretty enough', 'Great belt']",3
Which of the following review snippets best expresses a 'positive' sentiment on the 'quality' aspect of a weightlifting belt product? ,"['very good', 'Love the color', 'Great product', 'Works']",3
A customer wants to write a review on a(n) suit product to express his positive sentiment on the aspect of appearance. Which of the following snippets is most likely to be written by the customer?,"['frame is sturdy', 'seems to be good quality', 'durable it is', 'looks good']",3
Which of the following review snippets best expresses a 'positive' sentiment on the 'appearance' aspect of a suit product? ,"['very sturdy', 'looks very nice', 'so well put together', 'material is perfect for the project']",1
Which of the following review snippets best expresses a 'positive' sentiment on the 'quality' aspect of a suit product? ,"['beautiful wig', 'looks good', 'Very well made', 'very nice']",2
A customer wants to write a review on a(n) suit product to express his positive sentiment on the aspect of quality. Which of the following snippets is most likely to be written by the customer?,"['Nice suit', ""item doesn't work with my 2012 Macbook Pro"", 'poor quality bands', 'Great colors']",0
Which of the following review snippets best expresses a 'negative' sentiment on the 'fit' aspect of a suit product? ,"['well made', 'Durable', 'bit snugg', 'overall look to her']",2
Which of the following review snippets best expresses a 'negative' sentiment on the 'fit' aspect of a suit product? ,"['no issues', 'commensurate quality', ""these didn't taper and weren't very form fitting"", 'Beautiful']",2
Which of the following review snippets best expresses a 'positive' sentiment on the 'quality' aspect of a electronic wire product? ,"['work well', 'Beautiful', 'good quality', 'works like my old gas stove']",2
A customer wants to write a review on a(n) electronic wire product to express his positive sentiment on the aspect of quality. Which of the following snippets is most likely to be written by the customer?,"['Windows app works well', 'Good quality wire', 'work wonderfully', 'can contain a lot of toys']",1
Which of the following review snippets best expresses a 'positive' sentiment on the 'appearance' aspect of a ring product? ,"['Easy to learn and play', 'works good', 'ring is so shiny', 'quite heavy duty']",2
A customer wants to write a review on a(n) ring product to express his positive sentiment on the aspect of appearance. Which of the following snippets is most likely to be written by the customer?,"['Cute', 'adjustable light', 'cheaper than others', 'great overall']",0
Which of the following review snippets best expresses a 'positive' sentiment on the 'quality' aspect of a ring product? ,"['pants and the coat were nice', 'Great quality for price', 'stone that will last a long time', 'Does not work']",2
A customer wants to write a review on a(n) ring product to express his positive sentiment on the aspect of quality. Which of the following snippets is most likely to be written by the customer?,"[""WAY too tight for a man's head"", 'easy to adjust to your head', ""item doesn't work with my 2012 Macbook Pro"", 'sturdy']",3
Which of the following review snippets best expresses a 'positive' sentiment on the 'appearance' aspect of a tunic product? ,"['cute shirt', 'Product is lightweight', 'Great product', 'very helpful']",0
Which of the following review snippets best expresses a 'positive' sentiment on the 'appearance' aspect of a tunic product? ,"['Works great', 'looks cute', 'easy to use', 'good quality tool']",1
A customer wants to write a review on a(n) apparel pin product to express his positive sentiment on the aspect of appearance. Which of the following snippets is most likely to be written by the customer?,"['totally adjustable', 'piece is just beautiful', 'rope is sturdy', 'good grade of webbing']",1
Which of the following review snippets best expresses a 'positive' sentiment on the 'appearance' aspect of a apparel pin product? ,"['Good product', 'well made', 'hold up well', 'really cute']",3
Which of the following review snippets best expresses a 'positive' sentiment on the 'appearance' aspect of a wall decor product? ,"['accented the room beyond perfectly', 'can take a few beatings no problem', 'great hat to make me comfortable', 'cheaper than others']",0
A customer wants to write a review on a(n) wall decor product to express his positive sentiment on the aspect of appearance. Which of the following snippets is most likely to be written by the customer?,"['made me feel glamorous all evening', 'Good quality', 'Printer runs out of ink', 'tapestry is very pretty']",3
Which of the following review snippets best expresses a 'positive' sentiment on the 'quality' aspect of a golf club product? ,"['price was good for the product', 'milled face is holding up well', 'work wonderfully', 'Works great']",1
A customer wants to write a review on a(n) golf club product to express his positive sentiment on the aspect of quality. Which of the following snippets is most likely to be written by the customer?,"['this matches perfectly', 'compact', 'very good quality', 'Comfy']",2
Which of the following review snippets best expresses a 'positive' sentiment on the 'color' aspect of a banner product? ,"['Great fit', 'Not sturdy at all', 'nice color', 'paper instructions were easy to follow']",2
A customer wants to write a review on a(n) banner product to express his positive sentiment on the aspect of color. Which of the following snippets is most likely to be written by the customer?,"['went perfect with our Hawaiian theme', 'Very soft', 'nice arm rail', 'totally adjustable']",0
Which of the following review snippets best expresses a 'positive' sentiment on the 'appearance' aspect of a banner product? ,"['compact', 'well made', 'Looks great', 'great bang for your buck']",2
Which of the following review snippets best expresses a 'positive' sentiment on the 'appearance' aspect of a banner product? ,"['Nice suit', 'they are cheap', 'beautiful', 'very comfortable']",2
A customer wants to write a review on a(n) banner product to express his positive sentiment on the aspect of quality. Which of the following snippets is most likely to be written by the customer?,"['sleek looking', 'High quality material', 'totally adjustable', 'High and low temp alerts']",1
A customer wants to write a review on a(n) banner product to express his positive sentiment on the aspect of quality. Which of the following snippets is most likely to be written by the customer?,"['bit snugg', 'sound is really good', 'works great', 'one of the best flags']",3
Which of the following review snippets best expresses a 'positive' sentiment on the 'quality' aspect of a facial tissue product? ,"['lightweight', 'not super solid', 'Good Quality', 'beautiful box']",2
A customer wants to write a review on a(n) facial tissue product to express his positive sentiment on the aspect of quality. Which of the following snippets is most likely to be written by the customer?,"['very strong', 'comfy', 'full of personality', 'hair is very soft']",0
A customer wants to write a review on a(n) sculpture product to express his positive sentiment on the aspect of appearance. Which of the following snippets is most likely to be written by the customer?,"['Great intro telescope', 'adjusts a lot', 'cute as heck', 'toasts effectively']",2
A customer wants to write a review on a(n) sculpture product to express his positive sentiment on the aspect of appearance. Which of the following snippets is most likely to be written by the customer?,"['feel good', ""product didn't last us"", 'Very cute', 'software is beyond simple to use']",2
A customer wants to write a review on a(n) clasp product to express his positive sentiment on the aspect of quality. Which of the following snippets is most likely to be written by the customer?,"['Beautiful Calendar', 'great hat to make me comfortable', 'very comfortable', 'Great quality']",3
Which of the following review snippets best expresses a 'positive' sentiment on the 'quality' aspect of a clasp product? ,"['well made', 'Good product', 'built-in mic works fine', 'little stars are adorable']",1
Which of the following review snippets best expresses a 'positive' sentiment on the 'quality' aspect of a sport target product? ,"['Easy to learn and play', 'Made of sturdy durable hard rubber', 'it works great', 'Very nice']",1
A customer wants to write a review on a(n) sport target product to express his positive sentiment on the aspect of quality. Which of the following snippets is most likely to be written by the customer?,"['Worked well for few months', 'deep sound reproduction', 'works great', 'good quality']",3
Which of the following review snippets best expresses a 'negative' sentiment on the 'quality' aspect of a vehicle mirror product? ,"['sleek looking', 'Works GREAT', 'Great light weight ladder', 'not super solid']",3
Which of the following review snippets best expresses a 'negative' sentiment on the 'quality' aspect of a vehicle mirror product? ,"['High quality', 'Low quality', 'amazingly priced', 'like the hang and heft']",1
A customer wants to write a review on a(n) necklace product to express his positive sentiment on the aspect of quality. Which of the following snippets is most likely to be written by the customer?,"[""WAY too tight for a man's head"", 'Great quality', 'works great', 'bristles were rough']",1
A customer wants to write a review on a(n) necklace product to express his positive sentiment on the aspect of quality. Which of the following snippets is most likely to be written by the customer?,"['Worked well for few months', 'soft to the ear sound', 'excellent craftsmanship', 'such great colors']",2
Which of the following review snippets best expresses a 'positive' sentiment on the 'appearance' aspect of a necklace product? ,"['material itself has been holding up', ""mouth isn't so wide"", ""these didn't taper and weren't very form fitting"", 'Dainty']",3
Which of the following review snippets best expresses a 'positive' sentiment on the 'appearance' aspect of a necklace product? ,"['beautiful', 'adjustable light', 'bit snugg', 'softness were all good otherwise']",0
Which of the following review snippets best expresses a 'positive' sentiment on the 'comfort' aspect of a coat product? ,"['Product is lightweight', 'perfect coat for warmth and durability', 'Feels sturdy', 'excellent cooler built well']",1
A customer wants to write a review on a(n) coat product to express his positive sentiment on the aspect of comfort. Which of the following snippets is most likely to be written by the customer?,"['very soft', 'very pretty', 'Great item', 'fun game']",0
Which of the following review snippets best expresses a 'positive' sentiment on the 'comfort' aspect of a robe product? ,"['Packs down super small', 'Fits great', 'Nice bench', 'plush']",3
A customer wants to write a review on a(n) robe product to express his positive sentiment on the aspect of comfort. Which of the following snippets is most likely to be written by the customer?,"['soft', 'they stand out', 'last a decent amount of time', 'Really great']",0
A customer wants to write a review on a(n) robe product to express his positive sentiment on the aspect of quality. Which of the following snippets is most likely to be written by the customer?,"['looks cute', 'adjustable light', 'Perfect quality', 'compact']",2
Which of the following review snippets best expresses a 'positive' sentiment on the 'quality' aspect of a robe product? ,"['happy with the quality', 'great little stove for the money', 'easy to adjust to your head', 'beautiful']",0
Which of the following review snippets best expresses a 'positive' sentiment on the 'appearance' aspect of a lamp product? ,"['gorgeous', 'bit snugg', 'Well built', 'slight sheen']",0
A customer wants to write a review on a(n) lamp product to express his positive sentiment on the aspect of appearance. Which of the following snippets is most likely to be written by the customer?,"['WORST printer', 'bright white', 'very nice', 'artistry is truly amazing']",2
Which of the following review snippets best expresses a 'positive' sentiment on the 'brightness' aspect of a lamp product? ,"['way to tight', 'Very nice product', 'lit up the room perfect', 'Works great']",2
Which of the following review snippets best expresses a 'positive' sentiment on the 'brightness' aspect of a lamp product? ,"['lights up nicely', 'perfect coat for warmth and durability', 'Love the warmth and fit', 'price was good for the product']",0
A customer wants to write a review on a(n) suspender product to express his positive sentiment on the aspect of quality. Which of the following snippets is most likely to be written by the customer?,"['adjustable light', 'Ink runs out too soon', 'Elastic is very resilient', 'very comfortable']",2
Which of the following review snippets best expresses a 'positive' sentiment on the 'quality' aspect of a suspender product? ,"['printing quality is not good', 'Heavy duty', 'build quality', 'extremely comfortable']",1
Which of the following review snippets best expresses a 'negative' sentiment on the 'quality' aspect of a keychain product? ,"['Poor quality', 'last a decent amount of time', 'Very nice', 'Great quality for price']",0
Which of the following review snippets best expresses a 'negative' sentiment on the 'quality' aspect of a keychain product? ,"['Cheap plastic aluminum like material', 'fits in one carrying case', 'easy to use', 'wrapped to shreds']",0
Which of the following review snippets best expresses a 'positive' sentiment on the 'comfort' aspect of a hat product? ,"['Product is lightweight', 'fits in one carrying case', 'worked very well', 'very comfortable']",3
Which of the following review snippets best expresses a 'positive' sentiment on the 'comfort' aspect of a hat product? ,"['fax is a breeze', 'great hat to make me comfortable', 'kind of perfect', 'Fits great']",1
Which of the following review snippets best expresses a 'positive' sentiment on the 'quality' aspect of a saw product? ,"['good for a contractor saw', 'very nice case', 'lights up nicely', 'lit up the room perfect']",0
A customer wants to write a review on a(n) saw product to express his positive sentiment on the aspect of quality. Which of the following snippets is most likely to be written by the customer?,"['last a decent amount of time', ""pump didn't work"", 'awesome considering the price', 'top waist is very comfortable']",0
A customer wants to write a review on a(n) signage product to express his positive sentiment on the aspect of quality. Which of the following snippets is most likely to be written by the customer?,"['super silky', 'Looks great', 'great quality sign', 'work well']",2
Which of the following review snippets best expresses a 'positive' sentiment on the 'quality' aspect of a signage product? ,"['started up fine', ""it's working perfectly"", 'Durable', 'gorgeous']",2
Which of the following review snippets best expresses a 'positive' sentiment on the 'appearance' aspect of a tie product? ,"['effect was beautiful', 'ceiling fan runs like new again', 'very accessible', 'better made than expected']",0
A customer wants to write a review on a(n) tie product to express his positive sentiment on the aspect of appearance. Which of the following snippets is most likely to be written by the customer?,"['paisley detail makes it stunning', 'Fits great', 'well made', 'nice ink yes']",0
A customer wants to write a review on a(n) shoes product to express his positive sentiment on the aspect of comfort. Which of the following snippets is most likely to be written by the customer?,"['very nice case', 'do not work at all', 'easy to adjust to your head', 'super comfy']",3
Which of the following review snippets best expresses a 'positive' sentiment on the 'comfort' aspect of a shoes product? ,"['easy to use', 'fit as expected', 'paisley detail makes it stunning', 'paper quality is nice']",1
Which of the following review snippets best expresses a 'positive' sentiment on the 'performance' aspect of a battery product? ,"['Great quality', 'Works great', 'easy it is to use', 'perfect fit for our home']",1
A customer wants to write a review on a(n) battery product to express his positive sentiment on the aspect of performance. Which of the following snippets is most likely to be written by the customer?,"['secures well', 'Work well in my car', 'soft', 'effect was beautiful']",1
A customer wants to write a review on a(n) cuff link product to express his positive sentiment on the aspect of appearance. Which of the following snippets is most likely to be written by the customer?,"['comfortable', 'lasts a very long time', 'Beautiful', 'great little hub for USB-C']",2
A customer wants to write a review on a(n) cuff link product to express his positive sentiment on the aspect of appearance. Which of the following snippets is most likely to be written by the customer?,"['Confortable', 'Great comfort', 'very nice case', 'Weak']",2
