question,choices,answer
"The product 'Hulled Organic Buckwheat Kasha -Toasted-Non-GMO, Vegan, Bulk (7LB)' appears on an e-commerce website.  Is it non-vegetarian, vegetarian, or vegan? ","['vegetarian', 'It cannot be inferred.', 'non-vegetarian', 'vegan']",3
The product 'EVH Striped Series Shark - Burgundy with Silver Stripes' appears on an e-commerce website.  What color is it?,"['white', 'It cannot be inferred.', 'black', 'silver|burgundy']",3
"The product 'Overnight Oats Jars with Lid and Spoon Set of 2, 10 oz Large Capacity Airtight Oatmeal Container with Measurement Marks, Mason Jars with Lid for Cereal On The Go Container ([redacted])' appears on an e-commerce website.  What color are they?","['It cannot be inferred.', 'silver', 'white', 'black']",0
"The product 'DEVAISE 7-Drawer Chest, Wood Storage Dresser Cabinet with Wheels, White' appears on an e-commerce website.  What type of finish does it have?","['It cannot be inferred.', 'metal', 'wood', 'white']",2
"The product 'LYJL Indoor and Outdoor Portable Table Foldable Table Tennis Table [redacted],Red' appears on an e-commerce website.  What color are the table tennis sets?","['It cannot be inferred.', 'white', 'black', 'red']",3
"The product 'mDesign 3 Tier Vertical Standing Bathroom Shelving Unit, Decorative Metal Storage Organizer Tower Rack Center with 3 Basket Bins to Hold and Organize Bath Towels, Hand Soap, Toiletries - Black' appears on an e-commerce website.  What type of installation is needed for it?","['freestanding', 'screw-in', 'It cannot be inferred.', 'wall mount']",0
The product 'Decorative Farm Rooster Paper Towel Holder with Barn in Rustic Country Kitchen Decor Accessories As Gifts for Farmers' appears on an e-commerce website.  What type of mounting is used in it?,"['wall', 'It cannot be inferred.', 'handlebar', 'wall mount']",1
"The product 'Full Circle ZipTuck Reusable Plastic Food and Storage Bag, Sandwich Set of 2, Palm Leaves' appears on an e-commerce website.  What is the attribute of it?","['It cannot be inferred.', 'clear', 'recyclable', 'zipper']",3
"The product 'Geloar Disco Party Decorations, Disco Party Balloons Banner Lets Boogie Disco Fever Party Decoration 70s Disco 1980s Saturday Night Fever Disco Ball Dance Birthday Party Supplies (Silver, Dicso Party)' appears on an e-commerce website.  What type of installation is needed for it?","['It cannot be inferred.', 'screw-in', 'hanging', 'free standing']",2
The product 'Junbeauty 6 Packs Pre-twisted Spring Twist Hair 14 inch Pre-Twisted Passion Twists Crochet Braids Synthetic Crochet Hair Extensions Ombre Colors Fluffy Curly Twist Braiding Hair (Black 1B#)' appears on an e-commerce website.  What color is it?,"['black', 'It cannot be inferred.', 'white', 'blue']",0
"The product 'Henf Under Sink Vanity Cabinet Bathroom Single-Sink Storage Cabinet, Free Standing Bathroom Vanity Base Cabinet with Pedestal Hole, 2-Door Space Saver Organizer (Cabinet Only)' appears on an e-commerce website.  What type of finish does it have?","['wood finish', 'It cannot be inferred.', 'white', 'black']",1
"The product 'Rule 209B Marine Rule 1600 Tournament Series Livewell Pump (1"" NPT, Female-Single Port Bronze Base),White' appears on an e-commerce website.  What is the material used to make it?","['stainless steel', 'bronze', 'It cannot be inferred.', 'plastic']",1
"The product 'SaltWorks Ancient Ocean Himalayan Pink Salt, Coarse Grain, 5 Pound Bag' appears on an e-commerce website.  Is the salt kosher? ","['It cannot be inferred.', 'kosher', 'vegan', 'not kosher']",0
"The product 'Organic A2 Whipping Cream, 12 Fl Oz' appears on an e-commerce website.  Is the cream organic? ","['non-organic', 'kosher', 'It cannot be inferred.', 'organic']",3
The product '20pcs 50mm x 25mm Double Heart Shaped Rhinestone Buckle Slider for Wedding Invitation Letter Christmas Buckles' appears on an e-commerce website.  What type of finish is used in it?,"['stainless steel', 'natural', 'polished', 'It cannot be inferred.']",3
"The product 'Rainbow Sandals Men's Premier Leather Single Layer Wide Strap with Arch, Classic Tan, Men's Small 7.5-8.5 B(M) US' appears on an e-commerce website.  What is its sole made of?","['It cannot be inferred.', 'ethylene vinyl acetate', 'leather', 'rubber, foam']",2
"The product '41 Pieces Halloween Luminous Decals Glow in Dark Wall Stickers Set, Weird Moon Bats Luminous Ghost Peeping Eyes Decorations for Halloween' appears on an e-commerce website.  What type of installation is needed for it?","['screw-in', 'peel and stick', 'It cannot be inferred.', 'wall mount']",1
"The product 'St. Croix Rods Premier Spinning Rod , Classic Black Pearl, 7'0""' appears on an e-commerce website.  What color is it?","['It cannot be inferred.', 'silver|black', 'red', 'blue']",1
"The product 'Nicorette 2 mg Nicotine Gum to Help Stop Smoking - Fruit Chill Flavored Stop Smoking Aid, 160 Count' appears on an e-commerce website.  What flavor is it gum?","['It cannot be inferred.', 'fruit chill flavor', 'cheddar', 'mint']",1
The product 'Knee High Trouser Socks w/Colorful Printed Patterns - Made in USA by Sox Trot (3 Hot Pink Party)' appears on an e-commerce website.  What are the characteristics of it?,"['colorful', 'It cannot be inferred.', 'striped', 'solid']",0
The product 'Pyrex (2) 7402-PC 6/7 Cup Blue (2) 7201-PC 4 Cup Cadet Blue (3) 7200-PC 2 Cup Blue (3) 7202-PC 1 Cup Cadet Blue Replacement Food Storage Lids' appears on an e-commerce website.  What color is it?,"['cadet blue|blue', 'It cannot be inferred.', 'black', 'white']",0
"The product 'Lily's Home Fun Toothbrush Holder for Kids - Children's Bathroom Storage Organizer for Toothpaste and Toothbrushes. Also Great Holder for Pens, Pencils and Markers (Whale)' appears on an e-commerce website.  What type of mounting is used in it?","['It cannot be inferred.', 'handlebar', 'wall', 'wall mount']",0
"The product 'wsevypo Women Sexy See Through Sheer Mesh Ruffle Pants Perspective Swimsuit Bikini Bottom Cover up Party Clubwear Pants (Orange/Small Net, XL)' appears on an e-commerce website.  What is it made of?","['It cannot be inferred.', 'polyester', 'cotton', 'plastic']",0
The product 'Accessory Pills Crusher Tablet Splitter Storage Box for Accurate Dosage for Tablet for Vitamin for Travel (Green)' appears on an e-commerce website.  What color is it?,"['white', 'blue', 'green', 'It cannot be inferred.']",2
"The product 'DHYXZCA White Circle Ceramic Vase for Decor , Circular Matte ​Hollow Donut Flower Vases Decorative Minimalist Modern Nordic Boho Style for Home Living Room Office Bedroom Table (H7.5'' × W7.1'')' appears on an e-commerce website.  What is it made of?","['plastic', 'It cannot be inferred.', 'cotton', 'ceramics']",3
"The product 'Tomatoes Sun-Dried, SUPER RED Julienne cut, Nutrient Full, Delightful, Flavorful, Vegan, Gluten-Free, Pure, Turkish, 5 lbs. (80 oz.) Vacuum packed by Presto Sales LLC' appears on an e-commerce website.  is its vegan? ","['vegetarian', 'non-vegetarian', 'It cannot be inferred.', 'vegan']",3
"The product 'UNINOVA High Visibility Safety Vest - Multi Pockets Reflective Mesh Breathable Workwear, ANSI/ISEA Standards (Small, Black Mesh-02)' appears on an e-commerce website.  What type of pattern does it have?","['reflective|striped', 'It cannot be inferred.', 'striped', 'floral']",0
The product 'Silvershake Natural Moonstone 925 Sterling Silver Victorian Style Rope Ring Size 4.5' appears on an e-commerce website.  What type of metal is used in it?,"['aluminum', 'It cannot be inferred.', 'alloy steel', 'sterling silver']",3
"The product 'Gildan Men's Crew T-Shirts, Multipack, Style G1100, White (6-Pack), Medium' appears on an e-commerce website.  What is the collar style of it?","['collarless;safety vest', 'no collar', 'crew neck', 'It cannot be inferred.']",2
"The product 'Maybelline New York Lash Discovery Waterproof Mascara, Very Black 361, 0.16 Fluid Ounce' appears on an e-commerce website.  What color is it?","['very black|black', 'It cannot be inferred.', 'white', 'red']",0
"The product 'Lint Roller 4 Pack, Resuable&Washable Lint Roller Supersize 6.9 inches, Sticky Pet Hair Remover Include Large and Small Size Cleaner for Clothes, Pet Hairs, Carseats' appears on an e-commerce website.  What color is it?","['white', 'It cannot be inferred.', 'black', 'silver']",1
The product 'Vintage White Rustic Truck Planter Decorative Tabletop Storage' appears on an e-commerce website.  What type of mounting is used in it?,"['wall mount', 'peel and stick', 'It cannot be inferred.', 'tabletop']",3
"The product 'Lugz Men's Drifter Lo Steel Toe Fashion Boot, Black, 9.5 D US' appears on an e-commerce website.  What is the toe style of its?","['It cannot be inferred.', 'open toe', 'steel toe', 'plain toe']",2
The product 'Yohom Suction Cup Towel Ring Holder Hanger Rack for Bathroom Shower Hand Dish Towel Washcloth Holder Vacuum Kitchen Storage Organizer No Drill Stainless Steel Brushed Finish' appears on an e-commerce website.  What type of installation is needed for it?,"['wall mount', 'It cannot be inferred.', 'screw-in', 'freestanding']",0
"The product 'Velaurs 12 Inch Metal Digital Photo Frame, Excellent HD 1280x800 Metal Digital Photo Frame Humanized Large Size with Bracket for Music Playback for Picture Browsing(Gold)' appears on an e-commerce website.  What is the frame of it made of?","['aluminium', 'metal', 'It cannot be inferred.', 'wood']",1
"The product 'Cordless Hot Glue Gun, Yokgrass USB Rechargeable Anti-Drip Portable Mini Melt Glue Gun Kit with 20pcs Glue Sticks for DIY Crafts, School Projects and Fast Home Repairs' appears on an e-commerce website.  What type of power source is used in it?","['corded electric, plug-in', 'It cannot be inferred.', 'battery', 'manual']",2
The product '5N11 Particulate Cotton Filter Used on 501 Filter Holder Compatible with 5P71 fits 6200/7502/6800/FF402 Respirator (20 Pcs)' appears on an e-commerce website.  What color is it?,"['silver', 'blue', 'white', 'It cannot be inferred.']",2
"The product 'Aveda Invati Advanced Shampoo 6.7 Ounce, Conditioner Scalp Revitalizer 5 Ounce, Lavender, 1 Count, 11.7 Ounce' appears on an e-commerce website.  What type of hair can be used for it?","['all', 'dry', 'It cannot be inferred.', 'all hair']",2
"The product 'Lily’s Home Beer Bottle Cap Shadow Box Game, Wall Mounted Beer Bottle Opener: Beer On Tap. Makes the Ideal Gift for the Beer Lover.' appears on an e-commerce website.  What type of finish is used in it?","['stainless steel', 'polished', 'It cannot be inferred.', 'natural']",2
The product 'American Built Pro Washing Machine Pan Undrilled Anti Flood Pan White Color Drain Pan Made of Recycled Plastic Protects Floor From Water Damages - Pack of 1' appears on an e-commerce website.  What is it made of?,"['polyester', 'stainless steel', 'It cannot be inferred.', 'plastic']",3
"The product 'Woven Serving Tray, Rattan Round Tray, Wicker Serving Basket with Wooden Handles (12.6 inch / 32cm)' appears on an e-commerce website.  What type of finish is used in it?","['It cannot be inferred.', 'polished', 'wooden finish', 'natural']",2
"The product 'ActiWe Electric Wheelchairs for Adults Reclining Foldable Electric Wheelchair All Terrain Motorized Wheelchair for Adults Portable Folding Power Wheel Chair, Silla de Ruedas Electrica -Silver' appears on an e-commerce website.  What is the brake style of it?","['It cannot be inferred.', 'rim', 'disc', 'electromagnetic']",0
The product 'BGFKS LayeredTulle Rainbow Tutu Skirt for Newborn Baby Girls 1st Birthday Photography Outfit Sets.' appears on an e-commerce website. What pattern is on it?,"['rainbow', 'It cannot be inferred.', 'solid', 'striped']",0
"The product 'Knorr Selects Rice Side Dish, Spinach & Artichoke, 6 oz (Pack of 8)' appears on an e-commerce website.  Is it gluten free? ","['not gluten free', 'gluten free', 'vegan', 'It cannot be inferred.']",1
"The product 'ADM Full Size Classical Nylon Strings Acoustic Guitar 39 Inch Classic Guitarra Starter Bundle for Adult with Free Lessons, Gig Bag, E-tuner, Footstool, Kids Student Beginner Kits, Orange' appears on an e-commerce website.  What color is it?","['It cannot be inferred.', 'black', 'blue', 'black|orange']",3
The product '2 PCS Women's Large Satin Square Silk Feeling Hair Scarf 35 x 35 inches' appears on an e-commerce website.  It is part of what collection?,"['autumn, spring, summer', 'winter', 'It cannot be inferred.', 'summer']",2
The product 'MAXGRIND™ Pill Crusher and Grinder (Red) Cutter Splitter Powder Medicine Pulverizer' appears on an e-commerce website.  What color is it?,"['It cannot be inferred.', 'blue', 'clear|red', 'black']",2
"The product 'Kerosene Lamp Burner Brass Num 2 Queen Ann Antique Replica Style . Can be Used with Mason Jars or Canning Jars, with Kerosene or Lamp Oil. Décor Favorite' appears on an e-commerce website.  What type of finish is used in it?","['brass', 'stainless steel', 'It cannot be inferred.', 'polished']",0
"The product 'Encasa Homes Adjustable Kitchen Bib Apron with Pockets & Towel Holder - 31 x 25 inch - Recycled Cotton, for Home & Restaurant, Men & Women Chefs, Cooking, Baking, BBQ - Butcher Checks Black' appears on an e-commerce website.  What pattern does it have?","['checkered', 'floral', 'solid', 'It cannot be inferred.']",0
"The product 'Better Trends Ashton Collection is Super Soft and Light Weight in Medallion Design 100 Pecent Cotton Tufted Unique Luxurious Machine Washable Tumble Dry, King Bedspread, Burgundy' appears on an e-commerce website.  What color is it?","['blue', 'It cannot be inferred.', 'black', 'burgundy']",3
"The product 'Bench Scraper, UUBAAR 1 PCS Dough Scraper Tool Kitchen Scraper, Multi-Purpose Stainless Steel Food Scraper Chopper, 6-Inch Bench Knife for Baking Cooking, Dough Cutter with Contoured Grip' appears on an e-commerce website.  What is the blade of it made of?","['ceramics', 'It cannot be inferred.', 'aluminium', 'stainless steel']",3
The product 'APRATIM Women's Cotton Bandhani Dupatta With Mirror Work Free Size Blue' appears on an e-commerce website.  What type of fabric is used in it?,"['spandex, polyester', 'cotton', 'microfiber', 'It cannot be inferred.']",1
"The product 'Hurley One & Only 2.0 21"" Boardshorts Black/Red 34' appears on an e-commerce website.  What type of fabric is used in it?","['spandex, polyester', 'microfiber', 'cotton', 'It cannot be inferred.']",3
"The product 'W7 | Banana Dreams Loose Face Powder Makeup | Yellow Setting Powder Suitable For All Skin Tones | Cruelty Free, Vegan Makeup For Women' appears on an e-commerce website.  What is the weight of it?","['full cover', 'full well tips', 'It cannot be inferred.', 'full']",2
"The product 'Neobay Door Pinch Guard (Pack of 4). Durable Silicone Door Stopper for Babies. Finger Pinch Guard Prevents Finger Pinch Injuries, Slamming Doors.' appears on an e-commerce website.  What type of finish is used in it?","['silicone', 'natural', 'polished', 'It cannot be inferred.']",0
"The product 'humangear Gobites UNO 3-Pack, Red/Gray/Orange' appears on an e-commerce website.  What type of finish is used in it?","['polished', 'stainless steel', 'natural', 'It cannot be inferred.']",3
The product 'Renovators Supply Manufacturing Black H Flush Hinge 7 Inches Long Wrought Iron Kitchen Cabinet Door Flush Mount Hinges Black Rust Resistant Powder Coated Hinges with Mounting Hardware' appears on an e-commerce website.  What type of finish is used in it?,"['powder coated', 'It cannot be inferred.', 'natural', 'stainless steel']",0
"The product 'ALOHA Organic Plant Based Protein Bars |Peanut Butter Chocolate Chip | 12 Count, 1.98oz Bars | Vegan, Low Sugar, Gluten Free, Paleo, Low Carb, Non-GMO, Stevia Free, Soy Free, No Sugar Alcohols' appears on an e-commerce website.  Is the snack bar paleo? ","['It cannot be inferred.', 'vegan', 'non-paleo', 'paleo']",3
The product 'Portable and Comfortable Wheelchair Electric Wheel Chair Folding Power Wheelchair Dual Control System Lightweight Manual/Electric Switching Double Motor for Disabled And Elderly Hemiplegia Paraplegia' appears on an e-commerce website.  What is its power source?,"['manual', 'electric', 'It cannot be inferred.', 'both manual and electric']",3
"The product 'THKFISH Fishing Rod Rack Store 8 Fishing Rod Holders Rod Rack Wall Mount Vertical Fishing Pole Holders for Garage Room, Boats Store 8 Fishing Rod Combos,1pair Black' appears on an e-commerce website.  What type of mounting is used in it?","['It cannot be inferred.', 'wall mount', 'handlebar', 'magnet']",1
"The product 'Pacific Foods Soup Virgin Tomato Basil Organic, 32 oz' appears on an e-commerce website.  Is the soup and stew vegan? ","['vegetarian', 'vegan', 'kosher', 'It cannot be inferred.']",1
The product 'Premium Authentic Pink Himalayan Salt Imported From Pakistan - 1KG THE BIG BAG - Ancient Pakistan Himalayan Sea Salt - Kosher Salt - Table Salt' appears on an e-commerce website.  Is the salt kosher? ,"['non kosher', 'vegetarian', 'kosher', 'It cannot be inferred.']",2
"The product 'Cleanex Bleach Tablets, New Advanced Formula Ultra Concentrated Water-Soluble Bleach Tablets for Laundry and Multipurpose Cleaning 36 Tablets No Phosphate NO More Liquid Bleach! (Lemon 2 Packs)' appears on an e-commerce website.  What scent does it have?","['It cannot be inferred.', 'unscented', 'aloe vera', 'lemon']",3
The product 'Potty Training Toilet Seat with Step Stool Ladder for Kids Children Baby Toddler Toilet Training Seat Chair with Soft Cushion Sturdy and Non-Slip Wide Steps for Girls and Boys (Blue Green)' appears on an e-commerce website.  What are the main materials used to make it?,"['stainless steel', 'cotton', 'plastic', 'It cannot be inferred.']",3
"The product 'Door Stoppers - Premium Door Stops Heavy Duty Rubber Door Stoppers for Carpet with Storage Bag, Door Stoppers for Bottom of Door on Tile, Concrete, Carpet, Wooden Floor' appears on an e-commerce website.  What type of finish is used in it?","['It cannot be inferred.', 'polished', 'rubber', 'natural']",2
The product 'Taidacent BF350-3AA/1.5AA Electrical Resistance Strain Gauge Measurement Strain Gauge Bend Sensor Module Y3 Weighing Amplification Module' appears on an e-commerce website.  What is it made of?,"['stainless steel', 'plastic', 'It cannot be inferred.', 'cotton']",2
The product 'Line 6 DL4 Stompbox Delay Modeler' appears on an e-commerce website.  What type of power source is used in it?,"['battery powered', 'corded electric, plug-in', 'solar energy', 'It cannot be inferred.']",3
"The product 'Acme Furniture Dresser with 6 Storage Drawers, Grey' appears on an e-commerce website.  What color is it?","['white', 'gray', 'It cannot be inferred.', 'black']",1
The product 'Aluminum Rollator w/Loop Brake Black (PMI) 4-Wheel' appears on an e-commerce website.  What color is it?,"['blue', 'white', 'black', 'It cannot be inferred.']",2
"The product 'Partanna Extra Virgin Olive Oil, 101-Ounce Tin' appears on an e-commerce website.  Is it kosher? ","['It cannot be inferred.', 'gluten free', 'kosher', 'vegetarian']",0
"The product 'i Forking Love You Fork in Gift Box, Inspirational Funny Engraved Forks Best Gift for Husband Wife and Family Dinner, Personalized Stainless Steel Lettering Fork (i Forking Love You Too)' appears on an e-commerce website.  What is the handle of it made of?","['plastic', 'aluminium', 'stainless steel', 'It cannot be inferred.']",2
"The product 'Medify Air MA-40-B2 V2.0 Air Purifier with H13 HEPA filter - a higher grade of HEPA for 840 Sq. Ft. Air Purifier, 99.9% | Modern Design - Black (2-Pack)' appears on an e-commerce website.  What type of power source is used in it?","['manual', 'battery powered', 'It cannot be inferred.', 'corded electric, plug-in']",2
"The product 'CosmoLiving by Cosmopolitan Polystone Hands Hands Sculpture, Set of 3 7"", 7"", 6""H, Gold' appears on an e-commerce website.  What color is it?","['black', 'It cannot be inferred.', 'blue', 'gold']",3
"The product 'Model 122, 1/2"" MPT x 1/2"" Female Sweat Inlet Hot & Cold Anti-Siphon Wall Faucet (Horizontal)' appears on an e-commerce website.  What type of mounting is used in it?","['It cannot be inferred.', 'magnet', 'wall', 'freestanding']",2
The product 'Solar Wind Spinner New Azure 75in Multi-Color Seasonal LED Lighting Solar Powered Glass Ball with Kinetic Wind Spinner Dual Direction for Patio Lawn & Garden' appears on an e-commerce website.  What color is it?,"['white', 'blue', 'azure', 'It cannot be inferred.']",2
"The product 'Keenhot Towel Warmer Bucket, Large Towel Warmers for Bathroom, Portable Towel Warmers with Auto Shut Off, Hot Towel Warmer for Blanket, Towel and Bathrobe (White)' appears on an e-commerce website.  What type of mounting is used in it?","['wall', 'freestanding', 'magnet', 'peel and stick']",1
"The product 'Fody Foods Vegan Variety Salad Dressing Pack | Low FODMAP Certified | Gut Friendly No Onion No Garlic | IBS Friendly Kitchen Staple | Gluten Free Lactose Free Non GMO | 4 Bottles, 8 Ounce' appears on an e-commerce website.  Is it non-vegetarian, vegetarian, or vegan? ","['vegetarian', 'non-vegetarian', 'It cannot be inferred.', 'vegan']",3
"The product 'MKZON Glass Storage Container with Ball Cork,750ML/25Oz Clear Food Canister Jar,Decorative Organizer Bottle with Air Tight Round Wood Lid,for Coffee,Spice,Candy,Salt,Cookie Cool Terrarium Bottles' appears on an e-commerce website.  What type of closure is used in it?","['zipper', 'It cannot be inferred.', 'buckle', 'cork']",3
"The product 'Food Storage Jar Strong Ceramic Storage Canisters with Airtight Seal Bamboo Lid Modern Design Seal Damp-Proof Kitchen Jar for Coffee, Tea, Spice and More (White(S: 8.2x8.3cm))' appears on an e-commerce website.  What color is its?","['black|white', 'It cannot be inferred.', 'blue', 'white']",3
"The product 'RIF6 Water Rowing Machine – Solid and Silent Rail with Digital Monitor, Water Resistance, and 3 Workout Modes – with Comfortable Seat, Padded Handles, Adjustable Foot Pedals, and Transport Wheels' appears on an e-commerce website.  What type of power source is used in it?","['battery powered', 'corded electric, plug-in', 'It cannot be inferred.', 'manual']",3
The product 'MAX-850 Butane Burner wIth Stand; Portable' appears on an e-commerce website.  What type of fuel is used in it?,"['natural gas, liquefied petroleum gas;lpg', 'gasoline', 'butane', 'It cannot be inferred.']",2
"The product 'Red Black Silver Balloon Garland Arch Kit, 125PCS Metallic Silver Red Black Balloon Video Game Party Balloons for Movie Game Night Graduation Anniversary Casino 30th Birthday Party Decoration' appears on an e-commerce website.  What is its made of?","['latex', 'It cannot be inferred.', 'plastic', 'tinfoil']",1
"The product 'Youngever 18 Pcs Plastic Toddler Utensils, Plastic Kids Forks Kids Spoons, Large Size, Top Dishwasher Safe, Set of 9 in 9 Rainbow Colors' appears on an e-commerce website.  What type of finish is used in it?","['It cannot be inferred.', 'polished', 'natural', 'plastic']",3
The product 'Autel Maxitpms Press-in Metal Stem TPMS MX Sensor 315MHz Universal Programmable by TS401/TS408/TS601/TS508/TS601/TS608/MK808TS/ms906ts/its600 (Pack of 8)' appears on an e-commerce website.  What is it made of?,"['metal', 'stainless steel', 'It cannot be inferred.', 'cotton']",0
"The product 'Yabano 4 Slice Toaster, Bagel Toaster with 7 Bread Shade Settings and Warming Rack, 4 Extra Wide Slots, Defrost/Bagel/Cancel Function, Removable Crumb Tray, Stainless Steel Toaster, Silver' appears on an e-commerce website.  What is the material of it?","['black', 'It cannot be inferred.', 'stainless steel', 'white']",2
The product 'Women Marabou Feather Clutch Bag Evening Handbag with Detachable Chain Strap Wedding Cocktail Party Bag (Grey)' appears on an e-commerce website.  What is the material used to make it?,"['It cannot be inferred.', 'plastic', 'marabou fabric', 'stainless steel']",2
"The product 'JKGHK Serving Trolley, 2/3 Tier Stainless Steel Utility Rolling Cart, Storage Trolley Cart, Detachable Catering Trolley, with Locking Wheels, for Home/School Etc (Color : 3 Layers, Size : 80x48x86cm)' appears on an e-commerce website.  What is the frame of it made of?","['brass', 'wood', 'It cannot be inferred.', 'stainless steel']",3
The product 'RosieLily You are My Sunshine Shower Curtain Word Shower Curtain Yellow and Gray Sunshie Shower Curtains for Bathroom Yellow Inspiration Quotes Shower Curtain (72X78)' appears on an e-commerce website.  What color is it?,"['It cannot be inferred.', 'blue', 'gray|yellow', 'black']",2
"The product 'PHI VILLA Patio Bar Set, 3 pcs Outdoor Metal Bar Set with 2 Swivel Cushioned Stools & 31"" Square Patio Bar Table with Umbrella Hole, Outdoor Furniture Set for Patios Backyard, Porches or Garden' appears on an e-commerce website.  What type of finish does it have?","['It cannot be inferred.', 'black', 'white', 'wood finish']",0
"The product 'Manual Paper Shredder,Portable Manual Compact Structure Simple Operation Hand Crank Shredder Cross-Cut Paper and Credit Card Shredder Manual Paper Shredder,for Office Desktop Home(Grey)' appears on an e-commerce website.  What type of power source is used in it?","['battery powered', 'It cannot be inferred.', 'corded electric', 'manual']",3
The product 'Allegra K Women's Stand Collar Lightweight Gilet Quilted Zip Vest Wine Red L (US 14)' appears on an e-commerce website.  What color is it?,"['blue', 'wine red', 'white', 'It cannot be inferred.']",1
The product 'Inertia Wood Splitter - Cast Iron Manual Log Splitter - No Sharp Edges - No More Axes! Safest Way to Cut Firewood' appears on an e-commerce website.  What type of power source is used in it?,"['corded electric, plug-in', 'battery powered', 'manual', 'It cannot be inferred.']",2
"The product 'Zhou Nutrition Plant Based Vegan Protein Powder, Best Absorption & Digest Score, Complete Amino Acid Profile, Dairy Free, Soy Free, Gluten Free, Sugar Free, Chocolate, 21g Protein/Scoop - 16 Servings' appears on an e-commerce website.  Is this protein powder gluten free? ","['sugar free', 'gluten free', 'vegan', 'It cannot be inferred.']",1
"The product 'DEPEPE Plastic Dental Syringe 8pcs 12cc Disposable Curved Syringe Irrigation Syringe with Curved Tip for Oral Dental Care, Tonsil Stones Removing, Lab, Feeding Small Pet, Glue (No Measurement)' appears on an e-commerce website.  What is it made of?","['plastic|polypropylene (pp)', 'stainless steel', 'It cannot be inferred.', 'wood']",0
"The product 'Woodward Canyon Cabernet Sauvignon, 750 ml' appears on an e-commerce website.  What is its grape ingredient??","['mint', 'cabernet sauvignon', 'merlot', 'It cannot be inferred.']",1
"The product 'Primal Kitchen Avocado Oil, Whole30 Approved, Certified Paleo, and Keto Certified, 16.9 Fluid Ounces, Pack of 2' appears on an e-commerce website.  Is the vegetable oil paleo? ","['paleo', 'It cannot be inferred.', 'non paleo', 'kosher']",0
"The product 'ThinkFun Balance Beans Math Game For Boys and Girls Age 5 and Up - A Fun, Award Winning Pre-Algebra Game for Young Learners' appears on an e-commerce website.  What color is it?","['It cannot be inferred.', 'black', 'blue', 'white']",0
"The product 'Ellie Shoes Women's GOGO-W Knee High Boot, RED, 6 M US' appears on an e-commerce website.  What type of its is this?","['ankle boot', 'knee high boot', 'It cannot be inferred.', 'square toe']",1
"The product 'Frontier Co-op Turmeric Root Cut & Sifted, Certified Organic, Kosher, Non-irradiated | 1 lb. Bulk Bag | Curcuma longa' appears on an e-commerce website.  Is it kosher? ","['kosher', 'non kosher', 'It cannot be inferred.', 'vegan']",0
The product 'REMAY Glide Shave - Shower Shaving Bars (2 Pack) - Clear Non-Foaming Premium Lubrication Shave Gel - Unisex - Apply Easily in-or-Out of Shower for Full Body Shaving' appears on an e-commerce website.  What color is it?,"['It cannot be inferred.', 'blue', 'black', 'white']",0
The product 'Twidec/4Pcs Mini Toggle Switch 3PDT 2 Position 9 Pins ON/ON Miniature Toggle Switch AC 5A/125V 2A/250V Car Boat Switches with Waterproof Cap MTS-302-MZ' appears on an e-commerce website.  What type of mounting is used in it?,"['freestanding', 'wall mount', 'It cannot be inferred.', 'wall']",2
"The product 'Yash Gallery Women's Rayon Tie Dye Floral Print Anarkali Kurta, kurti, kurtis for women White' appears on an e-commerce website.  What type of fabric is used in it?","['rayon', 'It cannot be inferred.', 'polyester', 'spandex, polyester']",0
The product 'PWV Scientific Calculators Multifunction Portable Scientific Calculator Student Multi-function Engineering Test Dedicated LED Screen HD Eye Protection Calculator for Business Office School Calculating' appears on an e-commerce website.  What color is it?,"['It cannot be inferred.', 'black', 'blue', 'white']",0
"The product 'Vals Wood Stove, Cooker Stove, Oven Stove, Camping Stove, Cooking Heater, Iron Fireplace Stove, Fire Pit, Wood Iron Burning Stove' appears on an e-commerce website.  What type of mounting is used in it?","['wall', 'It cannot be inferred.', 'freestanding', 'handlebar']",2
"The product 'gimMe Organic Roasted Seaweed Sheets - Teriyaki - 12 Count Sharing Packs - Keto, Vegan, Gluten Free -Great Source of Iodine and Omega 3’s - Healthy On-The-Go Snack for Kids & Adults' appears on an e-commerce website.  Is it non-vegetarian, vegetarian, or vegan? ","['vegetarian', 'non-vegetarian', 'vegan', 'It cannot be inferred.']",2
The product 'Deluxe Stadium Approved Clear Bag with Adjustable Shoulder Strap and Handles / 12 x 12 x 6 Clear Tote Bag (Royal)' appears on an e-commerce website.  What color is it?,"['blue', 'It cannot be inferred.', 'royal blue|clear', 'white']",2
The product 'Safety Lock Box Food Storage Container Refrigerator Lockbox Fridge Drawer for Snacks Medicine Lockable Box and Medical Organizer Bin Phone Lockable Box(White)' appears on an e-commerce website.  What color is it?,"['clear|white', 'blue', 'grey', 'It cannot be inferred.']",0
"The product 'Purelife Enema Coffee - Organic Ultra Light ""Gold"" Air Roast - Mold & Fungus Free Specialty Grade -1 Lb - Pre-Ground Green Beans - High Potency - Ships Fresh' appears on an e-commerce website.  Is it vegan? ","['vegetarian', 'vegan', 'non-vegetarian', 'It cannot be inferred.']",1
"The product 'Nature’s Bakery Whole Wheat Fig Bars, Pumpkin Spice, Real Fruit, Vegan, Non-GMO, Snack bar, 6 boxes with 6 twin packs (36 twin packs)' appears on an e-commerce website.  Is the snack bar vegan? ","['kosher', 'vegan', 'non-vegetarian', 'It cannot be inferred.']",1
"The product 'COOLLA Bolo tie- Handmade Western Cowboy Black Vintage Cicada Pendant for Women,Men (bolo tie Eagle-Silver)' appears on an e-commerce website.  What is it made of?","['stainless steel', 'plastic', 'It cannot be inferred.', 'cotton']",2
The product 'Ross-Simons 15.00 ct. t.w. CZ Tennis Bracelet in Sterling Silver. 7 inches' appears on an e-commerce website.  What material is it made of?,"['cotton', 'stainless steel', 'sterling silver', 'It cannot be inferred.']",2
The product 'Emfogo Wall Shelves with Ledge 16.9 inch Wood Picture Shelf Rustic Floating Shelves Set of 3 for Storage and Display Carbonized Black' appears on an e-commerce website.  What type of mounting is used in it?,"['freestanding', 'wall', 'handlebar', 'It cannot be inferred.']",1
The product 'Wolf-Garten 1332000 BE-M Cultivator-Hand Tool' appears on an e-commerce website.  What type of power source is used in it?,"['manual', 'battery powered', 'corded electric, plug-in', 'It cannot be inferred.']",0
"The product 'Mind and Action Horizontal Metal Gun Rack and Shotgun Hooks Rifle Hangers Store Rifle Shotgun and Bow, Wall Mount Storage (Black 1 Pair)' appears on an e-commerce website.  What type of installation is needed for it?","['wall mount', 'screw-in', 'freestanding', 'It cannot be inferred.']",0
"The product 'Vitafusion Gummy Vitamins for Men, Berry Flavored Daily Multivitamins for Men, 150 Count' appears on an e-commerce website.  What flavor is it?","['It cannot be inferred.', 'mint', 'cheddar', 'berry']",3
"The product 'AUVON Plug-in LED Motion Sensor Night Light, Mini Warm White LED Nightlight with Dusk to Dawn Motion Sensor, Adjustable Brightness for Bedroom, Bathroom, Kitchen, Hallway, Stairs (4 Pack)' appears on an e-commerce website.  What type of lamp is this?","['It cannot be inferred.', 'night light', 'floor lamp', 'table lamp, desk lamp']",1
"The product 'Magnetic Screen Door,Upgraded-Model-Full Strip Magnetic Closure,Retractable Screen Door Magnets for Single Door,Reinforced Heavy Duty White Mesh Door Screen for Front Patio Doorways' appears on an e-commerce website.  What color is it?","['It cannot be inferred.', 'silver', 'blue', 'white']",3
"The product 'Charcoal Companion CC6305 Stainless Steel Pro Grill Griddle, Silver' appears on an e-commerce website.  What color is it?","['silver', 'black', 'white', 'It cannot be inferred.']",0
"The product 'Heatwave Radiant Saunas 2-Person Hemlock Infrared Sauna with 6 Carbon Heaters, Chromotherapy Lighting, Oxygen Ionizer & Radiant Saunas SA5052 Seat Cushion for Sauna, 1 Count (Pack of 1), Brown' appears on an e-commerce website.  What type of heating element is used in it?","['infrared', 'ceramic', 'It cannot be inferred.', 'UV']",0
The product 'Ebros Gift Medieval Blue Dragon Guarding Aquamarine Crystal Geode Rock Figurine Crown Top Resonant Wind Chime with Miniature Geode Rocks Ornaments for Garden Patio Home Fantasy Dungeons and Dragons' appears on an e-commerce website.  What color is it?,"['blue', 'silver', 'It cannot be inferred.', 'white']",0
"The product 'Linen Classic Pre-Tied Bow Tie Formal Solid Tuxedo, by Bow Tie House (Medium, Mustered)' appears on an e-commerce website.  What type of pattern do its have?","['floral', 'It cannot be inferred.', 'animal print', 'solid']",3
"The product '6GM5M-73, Switch Toggle (ON) Off (ON) DPDT Bat Lever Quick Conn 15A 250VAC 559.27VA Panel Mount with Threads (2 Items)' appears on an e-commerce website.  What type of mounting is used in it?","['panel mount', 'wall', 'wall mount', 'It cannot be inferred.']",0
"The product 'Y&Me Wall Hanging Ladder Towel Rack with Shelf, Rustic Wall Mounted Storage Towel Ladder Holder with Towel Bar, 3 Tiers Towel Rack Holder with Storage Shelf for Bathroom, Kitchen' appears on an e-commerce website.  What type of installation is needed for it?","['hanging', 'It cannot be inferred.', 'wall mount', 'free standing']",2
"The product 'HEARTNICE Womens Cotton Robe, Soft Kimono Spa Knit Bathrobe Lightweight Long (Burgundy, 2XL)' appears on an e-commerce website.  What is the neck style of it?","['lapel neck', 'crew neck', 'It cannot be inferred.', 'round neck']",2
"The product 'Naturade Veganslim Plant Based Vegan High Protein Weight Loss Shake, Vanilla (14 Servings)' appears on an e-commerce website.  Is it a vegan beverage? ","['non-vegetarian', 'vegetarian', 'It cannot be inferred. ', 'vegan']",3
The product 'Boma Jewelry Sterling Silver Cute Cat with Black Resin Stud Earrings' appears on an e-commerce website.  What type of metal is used in it?,"['aluminum', 'It cannot be inferred.', 'alloy steel', 'sterling silver']",3
"The product 'Disney Winter Hat, Kids Gloves or Toddlers, Mickey Mouse Baby Beanie for Boy Girl Ages, Red Design, Mittens-Age 2-4' appears on an e-commerce website.  What pattern does it have?","['floral', 'animal print', 'It cannot be inferred.', 'solid']",1
The product 'Evil Eye Bracelet Gold Sterling Silver Hamsa CZ String Kabbalah Cord Adjustable Handmade Charm Bracelets for Men Women' appears on an e-commerce website.  What type of chain is used in it?,"['It cannot be inferred.', 'cable', 'cord chain', 'rolo']",2
The product 'Handheld 10X Magnifier Loupe LED Optical Glass Magnifying Glass with Light Scale Magnifying Jeweler Jewelry Loupes with Measure Scale' appears on an e-commerce website.  What is the lens of it made of?,"['plastic', 'It cannot be inferred.', 'glass, acrylic', 'glass']",3
"The product 'MEROKEETY Women's Summer Striped Short Sleeve T Shirt Dress Casual Tie Waist with Pockets, Dustypink, M' appears on an e-commerce website.  What pattern does it have?","['striped', 'floral', 'animal print', 'It cannot be inferred.']",0
"The product 'The Honey Jar Peach Flavored Raw Honey Sticks - Pure Honey Straws For Tea, Coffee, or a Healthy Treat - One Teaspoon of Flavored Honey Per Stick - Made In The USA with Real Honey - (20 Count)' appears on an e-commerce website.  Is it non-vegetarian, vegetarian or vegan? ","['non-vegetarian', 'vegan', 'vegetarian', 'It cannot be inferred.']",2
"The product 'NOW Foods, Better Stevia, Liquid, Chai Spice, Zero-Calorie Liquid Sweetener, Low Glycemic Impact, Certified Non-GMO, 2-Ounce' appears on an e-commerce website.  Is it vegan? ","['vegetarian', 'It cannot be inferred.', 'vegan', 'gluten free']",2
The product 'Kitchen Floor Mats for in Front of Sink Kitchen Rugs and Mats Non-Skid Twill Kitchen Mat Standing Mat Washable' appears on an e-commerce website.  What is the theme of it?,"['modern', 'It cannot be inferred.', 'floral', 'party']",1
The product 'L364EGD-H3062DD LED Assembly RA PCB with 1 Red and 1 Green Flat Top 3mm (T1) LED's (10 Pieces)' appears on an e-commerce website.  What type of lightsource is used in it?,"['It cannot be inferred.', 'cmos', 'lcd', 'led']",3
The product '50 Pack Party Shotz Jello Shot Syringes (Large 2oz with CAPS)' appears on an e-commerce website.  What material is its and shot glasses made of?,"['polyester', 'It cannot be inferred.', 'stainless steel', 'cotton']",1
"The product 'USA Interstate Highways Large Wall Map - 36"" x 24.75"" Laminated' appears on an e-commerce website.  What type of finish does it have?","['smooth', 'It cannot be inferred.', 'laminated', 'matte']",2
"The product 'Titan TC87567 Solid Carbide Reamer, 1-3/8"" Flute Length, 0.4740"" Cutting Diameter, 4"" Overall Length' appears on an e-commerce website.  What type of finish is used in it?","['stainless steel', 'It cannot be inferred.', 'natural', 'polished']",1
"The product 'DMS Brazilian Body Wave 4""x4"" Free Part Lace Closure 100% Unprocessed Human Hair Natural Color16""' appears on an e-commerce website.  What color is it?","['blue', 'black', 'It cannot be inferred.', 'white']",1
"The product 'Camplux Mini Tank Electric Water Heater 1.3 Gallons Hot Water Heaters 120V, Under Sink Water Heater with Cord Plug 1.44kW' appears on an e-commerce website.  What type of mounting is used in it?","['bolts', 'It cannot be inferred.', 'wall', 'freestanding']",3
The product 'Panasonic Blu-ray disc player Ultra HD Blu-ray playback support DMP-UB900-K (black)' appears on an e-commerce website.  What resolution does it have?,"['It cannot be inferred.', '4k;ultra hd', 'fhd 1080p', '1080p']",1
"The product 'Alizeal Mens 5pc V-Neck Sleeveless Suit Vest, Pre-tied Bow Tie, 9cm Necktie, Cufflinks and Handkerchief Set, Royal Blue-S' appears on an e-commerce website.  What type of pattern is a it?","['striped', 'floral', 'animal print', 'It cannot be inferred.']",3
"The product 'SV Handmade Anime Sword Cosplay Sword, Demon Slayer Sword-Rengoku Kyoujurou Sword 39 inches' appears on an e-commerce website.  What is the handle of it made of?","['stainless steel', 'plastic', 'It cannot be inferred.', 'wood']",2
"The product 'XIHOME Vintage American Village Style Desk Light Creative Table Lamp Iron Steel Water Pipe Table Night Lights,Rustic Loft Industrial Steampunk Retro Base E26 Holder Fitting Lighting Fixture LED Edison' appears on an e-commerce website.  What type of installation is needed for it?","['tabletop', 'screw-in', 'free standing', 'It cannot be inferred.']",0
"The product 'VintageClothing Women's Floral Print Maxi Dresses Boho Button Up Split Beach Party Dress,Pale Dogwood,X-Large' appears on an e-commerce website.  What type of lifestyle is it for?","['casual', 'It cannot be inferred.', 'sexy', 'business']",0
"The product 'UniGlean Outdoor Inflatable Square Ottoman, Used for Indoor or Outdoor, Foot Rest, Kids or Adults (Green Leaf)' appears on an e-commerce website.  What type of fabric is used in it?","['It cannot be inferred.', 'spandex, polyester', 'cotton', 'polyester']",0
The product 'Silver Linings White Adult Large Urn for Human Ashes' appears on an e-commerce website.  What color is it?,"['blue', 'It cannot be inferred.', 'black', 'white|silver']",3
"The product 'Cornhusker Kitchen Mangalitsa's Pork Fat Open Kettle Rendered Fat Lard No Preservatives Creamy White Fat Cooking Baking Pantry Food Items 24oz (1.5lb)' appears on an e-commerce website.  It this non-vegetarian, vegetarian, or vegan? ","['vegan', 'It cannot be inferred.', 'vegetarian', 'non-vegetarian']",3
The product 'Briggs & Stratton 799579 Air Cleaner Foam Filter' appears on an e-commerce website.  What is it made of?,"['stainless steel', 'It cannot be inferred.', 'plastic', 'foam']",3
"The product 'Cotton Balls Large [Pack of 1000] Non-Sterile Absorbent 100% Cotton Prepping Balls for Make-Up, Nail Polish Removal, Applying Oil Lotion or Powder, Crafts (1)' appears on an e-commerce website.  What are they made of?","['plastic', 'polyester', 'cotton', 'It cannot be inferred.']",2
"The product 'Domyos by Decathlon 100, Exercise Fitness Rowing Machine, Base Color' appears on an e-commerce website.  What type of power source is used in it?","['It cannot be inferred.', 'battery powered', 'corded electric, plug-in', 'manual']",3
The product 'Sony UBP- X700M 4K Ultra HD Home Theater Streaming Blu-ray Player with HDMI Cable (Renewed)' appears on an e-commerce website.  What resolution does it have?,"['1080p', 'It cannot be inferred.', '4k;ultra hd', 'fhd plus']",2
"The product 'Winsor & Newton Winton Oil Color, 200ml (6.75-oz), Cadmium Yellow Light' appears on an e-commerce website.  What color is it?","['black', 'It cannot be inferred.', 'yellow', 'blue']",2
"The product 'Berkley Jensen 4mg White Ice Mint Nicotine Gum, 220 ct. x2 AS' appears on an e-commerce website.  What color is it gum?","['blue', 'It cannot be inferred.', 'black', 'white']",3
"The product 'esstive Women's Ultra Soft Fleece Lightweight Casual High-Neck Half Zip-Up Solid Sweatshirt, Plum, Small' appears on an e-commerce website.  What is the pattern of it?","['striped', 'It cannot be inferred.', 'animal print', 'floral']",1
The product 'All-Purpose Concentrated Dye Powder – Package Displays Approximate Color on 100% White Cotton (Purple)' appears on an e-commerce website.  What color is it?,"['purple|white', 'black', 'white', 'It cannot be inferred.']",0
"The product 'Frela Plantain Chips, Lightly Salted, 28 Oz' appears on an e-commerce website.  Are the snack chips and crisps kosher? ","['non-kosher', 'vegetarian', 'It cannot be inferred.', 'kosher']",2
"The product 'Maya Kaimal Foods Organic Indian Perfectly Plain Surekha Rice, 8.5 oz (Pack of 6), Gluten Free, Vegan, No Preservatives, Microwavable' appears on an e-commerce website.  Is it non-vegetarian, vegetarian, or vegan? ","['It cannot be inferred.', 'vegetarian', 'non-vegetarian', 'vegan']",3
"The product 'GDYJP Mini Dehumidifier with Multicolor Lights Ultra-Quiet and Timer Setting Dehumidifier with Auto Defrost Portable for Home, Bedroom, and RV (Color : Blue, Size : One Size)' appears on an e-commerce website.  What color is it?","['white', 'It cannot be inferred.', 'black', 'blue']",3
"The product 'Portable Nail Dryer, Portable For Regular Polish Blower Drying Machine Polish Fast Dryer For Regular Nail Polish[Pink]' appears on an e-commerce website.  What is the main material used to make it?","['stainless steel', 'aluminium', 'plastic', 'It cannot be inferred.']",3
The product 'Cute Retro Plastic Chain Vegan Leather Fur Mini Satchel Bag Crossbody Clutch (2Faux Fur Leopard Multicolor/Neon Yellow Chain)' appears on an e-commerce website.  What is the material used to make it?,"['vegan leather', 'cotton', 'It cannot be inferred.', 'stainless steel']",0
"The product 'Magafor Solid Carbide High Precision Miniature Reamer, Spiral Flute, Round Shank, 4.80mm (Pack of 1)' appears on an e-commerce website.  What type of shank is used in it?","['round', 'straight', 'It cannot be inferred.', 'tapered']",0
"The product 'esstive Women's Ultra Soft Fleece Comfortable Basic Active Lounge Lightweight Casual Solid Pullover Hoodie Sweatshirt, Marled Smoky Blue, X-Small' appears on an e-commerce website.  What is the pattern of it?","['solid', 'floral', 'It cannot be inferred.', 'animal print']",0
The product 'Cloud Home Digital White Led Light-Emitting Module (Arduino Compatible)' appears on an e-commerce website.  What type of lightsource is used in it?,"['lcd', 'uv', 'led', 'It cannot be inferred.']",2
The product 'Carbonell - Extra Virgin Olive Oil - 67.63 Fluid Ounces (2 Liters)' appears on an e-commerce website.  Is it kosher? ,"['It cannot be inferred.', 'vegetarian', 'vegan', 'kosher']",0
"The product 'Plant Gift Barley Grass Juice Powder Organic, 100% Barley Flour, Barley Grass, Barley Juicem Lose Weight For Women 100G/3.52oz' appears on an e-commerce website.  Is it vegetarian? ","['It cannot be inferred.', 'gluten free', 'vegetarian', 'kosher']",2
The product 'Unicra Baroque Queen Crown Black Rhinestone Wedding Crowns and Tiaras Vintage Crystal Princess Tiaras Prom Hair Accessories for Women and Girls (Black)' appears on an e-commerce website.  What are the costume headwear and hats made of?,"['aluminium', 'crystal|alloy', 'It cannot be inferred.', 'stainless steel']",1
The product 'PANTIDE 67Pcs Vintage Knuckle Rings Set Stackable Finger Rings Midi Rings for Women Bohemian Hollow Carved Flowers Gold&Silver Rings Crystal Joint Rings with Storage Bag' appears on an e-commerce website.  What type of metal is used in it?,"['sterling silver', 'It cannot be inferred.', 'gold|silver', 'titanium']",2
"The product 'Girls Bathrobe, Tie Dye Print Cute Comfy Soft Fleece Hooded Bath Robe With Belt Pockets, Orange Pink, 2T = Tag 90' appears on an e-commerce website.  What type of pattern is on it?","['graphic', 'striped', 'It cannot be inferred.', 'floral']",0
The product 'WZRAXJ Car Caliper Covers Trim for Tesla ModleY 2020 2021 Wheel Size 19 inch 20 inch 21 inch 4 PCS (Orange Not Fit for Tesla Model 3)' appears on an e-commerce website.  What material is it made of?,"['It cannot be inferred.', 'aluminium', 'carbon', 'polyester']",0
The product 'MyGift Vintage Gray Torched Wood Wall Mounted Bathroom Towel Storage Organizer Rack with Industrial Metal Pipe Hanging Bar' appears on an e-commerce website.  What type of installation is needed for it?,"['It cannot be inferred.', 'freestanding', 'free standing', 'wall mount']",3
The product 'CLINICAL DAILY Vegan High Fiber Gummy for Adults & Kids - Natural Colon Detox Supplement - Regular Cleanse Prebiotic to Support Heart and Weight Health - Chewable Gluten-Free Gummies - 90 Count' appears on an e-commerce website.  Is it vegan? ,"['gluten free', 'vegetarian', 'vegan', 'It cannot be inferred.']",2
"The product 'Popcorners Kettle Corn Snack | Gluten Free, Vegan Snack | (12 Pack, 7 oz Snack Bags), Carnival Kunce Pack (ASINPPOTLMCM2950)' appears on an e-commerce website.  Are the snack chips and crisps non-vegetarian, vegetarian, or vegan? ","['It cannot be inferred.', 'non-vegetarian', 'vegetarian', 'vegan']",3
The product 'CZ Hoop Earrings with Cushion Cut Cubic Zirconia 14K Gold Plated Earrings Wonderful Gift Choice for Girls Women and Men' appears on an e-commerce website.  What type of gem is used in it?,"['cubic zirconia', 'diamond', 'It cannot be inferred.', 'no gemstone']",0
The product 'JADENOVA Natural Amethyst Necklace Merkaba Crystal Pendent Necklace for Women Men Jewelry Energy Healing Gemstone Pendulum Pendant (18 Inches Stainless Steel Chain)' appears on an e-commerce website.  What is it made of?,"['gold', 'amethyst|silver', 'tungsten', 'It cannot be inferred.']",1
The product 'Milescraft 1222 Hinge Mate 150 – Door Hinge Installation Kit/Mortiser Template with ½” Router Bit- Designed for US Hinges' appears on an e-commerce website.  What type of finish is used in it?,"['It cannot be inferred.', 'natural', 'polished', 'stainless steel']",0
"The product 'LED Closet Light Motion Activated, Under Cabinet Lights, Homelife Motion Sensor LED Lights, Stick-on Anywhere Battery Operated 10 LED Motion Sensor Night Light for Closet Hallway Stairway (3 Pack)' appears on an e-commerce website.  What is the intended use of it?","['modern', 'home and office', 'floral', 'It cannot be inferred.']",1
The product 'Sedona Sparx Wheel (Lightweight / Front/Rear / 15X7 4/156 4+3) (Black) Compatible with 14-19 Polaris RANRZR1000XE' appears on an e-commerce website.  What is the main material used to make a it?,"['It cannot be inferred.', 'aluminum', 'plastic', 'stainless steel']",1
"The product 'Cuisinart ICE-21CRM 1.5 Quart Frozen Yogurt, Ice Cream and Sorbet Maker, Cream' appears on an e-commerce website.  What is the capacity of it?","['200 cubic inches', 'ounce', 'It cannot be inferred.', '1.5 quart']",3
"The product 'Rothco Canvas Travel Kit, Woodland Camo' appears on an e-commerce website.  What pattern does it have?","['It cannot be inferred.', 'floral', 'camouflage', 'solid']",2
"The product 'Christmas Decorations Outdoor Yard, Outside Front Porch Sign Set with Lights, Red Black Buffalo Plaid Xmas Door Decorations, Hanging Merry Christmas Banner for Home Decor Wall Front Door Yard Garage' appears on an e-commerce website.  What colors is its?","['white', 'black', 'It cannot be inferred.', 'black|red']",3
"The product 'NUFR 2 Pieces Cotton Linen Waterproof Bib Kitchen Apron and Coral Velvet Dishtowels With 2 Pocket- Long Ties Adjustable Neck Strap, for Women and Men (Forest/Checkered)' appears on an e-commerce website.  What pattern does it have?","['checkered', 'floral', 'It cannot be inferred.', 'striped']",0
"The product 'Pori Jewelers 10K Gold 2.3MM, 3.5MM, 5MM, 6.5MM, 7.5MM Hollow Curb/Cuban Chain Bracelet and Necklace- Yellow White Or Rose (5MM, White, 24)' appears on an e-commerce website.  What color is it?","['black', 'white|rose', 'It cannot be inferred.', 'blue']",1
The product 'Lindstrom Pliers 8140-8150-8160 Series Oval-Head Cutter SET OF 3 (6E)' appears on an e-commerce website.  What color is it?,"['white', 'It cannot be inferred.', 'black', 'blue']",1
"The product '365 by Whole Foods Market, Corn White Sweet Organic, 16 Ounce' appears on an e-commerce website.  is its vegan? ","['non-vegetarian', 'It cannot be inferred.', 'vegetarian', 'vegan']",3
"The product 'LH0864 Etlin Daniels FL007-A Unshunted, T8-T12 lamp Holder with Untapped Center Hole Butt on mounting' appears on an e-commerce website.  What type of mounting is used in it?","['wall', 'freestanding', 'butt-on', 'It cannot be inferred.']",2
The product 'Pirelli Cinturato P7 Run Flat 225/45R17 91V Tire 2005700 (QTY 1)' appears on an e-commerce website.  What rating is it with?,"['8-ply', '4-ply', '6-ply;6 ply', 'It cannot be inferred.']",3
"The product 'Pure Sandalwood Powder - Organic Sandalwood Dust - Culinary Grade, Raw, Vegan, Non-GMO, Natural' appears on an e-commerce website.  What is the main ingredient of it?","['sandalwood', 'It cannot be inferred.', 'plastic', 'stainless steel']",0
The product 'Uni Clau Women Deep V Neck Bodycon Jumpsuit - See Through Leopard Printed Jumpsuit Patchwork Sheer Mesh Printed Clubwear Jumpsuit Rompers Leopard Black XL' appears on an e-commerce website.  What is the neck style of it?,"['It cannot be inferred.', 'lapel neck', 'round neck', 'v-neck']",3
"The product 'iDesign Bathroom Tray for Towels, Cosmetics and Accessories, The Clarity Collection – 8.68” x 5.34” x 0.95”, Brushed Silver' appears on an e-commerce website.  What type of finish is used in it?","['polished', 'It cannot be inferred.', 'stainless steel', 'brushed']",3
"The product 'Tennsco TW-723630-S-EVG Technical Workstation with Fixed Legs, Static Control Work Surface, Evergreen, 72"" Width, 36"" Length, 30"" Height' appears on an e-commerce website.  What type of finish is used in it?","['natural', 'It cannot be inferred.', 'stainless steel', 'polished']",1
"The product 'HUIXINLIANG BBQ Grill Tools Set,Stainless Steel BBQ Accessories Premium Complete Outdoor BBQ Utensil Set,Complete Grilling Accessories in Portable Bag, Perfect Grill Gifts for Men' appears on an e-commerce website.  What is the handle of it made of?","['wood', 'stainless steel', 'It cannot be inferred.', 'plastic']",1
The product 'Clear Shoulder Bag Chain Strap Crossbody Handbag Super Cute Clear Purse with Soft Faux Leather for Women - Stadium Approved (Black)' appears on an e-commerce website.  What type of fabric is used in it?,"['It cannot be inferred.', 'artificial leather', 'cotton', 'spandex, polyester']",1
"The product 'Fatworks, Organic Free Range Pork Lard, NON-GMO, 100% Certified USDA Organic Ingredients, Great for everyday cooking, baking and frying, WHOLE30, KETO, PALEO, 14 oz' appears on an e-commerce website.  Is it non-vegetarian, vegetarian, or vegan? ","['vegan', 'It cannot be inferred.', 'non vegetarian', 'vegetarian']",2
The product 'Sherpa Pink Himalayan Salt - 15 lbs. (3 x 5 Pound Bags) Coarse Grain' appears on an e-commerce website.  Is the salt kosher? ,"['It cannot be inferred.', 'kosher', 'vegetarian', 'not kosher']",0
"The product 'Colovis Halloween Spider Decorations, 8PCS Giant Spider Outdoor Halloween Decorations, Realistic Large Scary Spider Props for Indoor, Home, Yard, Party Creepy Halloween Decor' appears on an e-commerce website.  What colors are in it?","['It cannot be inferred.', 'white', 'blue', 'black']",0
The product 'SMELLY PROOF - Reusable Clear Odor-Proof Storage Bags - 10-PACK - Barrier Technology - Made in the USA' appears on an e-commerce website.  What is the attribute of it?,"['reusable, odor-proof', 'resealable', 'slider', 'It cannot be inferred.']",0
The product 'SereneLife Portable Infrared Home Spa | One Person Sauna | with Heating Foot Pad and Portable Chair' appears on an e-commerce website.  What type of heating element is used in it?,"['infrared', 'electric', 'None of the above', 'It cannot be inferred.']",0
"The product 'Transparent Detailed Scratch Off World Map (23"" x 37"") Rewritable Places I've Been Travel Map - Printed on Flexible Plastic - Made in Ukraine by 1DEA.me' appears on an e-commerce website.  What type of finish does it have?","['transparent', 'It cannot be inferred.', 'smooth', 'laminated']",0
"The product 'Womens Rayon Digital Printed Anarkali Party Wear Kurta (X Large, Black)' appears on an e-commerce website.  What type of fabric is used in it?","['spandex, polyester', 'It cannot be inferred.', 'rayon', 'polyester']",2
"The product 'Little Blue House by Hatley Baby Boys' Bodysuit & Cap, May The Forest Be with You, 6-12 Months' appears on an e-commerce website.  What is the pattern of it?","['graphics', 'It cannot be inferred.', 'solid', 'floral']",0
"The product 'First Nature 16 oz. Hummingbird Feeder (2 Pack), Red' appears on an e-commerce website.  What color is it?","['It cannot be inferred.', 'red', 'white', 'black']",1
"The product 'CMFG AK27-5/8 Bored-to-Size V Belt Sheaves 2.70''OD, 5/8 Inch Bore,Cast Iron, AK Pulley Single Groove for""4L"" or""A"" Belt' appears on an e-commerce website.  What type of metal is used in it?","['cast iron', 'stainless steel', 'sterling silver', 'It cannot be inferred.']",0
"The product 'Pinspot Light with Remote, JLPOW Super Bright Mirror Ball Spotlight, Mini 15W RGBW LED Beam Spot lights Stage Effect Lighting, Best for DJ Disco Party Bar Club Show Wedding Children's Theater' appears on an e-commerce website.  What type of finish is used in it?","['natural', 'stainless steel', 'polished', 'It cannot be inferred.']",3
"The product 'WIRESTER Silver Shiny Sparkle Bling Crystal Rhinestones Metal Wall Plate Cover, Double Gang Toggle Light Switch Cover' appears on an e-commerce website.  What type of finish is used in it?","['polished', 'It cannot be inferred.', 'metal|rhinestones', 'stainless steel']",2
The product 'Zando Women's Cotton Athlete Triple Stripe Tights Over The Knee Thigh High Socks Casual Above Knee Socks Black 8-12' appears on an e-commerce website.  What pattern is found on it?,"['It cannot be inferred.', 'floral', 'animal print', 'striped']",3
"The product 'Danilovo Pure Beeswax Candles - No-Drip, Smoke-Less, Tall, Thin Taper Candles – Decorative Candles for Church Prayer, Decor or Birthday Candles – Honey Scented Candles – 7.3”x0.24” (Yellow, 50pcs)' appears on an e-commerce website.  What color is it?","['yellow', 'blue', 'black', 'It cannot be inferred.']",0
The product 'Sterling Silver 4mm Round Created White Sapphire Birthstone Prong Set Stud Earrings For Women and Girls' appears on an e-commerce website.  What type of metal is used in it?,"['aluminum', 'It cannot be inferred.', 'sterling silver', 'alloy steel']",2
"The product '3D dinosaur book keychain for kids backpack,Green,boys girls 3d pop up mini dinosaurs toys,Cute keychains for car keys,Dinosaur world scene for women,men,children,Dinosaur party favors gift for kids' appears on an e-commerce website.  What color is it?","['black', 'blue', 'It cannot be inferred.', 'green']",3
The product 'BLACKMYTH Women's Cute Graphic T Shirts Funny Tops Casual Tees Pink Medium' appears on an e-commerce website.  What type of pattern does it have?,"['striped', 'graphic', 'It cannot be inferred.', 'floral']",1
The product 'Boss DD-500 Digital Delay' appears on an e-commerce website.  What type of power source is used in it?,"['battery powered', 'corded electric, plug-in', 'manual', 'It cannot be inferred.']",3
"The product 'Jeanoko Office Calculator, Big Button Design LCD Display 10 Digits Calculator Solar Basic Calculator Office Supplies with 1 X Calculator Basic Mathematics calculations(Red)' appears on an e-commerce website.  What color is it?","['white', 'It cannot be inferred.', 'blue', 'black|red']",3
"The product 'Acqua Panna Natural Spring Water, 25.3 Oz Glass Bottle (Pack of 3, Total of 75.90 Oz)' appears on an e-commerce website.  Is it non-vegetarian, vegetarian, or vegan? ","['It cannot be inferred.', 'non-vegetarian', 'vegan', 'vegetarian']",2
The product 'Outre Soft & Natural Synthetic Lace Front Wig - NEESHA 207 (DRFFSUNBRN)' appears on an e-commerce website.  What type of hair is used in it?,"['synthetic', 'It cannot be inferred.', 'dry', 'all']",0
"The product 'Cobra Golf 2019 F-Max Superlite Offset Drivfer Black-Red (Men's, Right Hand, Graphite, Reg Flex, 10.5)' appears on an e-commerce website.  What color is it?","['It cannot be inferred.', 'black|red', 'white', 'black']",1
"The product 'InCharacter Wee Wrangler Infant/Toddler Costume, Medium (12-18) Blue/Brown' appears on an e-commerce website.  What type of fabric is used in it?","['spandex, polyester', 'cotton', 'microfiber', 'It cannot be inferred.']",3
The product '14 Pieces Rhinestone Ponytail Holder Hair Cuff Elastic Scrunchies Glitter Hair Ties and Elegant Hair Clip Cuffs Punk Gothic Ponytail Holder Hair Rope Hair Accessories for Women Lady Girl' appears on an e-commerce website.  What is the main material of it?,"['metal|rhinestone|silver', 'plastic', 'It cannot be inferred.', 'cotton']",0
"The product 'Ultimate Poker Keno + Expansion Cards Bundle for 36 Players - 36 Unique Jumbo Index Boards, 600 Chips, and Playing Cards - Family Casino Board Game Night Gift' appears on an e-commerce website.  What color is its poker sets?","['white', 'It cannot be inferred.', 'silver', 'blue']",1
"The product 'Amazon Basic Care Nicotine Polacrilex Lozenge 4 mg (nicotine), Mint Flavor, Stop Smoking Aid, Quit Smoking With Nicotine Lozenge, 144 Count (Pack of 1)' appears on an e-commerce website.  What flavor are the lozenges?","['It cannot be inferred.', 'mint flavor', 'unflavored', 'cheddar']",1
The product 'Gam3Gear Vinyl Decal Protective Skin Cover Sticker for Xbox One S Console & Controller (NOT Xbox One Elite/Xbox One/Xbox One X) - Black Carbon Fiber' appears on an e-commerce website.  What platform is it for?,"['It cannot be inferred.', 'macbook', 'xbox', 'ps5']",2
"The product 'Fatworks Premium Pasture Raised Lard. The Original Non-Hydrogenated Pasture-Raised Lard crafted for Traditional, Keto, and Paleo Chefs. Artisanally Rendered, WHOLE30 APPROVED, Glass Jar, 14oz.' appears on an e-commerce website.  Is the diet type non-vegetarian, vegetarian, or vegan? ","['vegetarian', 'vegan', 'non vegetarian', 'It cannot be inferred. ']",2
The product 'Swing A Way Surgical Stainless Steel Peeler' appears on an e-commerce website.  What is the blade of it made of?,"['stainless steel', 'It cannot be inferred.', 'plastic', 'ceramics']",0
The product 'ladyline Casual Cotton Printed Salwar Kameez Ready to Wear Indian Pakistani Dress Suit (Size-34/ Beige Pink)' appears on an e-commerce website.  What is the main material of a it?,"['stainless steel', 'chiffon|cotton', 'polyester', 'It cannot be inferred.']",1
"The product 'Camplux 5L Outdoor Portable Water Heater, 1.32 GPM Tankless Propane Gas Water Heater for RV, Camping, Barns, White' appears on an e-commerce website.  What type of mounting is used in it?","['It cannot be inferred.', 'handlebar', 'wall mount', 'freestanding']",0
"The product 'Floral Wreath, Door Wreath, 18'' Artificial White Magnolia Spring Wreath for Front Door, Wedding Decoration Wall Decor' appears on an e-commerce website.  What color is it?","['black', 'blue', 'white|green', 'It cannot be inferred.']",2
The product 'Cobahom 12 Pack Small Hair Claw Clips 1.2 Inch Plastic Hair Clips for Thin Hair No-Slip Mini Hair Clip Hair Styling Accessories for Women and Girl (White)' appears on an e-commerce website.  What color is it?,"['blue', 'It cannot be inferred.', 'white', 'silver']",2
"The product 'AHDECOR Wall Mounted Floating Shelves Display Storage Shelves Espresso Finish, 4"" Deep, Set of 2 pcs' appears on an e-commerce website.  What type of mounting is used in it?","['wall mount', 'It cannot be inferred.', 'freestanding', 'handlebar']",0
"The product 'Paper Shredder, Fully Transparent Design Portable Paper Shredder A6 Paper Cutting Tool Simple Operation Compact Structure 1L Capacity Manual Paper Shredder Mini Hand Shredder for Office Home(Grey)' appears on an e-commerce website.  What type of power source is used in it?","['battery powered', 'manual', 'corded electric', 'It cannot be inferred.']",1
"The product 'CASE ELEGANCE Monogrammed Octodor Large Black Piano Finish Glass Top Cedar Humidor with Digital Hygrometer, Humidification System, and Accessory Drawer - Holds (50-100 Cigars)' appears on an e-commerce website.  What color is it?","['white', 'black|grey', 'It cannot be inferred.', 'grey']",1
"The product 'Amazon Brand - Happy Belly Fat Free Milk, Lactose Free, Ultra-Pasteurized, Kosher, Half Gallon, 64 Fl. Oz' appears on an e-commerce website.  Is the drink vegetarian? ","['non-vegetarian', 'kosher', 'It cannot be inferred.', 'vegetarian']",3
"The product 'Welly Bandages | Adhesive Flexible Fabric Bravery Badges | Assorted Shapes for Minor Cuts, Scrapes, and Wounds | Colorful and Fun First Aid Tin | Dinosaur Patterns - 48 Count' appears on an e-commerce website.  What is it made of?","['cotton', 'fabric', 'stainless steel', 'It cannot be inferred.']",1
"The product 'Sexyshine Women's Long Sleeve Button Down Long Pants Drawstring Waist Denim Jumpsuit Romper Overalls(13775BE,M)' appears on an e-commerce website.  What are the main materials used to make it?","['It cannot be inferred.', 'plastic', 'stainless steel', 'cotton|polyester|denim']",3
"The product 'Jolitac 620 PCS Braid Jewelry for Hair Set, Dreadlocks Decor Beads, Gold & Silver Braid Rings, Metal Cuff Kit, Charms Hair Clips Hair Braid Accessories' appears on an e-commerce website.  What colors is it available in?","['black', 'gold|silver|black', 'blue', 'It cannot be inferred.']",1
"The product 'Bolthouse Farms Ranch Dressing, 14 oz' appears on an e-commerce website.  Is it gluten free? ","['not gluten free', 'vegan', 'It cannot be inferred. ', 'gluten free']",2
"The product 'M & H Melanin Multi-Use Softening Leave In Conditioner,16 Oz. Formulated with Nourishing Baobab Oil, Turnip Root,ProVitamin B5,Hydrate, Soften and Condition, 16 Fl Oz (Pack of 1)' appears on an e-commerce website.  What type of hair can be used for it?","['It cannot be inferred.', 'all', 'dry', 'all hair']",0
The product 'Skyvan 24 PCS Set Press On Pink Toenails False Toenails with Rhinestone Full Cover Summer Fake Nails for Toes with Glue' appears on an e-commerce website.  What does it provide?,"['full cover', 'full well tips', 'It cannot be inferred.', 'light']",0
"The product 'WATERJOY Wood Chairs, Set of 2 Vintage Winds Side Dining Chair, Winsome Wood Windsor Seating Chair' appears on an e-commerce website.  What type of finish does it have?","['It cannot be inferred.', 'white', 'wood finish', 'black']",2
The product 'WOIWO 100pcs Disposable Plastic Fruit Forks Cocktail Sticks Party Supplies Plates Picks Cake Forks Dessert Forks' appears on an e-commerce website.  What is the handle of it made of?,"['It cannot be inferred.', 'stainless steel', 'plastic', 'aluminium']",2
The product 'Serrano Ham Bone in from Spain 15 - 17 lb with Ham Stand & Knife - Cured Spanish Jamon with NO Nitrates or Nitrites all Natural - GMO Free and Gluten Free' appears on an e-commerce website.  Is it gluten free? ,"['It cannot be inferred. ', 'not gluten free', 'gluten free', 'kosher']",2
"The product 'Sunsbell Shower Wall Clock Waterproof Digital Temperature Humidity Display with Suction Cup, Touch Screen Timer for Kitchen Bathroom (Blue)' appears on an e-commerce website.  What type of mounting is used in it?","['freestanding', 'bolts', 'wall mount', 'It cannot be inferred.']",2
"The product '1100Ml Household Dehumidifier Include Seven Kinds Of Atmosphere Lights Small Mini Dehumidifier Suits For Home,Bedroom, Basement,Green' appears on an e-commerce website.  What color is it?","['black', 'It cannot be inferred.', 'green', 'blue']",2
"The product 'GE Grounding Paddle Rocker Switch, 3 Way, In Wall On/Off Power Switch Replacement for Ceiling Fans & Lights, 15 Amp, Great for Home, Office & Kitchen, UL Listed, White, 18233' appears on an e-commerce website.  What type of mounting is used in it?","['freestanding', 'wall mount', 'It cannot be inferred.', 'panel']",1
"The product 'YEEPSYS Hair Ties, Coil Hair Ties, Phone Cord Hair Ties, Hair Coils Elastic Hair Band with Strong Grip (S, Gray)' appears on an e-commerce website.  What is the main material of a it?","['plastic', 'rubber', 'cotton', 'It cannot be inferred.']",1
"The product '24mm X 3 Round Adjustable Die 2"" Outside Diameter - High Speed Steel' appears on an e-commerce website.  What type of finish is used in it?","['high speed steel', 'It cannot be inferred.', 'natural', 'stainless steel']",0
"The product 'Antec CPU Cooler, A30, 92 mm LED Fan Fan for Intel LGA 775/1150/1151/1155/1156 & AMD Socket  FM1/AM3/AM3+/AM2+/AM2/AM4' appears on an e-commerce website.  What type of powerconnector is used in it?","['6-pin', 'It cannot be inferred.', '8-pin', '4-pin']",1
"The product 'Brother Sewing Machine, GX37, 37 Built-in Stitches, 6 Included Sewing Feet & 5300A Sewing Machine Hardcase, White' appears on an e-commerce website.  What color is it?","['It cannot be inferred.', 'silver', 'white', 'black']",2
"The product 'Haddar, Kosher Salt, 16 oz' appears on an e-commerce website.  Is the salt kosher? ","['It cannot be inferred.', 'gluten free', 'kosher', 'non kosher']",2
"The product 'Ghost 100% Vegan Plant Based Protein Powder 2lb Tub (Pancake Batter, 2lb)' appears on an e-commerce website.  Is this protein powder vegan? ","['vegetarian', 'vegan', 'It cannot be inferred.', 'gluten free']",1
"The product 'Wall Mount Metal Wire Towel Storage Shelf Organizer Rack Holder with 9 Compartments, Shelves for Bathroom Towels Towel Rack Holder Wall Mount Towel Holder Towel Rack Towel Rack Organizer Brown' appears on an e-commerce website.  What type of installation is needed for it?","['freestanding', 'It cannot be inferred.', 'wall mount', 'hanging']",2
"The product 'Fine Ground Celtic Sea Salt – (1) 5 Pound Bag of Nutritious, Classic Sea Salt, Great for Cooking, Baking, Pickling, Finishing and More, Pantry-Friendly, Gluten-Free, Kosher and Paleo-Friendly' appears on an e-commerce website.  Is the salt kosher? ","['vegetarian', 'It cannot be inferred. ', 'gluten free', 'kosher']",3
The product '925 Sterling Silver Stud Earrings Rose with Cognac Genuine Natural Baltic Amber' appears on an e-commerce website.  What is the tone of the gemstones used in its?,"['It cannot be inferred.', 'cotton', 'amber|sterling silver', 'stainless steel']",2
"The product 'BCOZLUX Floating Shelves, Decorative Geometric Diamond Wall Shelves, 3 Tier Wood Farmhouse Hanging Display Shelves for Bedroom and Bathroom, Rustic Brown' appears on an e-commerce website.  What type of installation is needed for it?","['It cannot be inferred.', 'free standing', 'wall mount', 'screw-in']",2
The product 'Sensationnel Synthetic Hair Butta Lace Front Wig BUTTA UNIT 2 (1)' appears on an e-commerce website.  What type of hair is used in it?,"['synthetic', 'It cannot be inferred.', 'dry', 'all hair']",0
The product 'ALASKA BEAR - Cigar Cutter Stainless Steel Guillotine Double Cut Blade in Black Gift Pouch' appears on an e-commerce website.  What is the main material of it?,"['It cannot be inferred.', 'plastic', 'polyester', 'stainless steel']",3
"The product 'Conworld Toilet Paper Holder Brushed Nickel for 4 Roll Tissue, 1 Pack Bathroom Toilet Paper Storage Over The Tank, Stainless Steel Rustproof Bathroom Toilet Paper Roll Holder Wall Mount' appears on an e-commerce website.  What type of finish is used in it?","['It cannot be inferred.', 'natural', 'brushed', 'stainless steel']",2
"The product 'Lunarable Tropical Washer Cover, Continuous Exotic Jungle Pattern with Monstera and Palm Leaves, Washroom Decor with Dust Protection, 29"" x 28"" x 40"", Teal Seafoam' appears on an e-commerce website.  What type of finish is used in this laundry basket?","['natural', 'stainless steel', 'polished', 'It cannot be inferred.']",3
The product 'Flameless Candles Pineapple Flickering LED 8 Pack Combinations with Remote Timers Battery Operated no Smoke Candles Red' appears on an e-commerce website.  What type of switch is used in it?,"['It cannot be inferred.', 'touch', 'remote', 'wired']",2
"The product 'Lodge Wildlife Series-10.25"" Cast Iron Skillet with Deer Scene, 10.25"", Black' appears on an e-commerce website.  What color is it?","['It cannot be inferred.', 'silver', 'white', 'black']",3
"The product 'RiverFinn Gourmet Milk Chocolate Gold Quarter Coins, Bulk, Kosher (5 Pounds) Perfect for St. Patrick's Day, Parties, Gifts, Favors, Game Nights, Pirate Theme & More!' appears on an e-commerce website.  Is the candy kosher? ","['It cannot be inferred.', 'non-vegetarian', 'kosher', 'vegetarian']",2
"The product '365 by Whole Foods Market, Broccoli Florets Organic, 16 Ounce' appears on an e-commerce website.  Is it vegan? ","['It cannot be inferred.', 'non-vegetarian', 'vegan', 'vegetarian']",2
"The product 'Scrappy's Bitters - Grapefruit, 5 ounces - Organic Ingredients, Finest Herbs an Zests, No Extracts, Artificial Flavors, Chemicals or Dyes. Made in the USA' appears on an e-commerce website.  What is the flavor of it?","['mint flavor', 'grapefruit', 'It cannot be inferred.', 'cheddar']",1
The product 'Kimmery High Waisted Shorts for Women Workout Jersey Summer Athletic Hiking Running Fitness Gym Boardshorts Yoga Elastic Bands Double Layer Sportswear Pink S' appears on an e-commerce website.  What color is it?,"['blue', 'It cannot be inferred.', 'white', 'pink']",3
"The product 'RightRice Risotto - Wild Mushroom (6oz. Pack of 3) - Made from Vegetables - High Protein, Vegan, Non-GMO, Gluten Free' appears on an e-commerce website.  Is it gluten free? ","['vegetarian', 'It cannot be inferred.', 'vegan', 'gluten free']",3
"The product 'Artisana Organics Hazelnut Cacao Spread, 9.5 oz | No Palm Oil, Sweetened with Coconut Sugar' appears on an e-commerce website.  Is it vegetarian? ","['organic', 'non-vegetarian', 'vegetarian', 'It cannot be inferred.']",2
"The product 'Amazon Brand - Happy Belly 1% Low Fat Milk, Half Gallon, 64 Ounces' appears on an e-commerce website.  Is the drink non-vegetarian, vegetarian, or vegan? ","['vegan', 'It cannot be inferred.', 'vegetarian', 'non-vegetarian']",2
The product 'D.J.V. Fiberwig Pure Black 0.29 Oz' appears on an e-commerce website.  What color is it?,"['silver', 'black', 'blue', 'It cannot be inferred.']",1
"The product 'Titan TC87483 Solid Carbide Reamer, 1-1/4"" Flute Length, 0.4010"" Cutting Diameter, 3-1/2"" Overall Length' appears on an e-commerce website.  What type of finish is used in it?","['It cannot be inferred.', 'carbide', 'natural', 'stainless steel']",1
The product 'Product of Brand Bella + Canvas Unisex Poly-Cotton Short-Sleeve T-Shirt - RED - M - (Instant Savings of 5% & More)' appears on an e-commerce website.  What color is it?,"['It cannot be inferred.', 'white', 'red', 'black']",2
"The product 'SKIL 4-Tool Kit: 20V Cordless Drill Driver, Impact Driver, Reciprocating Saw and LED Spotlight, Includes Two 2.0Ah Lithium Batteries and One Charger - CB739601, White' appears on an e-commerce website.  What type of power source is used in it?","['battery powered', 'It cannot be inferred.', 'manual', 'corded electric']",0
"The product 'PB2 Powdered Almond Butter, 6.5oz Low-Fat Vegan Almond Powder, Low Carb Nut Butter, Non-GMO, Gluten Free, & Kosher' appears on an e-commerce website.  Is it kosher? ","['kosher', 'not kosher', 'gluten free', 'It cannot be inferred.']",0
"The product '12 Pieces Dog Blanket Fleece Fabric Puppy Blanket with Paw Print Soft Printed Pet Blanket Washable Dog Sleep Mat Pad Bed Cover for Kitten Puppy and Other Small Animals (Multi Color,Classic Pattern)' appears on an e-commerce website.  What type of fabric is used in it?","['polyester', 'fleece', 'It cannot be inferred.', 'cotton']",1
The product 'Ceya 3.5oz/ 100g Ultra Fine Glitter Powder Black Glitter 1/128” 0.008” 0.2mm for Slime Epoxy Resin Craft Tumbler Jewelry Nail Art Festival Makeup Scrapbook Painting Wedding Cards' appears on an e-commerce website.  What color is it?,"['It cannot be inferred.', 'black', 'silver', 'white']",1
The product 'GUESS Factory Women's Alva Tote' appears on an e-commerce website.  What is the outer material of it?,"['polyester', 'It cannot be inferred.', 'leather', 'stainless steel']",1
"The product 'Live Sound Card, Portable Bluetooth Voice Changer with 18 Sound Effects & Smart Noise Reduction, USB Audio Mixer for Mobile Phone, Computer, Gaming, Chatting, Podcasting, Live Broadcasting, etc' appears on an e-commerce website.  What other devices can it be used on?","['macbook', 'xbox', 'It cannot be inferred.', 'pc|smartphone|phone']",3
"The product 'Sunset Kaboom Black Jalapenos, 8oz' appears on an e-commerce website.  Is it vegan? ","['vegetarian', 'It cannot be inferred.', 'non-vegetarian', 'vegan']",3
"The product 'Zeagoo Womens Classic Quilted Jacket Short Bomber Jacket Coat, Black, Small' appears on an e-commerce website.  What color is it?","['It cannot be inferred.', 'white', 'black', 'blue']",2
The product 'DREMMY STUDIOS Dainty Rainbow CZ Huggie Hoop Earrings 18K Gold Filled Simple Cute 3 Row Pave Cubic Zirconia Huggie Earrings Women Charm Minimalist Personalized Hoops Earrings Gifts for Her' appears on an e-commerce website.  What type of gem is used in it?,"['crystal', 'It cannot be inferred.', 'cubic zirconia', 'no gemstone']",2
The product 'e-Flame USA Tahoe LED Portable Freestanding Electric Fireplace Stove - 3-D Log and Fire Effect (Black)' appears on an e-commerce website.  What type of installation is needed for it?,"['screw-in', 'It cannot be inferred.', 'sticker', 'freestanding']",3
The product 'Aris A women Silk Velvet Burnout Floral Print with Handbeads Duster Kimono' appears on an e-commerce website.  What pattern does it have?,"['floral', 'It cannot be inferred.', 'solid', 'animal print']",0
"The product 'Evolve Plant Based Protein Powder, Double Chocolate, 20g Vegan Protein, Dairy Free, No Artificial Flavors, Non-GMO, 3g Fiber, 1 Pound (Packaging May Vary)' appears on an e-commerce website.  Is the protein powder plant based? ","['gluten free', 'It cannot be inferred. ', 'plant based', 'vegetarian']",2
The product '910CNT ZW500 15 SMT CP Z-Wave Contemporary Deadbolt - Satin Nickel' appears on an e-commerce website. What is it made of?,"['nickel', 'It cannot be inferred.', 'stainless steel', 'cotton']",0
The product 'WHOLE FOODS MARKET Pumpkin Pie 9 Inch' appears on an e-commerce website.  What type of it is the product?,"['pumpkin', 'mint', 'cheddar', 'It cannot be inferred.']",0
The product 'Fonmy Stainless Steel Wind Spinner Worth Gift Indoor Outdoor Garden Decoration Crafts Ornaments 12 inch Multi Color Mandala Wind Spinners' appears on an e-commerce website.  What color is the hanging ornament?,"['It cannot be inferred.', 'blue', 'white', 'multicolor']",3
"The product 'Hooyman 14ft Pole Saw with Heavy Duty Construction, Ergonomic Non-Slip Handle and Megabite Teeth for Gardening, Land Management, Yard Work, Farming and Outdoor' appears on an e-commerce website.  What color is it?","['white', 'black', 'It cannot be inferred.', 'blue']",2
"The product 'Smyrna Vintage Series Original Turkish Beach Towel | 100% Cotton, Prewashed, 37 x 71 Inches | Turkish Bath Towel for SPA, Beach, Pool, Gym and Bathroom (Fuchsia)' appears on an e-commerce website.  What type of fabric is used in it?","['It cannot be inferred.', 'silk', 'spandex, polyester', 'turkish cotton']",3
"The product 'DAVID'S, KOSHER SALT, Pack of 6, Size 40 OZ - No Artificial Ingredients6' appears on an e-commerce website.  Is the salt kosher? ","['kosher', 'not kosher', 'vegan', 'It cannot be inferred. ']",0
"The product 'Humble Abode Creations Nest Learning Thermostat Wall Plate, 6 Inch Stainless Steel Cover Plate, Compatible with 1st, 2nd, 3rd Generations and Nest Thermostat E (Not Compatible with 2020 New Models)' appears on an e-commerce website.  What type of mounting is used in it?","['It cannot be inferred.', 'handlebar', 'wall', 'wall mount']",3
The product 'Stand Steady Premier Clamp-On Keyboard Tray | Extra Large 27-Inch Keyboard Shelf for Ergonomic Typing | Heavy Duty Wood Tray & Metal Frame | Sliding Desk Tray & Under Desk Drawer (Black) ' appears on an e-commerce website.  What type of mounting is used in it?,"['It cannot be inferred.', 'freestanding', 'desk mount', 'wall']",2
"The product 'VEVOR 3-in-1 Electric Hoist Winch, 1100lbs Portable Electric Winch, 1500W 110V Power Winch Crane, 25ft Lifting Height, w/Wire and Wireless Remote Control, Overload Protection for Lifting Towing' appears on an e-commerce website.  What type of switch is used in it?","['It cannot be inferred.', 'remote control', 'touch', 'push button']",1
"The product 'colorPulse Professional Nude Ballerina Diamond Coffin Press On Nails Extra Long with Design, Glossy Acrylic Fake Nail, Designed False Tips Manicure 24pcs for Women and Girls' appears on an e-commerce website.  What type of finish is used in it?","['polished', 'natural', 'glossy', 'It cannot be inferred.']",2
The product 'Qearal Women's Basic Cotton Crewneck O-Neck Short Sleeve Loose Casual T-Shirts' appears on an e-commerce website.  What is the main material of it?,"['polyester', 'stainless steel', 'It cannot be inferred.', 'cotton']",3
"The product 'GOPLUS 54"" Foosball Table, Soccer Game Table Competition Sized Football Arcade for Adults, Kids, Indoor Game Room Sport' appears on an e-commerce website.  What is the top of it made of?","['wood', 'plastic', 'polyester', 'It cannot be inferred.']",3
"The product '2pack of 3 1/2"" Aluminum 550 Paracord FID, Lacing, Stitching Needles (Blue)' appears on an e-commerce website.  What is the main material used to make a it?","['aluminum', 'cotton', 'It cannot be inferred.', 'plastic']",0
The product 'Wisdom Sweet Drops Vanilla 1.7 fl.oz 6 Pack' appears on an e-commerce website.  Is it gluten free? ,"['vegetarian', 'vegan', 'gluten free', 'It cannot be inferred.']",2
The product 'WULFUL Men's Casual Short Sleeve Button Down Shirt Printed Cotton Business Dress Shirts' appears on an e-commerce website.  What type of pattern is used in it?,"['It cannot be inferred.', 'solid', 'letter print', 'floral']",1
"The product 'Sunnydaze Solar Pump and Solar Panel Kit with Battery Pack, Remote Control and LED Light, 65 GPH, 47-Inch Lift' appears on an e-commerce website.  What color is it?","['blue', 'It cannot be inferred.', 'silver', 'white']",1
"The product 'Greater Goods Blood Pressure Monitor - Pro-Series, Upper Arm with Large Backlit LCD, Premium Hardware' appears on an e-commerce website.  What type of display is used in it?","['It cannot be inferred.', 'lcd', 'seven-digit', 'oled']",1
"The product 'HUAXU Solar Lights Outdoor , Garden Decor , Amber Crackle Globe Glass Lotus Decoration,Waterproof Gray Metal Flower Light for Patio,Lawn,Walkway,Tabletop,Ground' appears on an e-commerce website.  What type of installation is needed for it?","['It cannot be inferred.', 'tabletop', 'wall mount', 'free standing']",1
The product 'Manischewitz Soup Mix Minestrone Pack of 4' appears on an e-commerce website.  Is the soup and stew kosher? ,"['non kosher', 'It cannot be inferred.', 'kosher', 'vegetarian']",1
"The product 'Prepac White Calla 5-Drawer Chest, King,' appears on an e-commerce website.  What color is it?","['blue', 'white', 'silver', 'It cannot be inferred.']",1
The product 'Wall Mounted Fishing Rod Holders Tubes Links Fishing Rod Holder Rack Rests (2-Pole-Black)' appears on an e-commerce website.  What type of mounting is used in it?,"['wall mount', 'It cannot be inferred.', 'handlebar', 'freestanding']",0
"The product 'T best Brush Motor, 1:14 Scale Metal 550 Carbon Brush Motor Four-Wheel Drive Remoted Control Speed Change Motor RC Cars Replacement Upgrade Parts for WLtoys 144001 1/14 Alloy RC Car(Metal)' appears on an e-commerce website.  What is it made of?","['stainless steel', 'It cannot be inferred.', 'cotton', 'metal']",3
The product 'Accelera Phi 2 All-Season High Performance Radial Tire-285/30R19 285/30ZR19 285/30-19 98Y Load Range XL 4-Ply' appears on an e-commerce website.  What is the rating of it?,"['It cannot be inferred.', '10-ply', '4-ply', '8-ply']",2
"The product 'Dinosaur Bubble Machine for Toddlers, Automatic Bubbles Blower Rechargeable with Led Lights and 4 Bubble Solutions, Bubble Maker Outdoor Outside Party Toys for Kids 4-8' appears on an e-commerce website.  What type of power source is used in it?","['It cannot be inferred.', 'manual', 'corded electric', 'battery powered']",3
The product 'RadioShack 2.2K Ohm 1/4-Watt Carbon Film Resistor (5 Pack)' appears on an e-commerce website.  What is its made of?,"['carbon', 'It cannot be inferred.', 'cotton', 'plastic']",0
"The product 'Jerdon JRT695N 6.5-Inch by 8.5-Inch Wall Mount Rectangular Makeup Mirror, Nickel Finish' appears on an e-commerce website.  What type of finish is used in it?","['stainless steel', 'It cannot be inferred.', 'polished', 'nickel finish']",3
"The product 'msi gaming geforce rtx 3080 10 gb gdrr6 x 320 bit hdmi / dp nvlink torx fan 3 ampere' appears on an e-commerce website. What video output interface does it support?","['hdmi', 'It cannot be inferred', 'dp', 'vga']",0
"The product 'andmann usa 3495 cla smoky mountain 34 inch vertical charcoal smoker bullet point - also features square , wide stance legs for stability , porcelain coated steel' appears on an e-commerce website. What fuel does it burn?","['It cannot be inferred', 'methane', 'charcoal', 'wood']",2
"The product 'bosch automotive double platinum spark plug up to 3 x longer life for select buick , cadillac , chevrolet , gmc , hummer , isuzu , oldsmobile' appears on an e-commerce website. What is the core material of it?","['paladium', 'platinum', 'It cannot be inferred', 'gold']",1
"The product 'sable inflatable swimming pool , giant family swim rectangular pool for ages 3 +' appears on an e-commerce website. What shape is it?","['square', 'round', 'It cannot be inferred.', 'rectangular']",3
"The product 'arth friendly products ecos liquid laundry detergent , lavender , 100 ounce bullet point - all natural 2 x concentrated liquid laundry detergent cleans and protects your' appears on an e-commerce website. What scent is it?","['cherry', 'It cannot be inferred.', 'lavender', 'lemon']",2
"The product 'gigabyte geforce rtx 2070 super gaming oc white 8 g graphics card , 3 x windforce fans , 8 gb 256 bit gddr' appears on an e-commerce website. What is its memory size?","['6 gb', '8 gb', '12 gb', 'It cannot be inferred']",1
"The product 'mightyskins skin for hp pavilion x360 15 "" ( 2020 ) cartoon mania protective , durable , and unique vinyl decal wrap cover easy to apply' appears on an e-commerce website. What is its main material?","['plastic', 'polyester', 'It cannot be inferred', 'vinyl']",3
"The product 'pear shaped morganite drop earrings with coffee diamonds in platinum ( 9 mm x 6mm morganite ) product description - dangling from shepherd hooks are these delicately crafted morgan' appears on an e-commerce website. What is the gem used?","['morganite', 'sapphire', 'no gemstone', 'It cannot be inferred.']",0
"The product 'uxzdx cujux desktop recording condenser microphone fold back legs design with usb cable carrying bag , for computer ( color : chrome ) product description' appears on an e-commerce website. What connection does it use?","['usb', '3.5mm', 'lightning', 'It cannot be inferred.']",0
"The product 'onethingcam 4 g body dual camera with 3 . 1 inch touch screen full up 1080 p 30 fps 32 g memory 140 degree wide angle lens' appears on an e-commerce website. Is it waterproof?","['waterproof', 'water-resistant', 'not waterproof', 'It cannot be inferred']",3
"The product 'ambesonne piglet fitted sheet , repetitive of pigs polka dots and lines , soft decorative fabric bedding all round elastic pocket , queen size , grey pink product' appears on an e-commerce website. What is the fabric type to make it?","['cotton','It cannot be inferred', 'silk','nylon']",1
"The product 'dell p2213 professional 22 inch led backlit lcd monitor , black' appears on an e-commerce website. What is its display technology?","['led', 'lcd','It cannot be inferred', 'miniled']",1
"The product 'gem stone king 2 . 00 ct heart shape pink mystic topaz blue diamond 14 k yellow gold earrings product description - contemporary and distinctive our mystic topaz and diamond' appears on an e-commerce website. What is the shape of the gemstone?","['It cannot be inferred.', 'round', 'heart shape', 'waterdrop shape']",2
"The product 'millstone 100 % colombian decaf ground coffee , 11 ounce packages ( pack of 2 )' appears on an e-commerce website. What coffee does it make?","['decaffeinated coffee', 'americano', 'latte', 'It cannot be inferred.']",0
"The product 'sorme treatment cosmetics lip rescue tinted lip balm , juicy' appears on an e-commerce website. What form is it in?","['foam', 'It cannot be inferred.', 'gel', 'balm']",3
"The product 'gopro hero7 ( black ) waterproof digital action camera with touch screen 4 k hd video 12 mp photos live streaming stabilization bundle with 2 x 16 gb memory' appears on an e-commerce website. What video resolution can it capture?","['It cannot be inferred.', '12 mp', '1080p', '4k']",3
"The product 'atcuji 26800 mah surface power bank + slim adapter 140 w power delivery for ms surface book 2 laptop portable charger surface pro x 7 6' appears on an e-commerce website. What connector does it use?","['type c', 'lightning', 'It cannot be inferred.', 'usb']",2
"The product 'full hd glasses spy camera : with a perfect combination of hd camera and lenses , 30 fps recording speed' appears on an e-commerce website. What is its frame rate?","['30fps', 'It cannot be inferred.', '40fps', '60fps']",0
"The product 'nekteck multifunctional car jump starter portable external battery charger 600 a peak with 16800 mah high capacity emergency auto heavy duty jumper for sedan' appears on an e-commerce website. What is the voltage it can output?","['120v', 'It cannot be inferred.', '16800mah','220v']",1
"The product 'cute elephant school backpack for girls / boys womens bookbag , casual canvas daypack black' appears on an e-commerce website. How can it be closed?","['zip up', 'lace up', 'hook', 'It cannot be inferred']",3
"The product 'gigabyte amd radeon r7 250 oc 2 gb ddr3 vga / dvi / hdmi pci express video card g' appears on an e-commerce website. What are the video connections it can support?","['vga', 'hdmi', 'dvi', 'all of the above']",3
"The product 'asus geforce gtx 1080 8 gb rog strix graphics card ( strix gtx1080 a8g gaming ) bullet point - brand' appears on an e-commerce website. What is its display resolution?","['1080p', '4k', 'It cannot be inferred.', '2k']",2
"The product 'godiva chocolatier dark chocolate covered pretzels gift canister , 1 pound , 16 ounce' appears on an e-commerce website. What is its weight?","['16 pound', '1 pound', '1 ounce', 'It cannot be inferred.']",1
"The product 'bullet point - effective bug repellent : variety travel pack ; assorted bug spray with picaridin 20 % for full body application , also safe on gear' appears on an e-commerce website. What form is it in?","['spray', 'foam','It cannot be inferred.','gel']",0
"The product 'yoobao wireless charging station power bank charge dock includes 5 pcs of 10000 mah built in cable portable charger compatible iphone samsung easy charging at home office' appears on an e-commerce website. What connectors does it support?","['usb', 'usb-c', 'lightning', 'It cannot be inferred.']",3
"The product 'mme cartoon case for iphone x / xs mickey minnie mouse case cute 3 d character case soft tpu with pop out phone stand holder and neck strap lan' appears on an e-commerce website. What phone types is it compatible with?","['iphone x', 'iphone xs', 'both of the above', 'It cannot be inferred.']",2
"The product 'young scent prebiotic drink 100 % juice no preservative 52 calories 6 oz fl bonus 12 delicious mocktail recipes ( apple , 4 pack ) product' appears on an e-commerce website. What is its flavor?","['apple', 'It cannot be inferred.', 'citrus', 'coconut']",0
"The product 'graph hill double layer seersucker robe soft microfiber spa bathrobe ( extra large , white )' appears on an e-commerce website. What is its neck style?","['It cannot be inferred.', 'crew neck', 'v neck', 'round neck']",0
"The product 'ngk imr9d 9 h laser iridium spark plug bullet point - laser welded iridium center electrode tip ensures high durability and greater spark bullet' appears on an e-commerce website. What is its material?","['It cannot be inferred.', 'platinum', 'zirconium', 'iridium']",3
"The product 'rrinsins men 1 button solid casual business regular fit dress blazer jacket sport coat navy blue us xs' appears on an e-commerce website. What is its closure style?","['zipper', 'button', 'hook','It cannot be inferred']",1
"The product 'nutrition magnesium glycinate chelate drink mix supplement for stress relief and better sleep tasty , high absorption , stomach friendly , vegan , non gmo' appears on an e-commerce website. What flavor is it?","['magnesium','It cannot be inferred.', 'chelate','coconut']",1
"The product 'cashmere bathroom tissue 48 double rolls soft 2 ply toilet paper 242 sheets family size' appears on an e-commerce website. What material is it made of?","['cashmere', 'cotton', 'paper', 'It cannot be inferred.']",2
"The product 'hree keys jewelry nature tungsten carbide mens red opal inlaid wedding band 8 mm ring polish for men inlay engrave engagement black size' appears on an e-commerce website. What material is it made of?","['tungsten carbide', 'It cannot be inferred.', 'tungsten', 'silver']",0
