question,choices,answer
Which of the following attribute values has the most similar meaning to 'pe' for a(n) 'coin purse pouch' product and 'material' attribute?,"['chromium', 'polyethylene', 'polytetrafluoroethylene (ptfe)', 'water hyacinth']",1
"Given the product type 'camera support' and the attribute 'compatible devices', which of the following choices have the closest meaning to the value 'smartphones'?","['air purifier', 'laptops', 'cellphone', 'playstation vita']",2
"Given the product type 'eyeglass case' and the attribute 'material', which of the following choices have the closest meaning to the value 'mdf glasses case'?","['chromium', 'water hyacinth', 'polytetrafluoroethylene (ptfe)', 'engineered wood']",3
Which of the following attribute values has the most similar meaning to 'baby girls & baby boys' for a(n) 'ring' product and 'target audience' attribute?,"['goddaughter', 'unisex babies', 'friend', 'niece']",1
Instruction: Select the 'engine displacement' entity that has the most similar meaning to ' millilitres' given the product type outboard motor.,"['centiliters', 'liters', 'milliliters', 'cubic meters']",2
Which of the following attribute values has the most similar meaning to ' yrd' for a(n) 'coat' product and 'chest size' attribute?,"['yards', 'miles', 'decimeters', 'meters']",0
"Given the product type 'fuel filter' and the attribute 'item diameter', which of the following choices have the closest meaning to the value ' micron'?","['micrometer', 'miles', 'meters', 'decimeters']",0
"Given the product type 'security camera' and the attribute 'night vision range', which of the following choices have the closest meaning to the value ' micrometres'?","['decimeters', 'micrometer', 'miles', 'meters']",1
Which of the following attribute values has the most similar meaning to ' lter' for a(n) 'handbag' product and 'capacity' attribute?,"['gallons', 'liters', 'ounces', 'cubic feet']",1
"Given the product type 'hair tie' and the attribute 'target audience', which of the following choices have the closest meaning to the value 'teenage girl'?","['goddaughter', 'friend', 'niece', 'youth girls']",3
Which of the following attribute values has the most similar meaning to 'tn' for a(n) 'skin foundation concealer' product and 'country as labeled' attribute?,"['belize', 'martinique', 'tunisia', 'djibouti']",2
Instruction: Select the 'hair type' entity that has the most similar meaning to 'coiled textured hair' given the product type hair clip.,"['thin', 'relaxed', 'coily', 'chemically treated']",2
Instruction: Select the 'pattern' entity that has the most similar meaning to 'leopard print' given the product type costume outfit.,"['toile de jouy', 'striped', 'animal print', 'coastal']",2
Which of the following attribute values has the most similar meaning to 'below knees dress' for a(n) 'dress' product and 'item length description' attribute?,"['ankle length', 'micro', 'mid thigh length', 'below the knee']",3
"Given the product type 'cabinet' and the attribute 'number of shelves', which of the following choices have the closest meaning to the value 'twenty four  fixed height shelves'?","['22', '13', '24', '1']",2
Which of the following attribute values has the most similar meaning to 'hook & loop' for a(n) 'corset' product and 'closure type' attribute?,"['roll up', 'click off cap', 'hook and loop', 'inner lid']",2
"Given the product type 'wildlife feeder' and the attribute 'capacity', which of the following choices have the closest meaning to the value ' ozs'?","['ounces', 'gallons', 'cubic feet', 'cubic centimeters']",0
"Given the product type 'table' and the attribute 'item diameter', which of the following choices have the closest meaning to the value ' millimetre'?","['decimeters', 'meters', 'miles', 'millimeters']",3
"Given the product type 'bracelet' and the attribute 'material', which of the following choices have the closest meaning to the value 'titanium steel'?","['stainless steel', 'polytetrafluoroethylene (ptfe)', 'water hyacinth', 'chromium']",0
"Given the product type 'trampoline' and the attribute 'item shape', which of the following choices have the closest meaning to the value 'ovular shape'?","['rectangle', 'oval', 'triangle', 'kettle']",1
Which of the following attribute values has the most similar meaning to 'beeswax' for a(n) 'hair removal agent' product and 'ingredients' attribute?,"['goji', 'honey', 'sesame seed', 'almond oil']",1
"Given the product type 'shampoo' and the attribute 'target audience', which of the following choices have the closest meaning to the value 'boys and girls'?","['goddaughter', 'niece', 'friend', 'unisex kids']",3
Which of the following attribute values has the most similar meaning to ' oz fl' for a(n) 'wildlife feeder' product and 'capacity' attribute?,"['fluid ounces', 'ounces', 'gallons', 'cubic feet']",0
Instruction: Select the 'country as labeled' entity that has the most similar meaning to 'jm' given the product type skin foundation concealer.,"['belize', 'martinique', 'djibouti', 'jamaica']",3
Instruction: Select the 'country as labeled' entity that has the most similar meaning to 'sh' given the product type mascara.,"['djibouti', 'martinique', 'saint helena, ascension and tristan da cunha', 'belize']",2
"Given the product type 'outboard motor' and the attribute 'fuel capacity', which of the following choices have the closest meaning to the value ' fluid oz'?","['fluid ounces', 'liters', 'centiliters', 'cubic meters']",0
Which of the following attribute values has the most similar meaning to 'synthetic topaz' for a(n) 'charm' product and 'gem type' attribute?,"['ethiopian opal', 'epidote', 'obsidian', 'created topaz']",3
Which of the following attribute values has the most similar meaning to 'tm' for a(n) 'eyelid color' product and 'country as labeled' attribute?,"['turkmenistan', 'martinique', 'belize', 'djibouti']",0
"Given the product type 'bicycle' and the attribute 'bike type', which of the following choices have the closest meaning to the value 'time trail'?","['drift trike', 'triathlon bike', 'triathlon', 'freeride bike']",1
Which of the following attribute values has the most similar meaning to 'sbs zippper' for a(n) 'tent' product and 'closure type' attribute?,"['zipper', 'roll up', 'click off cap', 'inner lid']",0
"Given the product type 'turntable' and the attribute 'power consumption', which of the following choices have the closest meaning to the value ' horsepwer'?","['watts', 'horsepower', 'picowatts', 'kilowatts']",1
"Given the product type 'skin foundation concealer' and the attribute 'target gender', which of the following choices have the closest meaning to the value 'man'?","['para hombre', 'female', 'male', 'unisex']",2
Instruction: Select the 'wattage' entity that has the most similar meaning to ' wattage' given the product type power cord.,"['kilowatt hours', 'picowatts', 'milliamp hours', 'watts']",3
"Given the product type 'overalls' and the attribute 'target audience', which of the following choices have the closest meaning to the value 'overall woman'?","['goddaughter', 'niece', 'friend', 'women']",3
"Given the product type 'rug' and the attribute 'item thickness', which of the following choices have the closest meaning to the value ' kilometres'?","['meters', 'miles', 'kilometers', 'decimeters']",2
Which of the following attribute values has the most similar meaning to 'man made leather' for a(n) 'handbag' product and 'outer material' attribute?,"['gel', 'modal', 'faux leather', 'iron']",2
Instruction: Select the 'target audience' entity that has the most similar meaning to 'boy/girl' given the product type toothbrush.,"['friend', 'goddaughter', 'niece', 'unisex kids']",3
"Given the product type 'stool seating' and the attribute 'maximum weight recommendation', which of the following choices have the closest meaning to the value ' oz'?","['grams', 'tons', 'milligrams', 'ounces']",3
Instruction: Select the 'capacity' entity that has the most similar meaning to ' litre' given the product type vehicle bag.,"['ounces', 'liters', 'cubic feet', 'gallons']",1
Instruction: Select the 'operating system' entity that has the most similar meaning to 'win 2000' given the product type multiport hub.,"['windows 2000', 'windows 2000 professional', 'windows server 2000', 'windows 2000 server']",0
Instruction: Select the 'number of doors' entity that has the most similar meaning to 'six soft closing doors' given the product type cabinet.,"['10', '9', '2', '6']",3
"Given the product type 'coat' and the attribute 'style', which of the following choices have the closest meaning to the value 'miliatry coat'?","['military coat', 'rotary vane', 'wellington boots', 'misting']",0
Instruction: Select the 'maximum weight recommendation' entity that has the most similar meaning to ' miligrm' given the product type chair.,"['milligrams', 'tons', 'grams', 'ounces']",0
Which of the following attribute values has the most similar meaning to 'svenska elektriska materielkontrollanstalten' for a(n) 'toggle switch' product and 'specification met' attribute?,"['semko', 'ip 67', 'asta', 'mss sp 80']",0
"Given the product type 'camera support' and the attribute 'compatible devices', which of the following choices have the closest meaning to the value 'iphone x'?","['laptops', 'air purifier', 'playstation vita', 'cellphone']",3
Which of the following attribute values has the most similar meaning to 'four shelf' for a(n) 'cabinet' product and 'number of shelves' attribute?,"['4', '1', '22', '13']",0
"Given the product type 'glitter' and the attribute 'item form', which of the following choices have the closest meaning to the value 'glitter creme'?","['jelly', 'loaf', 'capsule', 'cream']",3
Instruction: Select the 'material' entity that has the most similar meaning to 'material' given the product type apparel pin.,"['water hyacinth', 'aluminum', 'polytetrafluoroethylene (ptfe)', 'chromium']",1
"Given the product type 'wall art' and the attribute 'item shape', which of the following choices have the closest meaning to the value 'triangle shape'?","['triangular', 'kettle', 'rectangle', 'triangle']",0
Which of the following attribute values has the most similar meaning to ' kilometre' for a(n) 'bicycle bell' product and 'minimum compatible size' attribute?,"['kilometers', 'miles', 'decimeters', 'meters']",0
Instruction: Select the 'material' entity that has the most similar meaning to 'pc' given the product type knife sharpener.,"['chromium', 'polycarbonate', 'polytetrafluoroethylene (ptfe)', 'water hyacinth']",1
Which of the following attribute values has the most similar meaning to 'alloy and elastic ribbon' for a(n) 'apparel pin' product and 'material' attribute?,"['metal', 'chromium', 'polytetrafluoroethylene (ptfe)', 'water hyacinth']",0
Instruction: Select the 'collar style' entity that has the most similar meaning to 'cutaway collar' given the product type coat.,"['pile', 'turn down collar', 'spread', 'revere']",2
"Given the product type 'cosmetic powder' and the attribute 'skin tone', which of the following choices have the closest meaning to the value 'skin tone '?","['very light', 'deep', 'fair', 'light']",1
Which of the following attribute values has the most similar meaning to 'my' for a(n) 'cosmetic powder' product and 'country as labeled' attribute?,"['belize', 'martinique', 'djibouti', 'malaysia']",3
Instruction: Select the 'outer material' entity that has the most similar meaning to 'lycra' given the product type sweater.,"['spandex', 'gel', 'iron', 'modal']",0
Which of the following attribute values has the most similar meaning to 'fertility' for a(n) 'thermometer' product and 'recommended uses for product' attribute?,"['dark spots', 'sporting goods', 'resting', 'ovulation']",3
Instruction: Select the 'rim width' entity that has the most similar meaning to ' millimetre' given the product type wheel.,"['millimeters', 'meters', 'miles', 'decimeters']",0
"Given the product type 'camera continuous light' and the attribute 'hardware interface', which of the following choices have the closest meaning to the value 'usb c'?","['multimedia card mobile', 'usb type c', 'pci express x8', 'memory stick xc']",1
"Given the product type 'trampoline' and the attribute 'item shape', which of the following choices have the closest meaning to the value 'hexagon shaped'?","['rectangle', 'triangle', 'hexagonal', 'kettle']",2
Which of the following attribute values has the most similar meaning to 'motorbikes' for a(n) 'portable electronic device mount' product and 'compatible with vehicle type' attribute?,"['motorcycle', 'crane', 'scooter', 'moped']",0
Instruction: Select the 'item thickness' entity that has the most similar meaning to ' milimeters' given the product type curtain.,"['miles', 'decimeters', 'meters', 'millimeters']",3
"Given the product type 'table' and the attribute 'item diameter', which of the following choices have the closest meaning to the value ' kilometres'?","['kilometers', 'miles', 'meters', 'decimeters']",0
Instruction: Select the 'gem type' entity that has the most similar meaning to 'american diamond' given the product type jewelry set.,"['ethiopian opal', 'obsidian', 'epidote', 'cubic zirconia']",3
Instruction: Select the 'skin tone' entity that has the most similar meaning to 'dark' given the product type skin foundation concealer.,"['deep', 'light', 'very light', 'fair']",0
"Given the product type 'hair clip' and the attribute 'country as labeled', which of the following choices have the closest meaning to the value 'de'?","['martinique', 'belize', 'germany', 'djibouti']",2
Which of the following attribute values has the most similar meaning to 'stripes' for a(n) 'shirt' product and 'pattern' attribute?,"['toile de jouy', 'galaxy', 'striped', 'coastal']",2
Which of the following attribute values has the most similar meaning to ' centimetre' for a(n) 'watch band' product and 'item thickness' attribute?,"['miles', 'centimeters', 'decimeters', 'meters']",1
Which of the following attribute values has the most similar meaning to ' milligrm' for a(n) 'chair' product and 'maximum weight recommendation' attribute?,"['tons', 'milligrams', 'ounces', 'grams']",1
Which of the following attribute values has the most similar meaning to 'ultra high' for a(n) 'skirt' product and 'rise style' attribute?,"['high rise', 'mid rise', 'low', 'thigh high']",0
Instruction: Select the 'country as labeled' entity that has the most similar meaning to 'gn' given the product type cosmetic powder.,"['martinique', 'guinea', 'djibouti', 'belize']",1
Which of the following attribute values has the most similar meaning to 'for men' for a(n) 'shampoo' product and 'target gender' attribute?,"['male', 'unisex', 'female', 'para hombre']",0
Which of the following attribute values has the most similar meaning to 'travelling' for a(n) 'hammock' product and 'recommended uses for product' attribute?,"['dark spots', 'sporting goods', 'traveling', 'resting']",2
Instruction: Select the 'compatible devices' entity that has the most similar meaning to 'ipad' given the product type printer.,"['air purifier', 'laptops', 'tablets', 'playstation vita']",2
Which of the following attribute values has the most similar meaning to ' mililitres' for a(n) 'handbag' product and 'capacity' attribute?,"['milliliters', 'ounces', 'gallons', 'cubic feet']",0
Instruction: Select the 'pattern' entity that has the most similar meaning to 'gingham' given the product type blazer.,"['checkered', 'striped', 'toile de jouy', 'coastal']",0
Which of the following attribute values has the most similar meaning to 'pu leather' for a(n) 'wallet' product and 'material' attribute?,"['faux leather', 'polytetrafluoroethylene (ptfe)', 'chromium', 'water hyacinth']",0
Instruction: Select the 'theme' entity that has the most similar meaning to 'insect necktie' given the product type necktie.,"['comics', 'retro and mod', 'insects', 'ninja']",2
Instruction: Select the 'item thickness' entity that has the most similar meaning to ' milimeter' given the product type watch band.,"['millimeters', 'miles', 'decimeters', 'meters']",0
Which of the following attribute values has the most similar meaning to ' fl ozs' for a(n) 'camera cleaner' product and 'liquid volume' attribute?,"['liters', 'fluid ounces', 'centiliters', 'cubic meters']",1
Which of the following attribute values has the most similar meaning to ' millilitres' for a(n) 'dry shampoo' product and 'item volume' attribute?,"['centiliters', 'milliliters', 'liters', 'cubic meters']",1
Which of the following attribute values has the most similar meaning to ' mls' for a(n) 'mouthwash' product and 'liquid volume' attribute?,"['milliliters', 'liters', 'cubic meters', 'centiliters']",0
Instruction: Select the 'age range description' entity that has the most similar meaning to 'men/mens' given the product type sport mitt.,"['adults', 'adult', 'older', 'all ages']",1
"Given the product type 'chair' and the attribute 'seat back interior height', which of the following choices have the closest meaning to the value ' micrometre'?","['meters', 'decimeters', 'miles', 'micrometer']",3
Instruction: Select the 'audio output mode' entity that has the most similar meaning to ' dolby digital ' given the product type video disc player.,"['digital', 'mono', 'surround', 'stereo']",2
Instruction: Select the 'number of shelves' entity that has the most similar meaning to 'twenty adjustable or removable shelves' given the product type cabinet.,"['22', '13', '20', '1']",2
Which of the following attribute values has the most similar meaning to 'vs1' for a(n) 'jewelry set' product and 'stone clarity' attribute?,"['si1', 'i1', 'very slightly included', 'vvs1']",2
"Given the product type 'overalls' and the attribute 'waist style', which of the following choices have the closest meaning to the value 'lower on waist'?","['low waist', 'high waist', 'medium waist', 'mid waist']",0
Instruction: Select the 'country as labeled' entity that has the most similar meaning to 'sg' given the product type cosmetic powder.,"['djibouti', 'singapore', 'martinique', 'belize']",1
"Given the product type 'cabinet' and the attribute 'number of doors', which of the following choices have the closest meaning to the value 'twelve cabinet doors,'?","['2', '10', '12', '9']",2
Which of the following attribute values has the most similar meaning to 'mv' for a(n) 'skin foundation concealer' product and 'country as labeled' attribute?,"['djibouti', 'maldives', 'martinique', 'belize']",1
Instruction: Select the 'theme' entity that has the most similar meaning to 'animal themed neckties' given the product type necktie.,"['ninja', 'comics', 'animals', 'retro and mod']",2
Instruction: Select the 'recommended uses for product' entity that has the most similar meaning to 'travel first aid kit' given the product type first aid kit.,"['traveling', 'dark spots', 'sporting goods', 'resting']",0
"Given the product type 'fuel filter' and the attribute 'compatible with vehicle type', which of the following choices have the closest meaning to the value 'dirt bike'?","['crane', 'moped', 'scooter', 'dirt motorcycle']",3
Instruction: Select the 'material' entity that has the most similar meaning to 'material quality' given the product type game dice.,"['ethylene vinyl acetate', 'polytetrafluoroethylene (ptfe)', 'water hyacinth', 'chromium']",0
"Given the product type 'earring' and the attribute 'stone shape', which of the following choices have the closest meaning to the value 'octagon shape'?","['radiant', 'octagonal', 'half moon', 'hexagonal']",1
Instruction: Select the 'item diameter' entity that has the most similar meaning to ' km' given the product type table.,"['decimeters', 'meters', 'kilometers', 'miles']",2
Which of the following attribute values has the most similar meaning to 'granules' for a(n) 'skin exfoliant' product and 'item form' attribute?,"['grain', 'loaf', 'capsule', 'jelly']",0
Which of the following attribute values has the most similar meaning to 'securing hair' for a(n) 'hair clip' product and 'recommended uses for product' attribute?,"['dark spots', 'resting', 'hair securing', 'sporting goods']",2
"Given the product type 'swimwear' and the attribute 'theme', which of the following choices have the closest meaning to the value 'panther'?","['ninja', 'animal', 'retro and mod', 'comics']",1
Which of the following attribute values has the most similar meaning to 'world cup football' for a(n) 'sweatshirt' product and 'league name' attribute?,"['world cup soccer', 'world baseball classic', 'mls', 'ufc']",0
Which of the following attribute values has the most similar meaning to ' foots' for a(n) 'dress' product and 'waist size' attribute?,"['miles', 'meters', 'feet', 'decimeters']",2
"Given the product type 'sport racket' and the attribute 'material', which of the following choices have the closest meaning to the value 'sebs'?","['water hyacinth', 'polytetrafluoroethylene (ptfe)', 'styrene ethylene butadiene styrene', 'chromium']",2
"Given the product type 'jewelry set' and the attribute 'stone clarity', which of the following choices have the closest meaning to the value 'vs 1'?","['vvs1', 'very slightly included', 'i1', 'vs1']",1
Which of the following attribute values has the most similar meaning to 'china compulsory certificate' for a(n) 'toggle switch' product and 'specification met' attribute?,"['ip 67', 'asta', 'ccc', 'mss sp 80']",2
Which of the following attribute values has the most similar meaning to 'playstation' for a(n) 'multiport hub' product and 'compatible devices' attribute?,"['laptops', 'gaming consoles', 'playstation vita', 'air purifier']",1
"Given the product type 'mascara' and the attribute 'country as labeled', which of the following choices have the closest meaning to the value 'gf'?","['martinique', 'djibouti', 'belize', 'french guiana']",3
"Given the product type 'mascara' and the attribute 'country as labeled', which of the following choices have the closest meaning to the value 'pg'?","['belize', 'martinique', 'djibouti', 'papua new guinea']",3
"Given the product type 'hair clip' and the attribute 'material', which of the following choices have the closest meaning to the value 'ps'?","['polystyrene', 'water hyacinth', 'polytetrafluoroethylene (ptfe)', 'chromium']",0
Which of the following attribute values has the most similar meaning to ' milimetre' for a(n) 'snow pant' product and 'waist size' attribute?,"['miles', 'millimeters', 'meters', 'decimeters']",1
Instruction: Select the 'capacity' entity that has the most similar meaning to ' mililitres' given the product type coffee maker.,"['gallons', 'ounces', 'cubic feet', 'milliliters']",3
Which of the following attribute values has the most similar meaning to ' kgs' for a(n) 'sport binding' product and 'maximum weight recommendation' attribute?,"['tons', 'kilograms', 'milligrams', 'ounces']",1
Instruction: Select the 'number of shelves' entity that has the most similar meaning to 'three fixed height shelves' given the product type cabinet.,"['13', '1', '3', '22']",2
"Given the product type 'cabinet' and the attribute 'number of shelves', which of the following choices have the closest meaning to the value 'seven adjustable or removable shelves'?","['7', '1', '13', '22']",0
Which of the following attribute values has the most similar meaning to ' centimetres' for a(n) 'vest' product and 'waist size' attribute?,"['decimeters', 'miles', 'meters', 'centimeters']",3
Instruction: Select the 'material' entity that has the most similar meaning to 'tpu' given the product type handbag.,"['thermoplastic polyurethane', 'polytetrafluoroethylene (ptfe)', 'chromium', 'water hyacinth']",0
Instruction: Select the 'bore diameter' entity that has the most similar meaning to ' ft' given the product type wheel.,"['meters', 'decimeters', 'feet', 'miles']",2
Which of the following attribute values has the most similar meaning to 'enamel' for a(n) 'lamp' product and 'finish type' attribute?,"['cobalt', 'painted', 'altin', 'iron']",1
Which of the following attribute values has the most similar meaning to 'aluminium alloy' for a(n) 'leash' product and 'material' attribute?,"['chromium', 'water hyacinth', 'aluminum', 'polytetrafluoroethylene (ptfe)']",2
Which of the following attribute values has the most similar meaning to 'pc compatible' for a(n) 'electronic component fan' product and 'compatible devices' attribute?,"['desktop', 'air purifier', 'playstation vita', 'laptops']",0
Instruction: Select the 'specialty' entity that has the most similar meaning to 'specialty:bpa free' given the product type nail polish.,"['no sugar alcohols', 'carrageenan free', 'high calcium', 'bisphenol a free']",3
Instruction: Select the 'hair type' entity that has the most similar meaning to 'wave' given the product type hair brush.,"['thin', 'chemically treated', 'relaxed', 'wavy']",3
Which of the following attribute values has the most similar meaning to ' grm' for a(n) 'pet bed mat' product and 'maximum weight recommendation' attribute?,"['milligrams', 'ounces', 'grams', 'tons']",2
Which of the following attribute values has the most similar meaning to 'octagon shaped' for a(n) 'trampoline' product and 'item shape' attribute?,"['kettle', 'octagonal', 'triangle', 'rectangle']",1
"Given the product type 'storage box' and the attribute 'capacity', which of the following choices have the closest meaning to the value ' litres'?","['cubic feet', 'ounces', 'liters', 'gallons']",2
Instruction: Select the 'item thickness' entity that has the most similar meaning to ' millimetre' given the product type rug.,"['miles', 'decimeters', 'millimeters', 'meters']",2
Which of the following attribute values has the most similar meaning to 'teen' for a(n) 'food bib' product and 'target audience' attribute?,"['niece', 'goddaughter', 'friend', 'unisex youth']",3
Instruction: Select the 'installation type' entity that has the most similar meaning to 'easy braiding hair' given the product type hair extension.,"['floor mounted', 'sew in', 'insert', 'bookshelf']",1
Instruction: Select the 'target audience' entity that has the most similar meaning to 'women and men' given the product type eyeglass case.,"['goddaughter', 'unisex adults', 'friend', 'niece']",1
"Given the product type 'sleeping bag' and the attribute 'occupancy', which of the following choices have the closest meaning to the value 'two person'?","['2 person', '3 person', '6 person', '2 persons']",0
Which of the following attribute values has the most similar meaning to 'lt' for a(n) 'cosmetic powder' product and 'country as labeled' attribute?,"['djibouti', 'lithuania', 'martinique', 'belize']",1
Instruction: Select the 'minimum compatible size' entity that has the most similar meaning to ' milimeters' given the product type bicycle bell.,"['decimeters', 'millimeters', 'meters', 'miles']",1
Which of the following attribute values has the most similar meaning to ' milimetre' for a(n) 'tote bag' product and 'strap length' attribute?,"['decimeters', 'miles', 'millimeters', 'meters']",2
"Given the product type 'necklace' and the attribute 'setting type', which of the following choices have the closest meaning to the value 'claw'?","['prong', 'micro pave', 'tension', 'post']",0
Which of the following attribute values has the most similar meaning to 'drift tricycle' for a(n) 'bicycle' product and 'bike type' attribute?,"['multi use bike', 'triathlon', 'drift trike', 'freeride bike']",2
Which of the following attribute values has the most similar meaning to 'boy & girl' for a(n) 'robe' product and 'target audience' attribute?,"['friend', 'niece', 'goddaughter', 'unisex kids']",3
Instruction: Select the 'recommended uses for product' entity that has the most similar meaning to 'office' given the product type water purification unit.,"['indoor', 'sporting goods', 'dark spots', 'resting']",0
"Given the product type 'wrench' and the attribute 'material', which of the following choices have the closest meaning to the value 'construction '?","['chromium', 'polytetrafluoroethylene (ptfe)', 'polyvinyl chloride', 'water hyacinth']",2
Which of the following attribute values has the most similar meaning to 'incredible' for a(n) 'costume outfit' product and 'theme' attribute?,"['ninja', 'movies', 'retro and mod', 'comics']",1
Instruction: Select the 'number of shelves' entity that has the most similar meaning to 'number of shelf :four' given the product type cabinet.,"['13', '4', '22', '1']",1
"Given the product type 'cabinet' and the attribute 'number of shelves', which of the following choices have the closest meaning to the value 'three adjustable shelves'?","['13', '22', '3', '1']",2
Instruction: Select the 'league name' entity that has the most similar meaning to 'english football' given the product type sweatband.,"['ufc', 'english soccer', 'world baseball classic', 'mls']",1
Instruction: Select the 'theme' entity that has the most similar meaning to 'lemon' given the product type rug.,"['ninja', 'fruits', 'retro and mod', 'comics']",1
Which of the following attribute values has the most similar meaning to 'pu leather' for a(n) 'portable electronic device stand' product and 'material' attribute?,"['faux leather', 'water hyacinth', 'chromium', 'polytetrafluoroethylene (ptfe)']",0
"Given the product type 'skin exfoliant' and the attribute 'material type free', which of the following choices have the closest meaning to the value 'no glutens'?","['gluten free', 'nitrile free', 'octisalate free', 'carmine free']",0
Which of the following attribute values has the most similar meaning to 'youth unisex' for a(n) 'sport mitt' product and 'target audience' attribute?,"['niece', 'goddaughter', 'unisex youth', 'friend']",2
Which of the following attribute values has the most similar meaning to 'auto mode  a ' for a(n) 'camera' product and 'shooting modes' attribute?,"['high dynamic range', 'slow motion', 'automatic', 'landscape']",2
"Given the product type 'sweatshirt' and the attribute 'material', which of the following choices have the closest meaning to the value 'neoprene'?","['synthetic rubber', 'polytetrafluoroethylene (ptfe)', 'water hyacinth', 'chromium']",0
"Given the product type 'pillow' and the attribute 'item firmness description', which of the following choices have the closest meaning to the value 'ultra plush'?","['firm', 'medium firm', 'extra soft', 'extra plush']",2
Which of the following attribute values has the most similar meaning to 'eleven fixed shelves' for a(n) 'cabinet' product and 'number of shelves' attribute?,"['22', '1', '13', '11']",3
"Given the product type 'lamp' and the attribute 'cable length', which of the following choices have the closest meaning to the value ' foot'?","['meters', 'decimeters', 'feet', 'miles']",2
Which of the following attribute values has the most similar meaning to ' cms' for a(n) 'golf club' product and 'item offset' attribute?,"['centimeters', 'miles', 'decimeters', 'meters']",0
Which of the following attribute values has the most similar meaning to 'world cup football' for a(n) 'trampoline' product and 'league name' attribute?,"['mls', 'world baseball classic', 'world cup soccer', 'ufc']",2
Instruction: Select the 'target audience' entity that has the most similar meaning to 'unisex child' given the product type sweater.,"['friend', 'goddaughter', 'niece', 'unisex kids']",3
Which of the following attribute values has the most similar meaning to 'composite wood' for a(n) 'sport table game' product and 'material' attribute?,"['polytetrafluoroethylene (ptfe)', 'chromium', 'engineered wood', 'water hyacinth']",2
Which of the following attribute values has the most similar meaning to ' metre' for a(n) 'tarp' product and 'center to center spacing' attribute?,"['decimeters', 'micrometer', 'meters', 'miles']",2
Which of the following attribute values has the most similar meaning to 'sixteen adjustable or removable shelves' for a(n) 'cabinet' product and 'number of shelves' attribute?,"['1', '16', '22', '13']",1
Which of the following attribute values has the most similar meaning to 'pvc' for a(n) 'portable electronic device cover' product and 'material' attribute?,"['polyvinyl chloride', 'chromium', 'water hyacinth', 'polytetrafluoroethylene (ptfe)']",0
Instruction: Select the 'eye piece lens description' entity that has the most similar meaning to 'petzeval' given the product type telescope.,"['super plossl', 'huygens', 'galilean', 'petzval']",3
"Given the product type 'security camera' and the attribute 'material', which of the following choices have the closest meaning to the value 'polybutylene terephtalate  pbt '?","['polybutylene terephtalate (pbt)', 'water hyacinth', 'chromium', 'polytetrafluoroethylene (ptfe)']",0
Instruction: Select the 'cable length' entity that has the most similar meaning to ' metre' given the product type power cord.,"['micrometer', 'meters', 'miles', 'decimeters']",1
Which of the following attribute values has the most similar meaning to ' micrometres' for a(n) 'tarp' product and 'item thickness' attribute?,"['decimeters', 'meters', 'micrometer', 'miles']",2
Instruction: Select the 'material' entity that has the most similar meaning to 'thermoplastic rubber  tpr ' given the product type hair tie.,"['polytetrafluoroethylene (ptfe)', 'thermoplastic elastomers', 'chromium', 'water hyacinth']",1
"Given the product type 'sweatband' and the attribute 'band length', which of the following choices have the closest meaning to the value ' nm'?","['meters', 'decimeters', 'miles', 'nanometer']",3
Instruction: Select the 'capacity' entity that has the most similar meaning to ' kg' given the product type handbag.,"['gallons', 'cubic feet', 'kilograms', 'ounces']",2
"Given the product type 'eyeglass case' and the attribute 'size', which of the following choices have the closest meaning to the value 'oneszie'?","['l', 'split king', 'one size', '0+ months']",2
Which of the following attribute values has the most similar meaning to 'phoenix' for a(n) 'necklace' product and 'theme' attribute?,"['comics', 'ninja', 'retro and mod', 'fantasy']",3
"Given the product type 'cosmetic powder' and the attribute 'country as labeled', which of the following choices have the closest meaning to the value 'bq'?","['bonaire, saint eustatius and saba', 'martinique', 'belize', 'djibouti']",0
"Given the product type 'sport goal' and the attribute 'frame material', which of the following choices have the closest meaning to the value 'aluminium tube frame'?","['iron', 'polystyrene', 'aluminum', 'birch wood']",2
"Which of the following attribute values has the most similar meaning to 'women,men' for a(n) 'shampoo' product and 'target audience' attribute?","['friend', 'niece', 'goddaughter', 'unisex adults']",3
"Given the product type 'cabinet' and the attribute 'number of shelves', which of the following choices have the closest meaning to the value 'number of shelf '?","['20', '13', '22', '1']",0
Which of the following attribute values has the most similar meaning to 'cottton blend' for a(n) 'rug' product and 'material' attribute?,"['water hyacinth', 'cotton blend', 'polytetrafluoroethylene (ptfe)', 'chromium']",1
"Instruction: Select the 'number of doors' entity that has the most similar meaning to 'one cabinet doors,' given the product type cabinet.","['2', '1', '9', '10']",1
"Given the product type 'chair' and the attribute 'material', which of the following choices have the closest meaning to the value 'medium density fibreboard'?","['water hyacinth', 'polytetrafluoroethylene (ptfe)', 'engineered wood', 'chromium']",2
Instruction: Select the 'cable length' entity that has the most similar meaning to ' foot' given the product type power cord.,"['feet', 'miles', 'decimeters', 'meters']",0
"Given the product type 'rug' and the attribute 'minimum required door width', which of the following choices have the closest meaning to the value ' nm'?","['nanometer', 'meters', 'decimeters', 'miles']",0
"Given the product type 'jewelry set' and the attribute 'chain type', which of the following choices have the closest meaning to the value 'twisted serpentine chain jewelry set'?","['bead chain', 'bismark chain', 'tennis', 'nugget']",3
"Given the product type 'shirt' and the attribute 'outer material', which of the following choices have the closest meaning to the value 'elastane'?","['modal', 'spandex', 'iron', 'gel']",1
Which of the following attribute values has the most similar meaning to 'ag' for a(n) 'skin foundation concealer' product and 'country as labeled' attribute?,"['belize', 'antigua and barbuda', 'djibouti', 'martinique']",1
Which of the following attribute values has the most similar meaning to 'cx' for a(n) 'eyelid color' product and 'country as labeled' attribute?,"['christmas island', 'martinique', 'djibouti', 'belize']",0
"Given the product type 'storage box' and the attribute 'material', which of the following choices have the closest meaning to the value 'wood composite'?","['polytetrafluoroethylene (ptfe)', 'engineered wood', 'chromium', 'water hyacinth']",1
"Given the product type 'corset' and the attribute 'waist size', which of the following choices have the closest meaning to the value ' cm'?","['meters', 'miles', 'centimeters', 'decimeters']",2
Instruction: Select the 'number of shelves' entity that has the most similar meaning to 'number of shelf :one' given the product type cabinet.,"['6', '22', '13', '1']",3
Which of the following attribute values has the most similar meaning to 'starred' for a(n) 'skirt' product and 'pattern' attribute?,"['toile de jouy', 'stars', 'striped', 'coastal']",1
Which of the following attribute values has the most similar meaning to 'medium density fibreboard' for a(n) 'pet bed mat' product and 'material' attribute?,"['polytetrafluoroethylene (ptfe)', 'water hyacinth', 'engineered wood', 'chromium']",2
"Given the product type 'robe' and the attribute 'pattern', which of the following choices have the closest meaning to the value 'flowers'?","['toile de jouy', 'floral', 'coastal', 'striped']",1
Which of the following attribute values has the most similar meaning to 'unisex children' for a(n) 'ring' product and 'target audience' attribute?,"['friend', 'unisex kids', 'goddaughter', 'niece']",1
Which of the following attribute values has the most similar meaning to ' nanometre' for a(n) 'chair' product and 'seat back interior height' attribute?,"['meters', 'decimeters', 'miles', 'nanometer']",3
Which of the following attribute values has the most similar meaning to ' pete ' for a(n) 'storage box' product and 'material' attribute?,"['chromium', 'water hyacinth', 'polyethylene terephthalate', 'polytetrafluoroethylene (ptfe)']",2
"Given the product type 'necklace' and the attribute 'theme', which of the following choices have the closest meaning to the value 'name necklace '?","['retro and mod', 'comics', 'ninja', 'alphabet']",3
"Given the product type 'winding reel' and the attribute 'cable length', which of the following choices have the closest meaning to the value ' km'?","['meters', 'kilometers', 'decimeters', 'miles']",1
Which of the following attribute values has the most similar meaning to 'polyster' for a(n) 'shirt' product and 'outer material' attribute?,"['modal', 'gel', 'iron', 'polyester']",3
Instruction: Select the 'material' entity that has the most similar meaning to 'viscose' given the product type corset.,"['rayon', 'polytetrafluoroethylene (ptfe)', 'chromium', 'water hyacinth']",0
Which of the following attribute values has the most similar meaning to 'usb3.0 a' for a(n) 'voice recorder' product and 'hardware interface' attribute?,"['micro usb 3.0 type b', 'usb 3.0', 'usb 3.0 type a', 'bluetooth 3.0']",2
Instruction: Select the 'theme' entity that has the most similar meaning to 'bird theme calendar' given the product type calendar.,"['birds', 'ninja', 'comics', 'retro and mod']",0
Which of the following attribute values has the most similar meaning to 'abs sunglass case' for a(n) 'eyeglass case' product and 'material' attribute?,"['acrylonitrile butadiene styrene', 'chromium', 'water hyacinth', 'polytetrafluoroethylene (ptfe)']",0
"Given the product type 'shampoo' and the attribute 'liquid volume', which of the following choices have the closest meaning to the value ' oz fl'?","['cubic meters', 'liters', 'centiliters', 'fluid ounces']",3
"Given the product type 'snowshoe' and the attribute 'target audience', which of the following choices have the closest meaning to the value 'adult unisex'?","['friend', 'goddaughter', 'niece', 'unisex adults']",3
"Given the product type 'hair clip' and the attribute 'country as labeled', which of the following choices have the closest meaning to the value 'kw'?","['belize', 'kuwait', 'djibouti', 'martinique']",1
Which of the following attribute values has the most similar meaning to 'common to left and right' for a(n) 'knife' product and 'hand orientation' attribute?,"['left', 'ambidextrous', 'left handed', 'right handed']",1
Instruction: Select the 'chest size' entity that has the most similar meaning to ' centimetre' given the product type leotard.,"['meters', 'centimeters', 'decimeters', 'miles']",1
Which of the following attribute values has the most similar meaning to 'video in video out' for a(n) 'video card' product and 'video output interface' attribute?,"['vivo', 'mini displayport', 'vga', 'usb']",0
"Given the product type 'skin foundation concealer' and the attribute 'country as labeled', which of the following choices have the closest meaning to the value 'sv'?","['el salvador', 'belize', 'martinique', 'djibouti']",0
Instruction: Select the 'frame material' entity that has the most similar meaning to 'heavy gauge steel frame' given the product type sport table game.,"['iron', 'alloy steel', 'polystyrene', 'birch wood']",1
"Given the product type 'tote bag' and the attribute 'pattern', which of the following choices have the closest meaning to the value 'pattern style '?","['toile de jouy', 'striped', 'letter print', 'coastal']",2
"Given the product type 'blanket' and the attribute 'theme', which of the following choices have the closest meaning to the value 'festival'?","['retro and mod', 'ninja', 'comics', 'occasion']",3
"Given the product type 'printer' and the attribute 'hardware interface', which of the following choices have the closest meaning to the value 'usb3.1 b'?","['usb 3.1 type c', 'usb 3.1 type a', 'micro usb 3.1 type b', 'usb 3.1 type b']",3
Instruction: Select the 'photo sensor technology' entity that has the most similar meaning to 'charge coupled device' given the product type security camera.,"['cmos', 'ccd', 'mos', 'bsi cmos']",1
Which of the following attribute values has the most similar meaning to 'carve' for a(n) 'knife' product and 'recommended uses for product' attribute?,"['dark spots', 'sporting goods', 'resting', 'carving']",3
Which of the following attribute values has the most similar meaning to 'pu' for a(n) 'chair' product and 'material' attribute?,"['polyurethane', 'chromium', 'water hyacinth', 'polytetrafluoroethylene (ptfe)']",0
Instruction: Select the 'target audience' entity that has the most similar meaning to 'baby' given the product type apparel pin.,"['goddaughter', 'niece', 'unisex babies', 'friend']",2
Instruction: Select the 'theme' entity that has the most similar meaning to 'film' given the product type bracelet.,"['ninja', 'movies', 'comics', 'retro and mod']",1
Which of the following attribute values has the most similar meaning to 'men and women' for a(n) 'necktie' product and 'target audience' attribute?,"['niece', 'friend', 'goddaughter', 'unisex adults']",3
"Given the product type 'coin purse pouch' and the attribute 'target audience', which of the following choices have the closest meaning to the value 'adult unisex'?","['goddaughter', 'unisex adults', 'niece', 'friend']",1
"Given the product type 'watch band' and the attribute 'band length', which of the following choices have the closest meaning to the value ' fts'?","['miles', 'decimeters', 'meters', 'feet']",3
"Given the product type 'wheel' and the attribute 'pitch circle diameter', which of the following choices have the closest meaning to the value ' ft'?","['feet', 'miles', 'meters', 'decimeters']",0
"Given the product type 'outboard motor' and the attribute 'maximum horsepower', which of the following choices have the closest meaning to the value ' h.p.'?","['watts', 'kilowatts', 'horsepower', 'picowatts']",2
Which of the following attribute values has the most similar meaning to 'two stroke' for a(n) 'outboard motor' product and 'engine type' attribute?,"['4 cylinder', '2 stroke', '2 cycle', '4 cycle']",1
"Given the product type 'multiport hub' and the attribute 'compatible devices', which of the following choices have the closest meaning to the value 'apple iphone 6s plus'?","['iphone 6', 'samsung galaxy s6', 'apple iphone 6', 'smartphones']",3
Instruction: Select the 'target audience' entity that has the most similar meaning to 'boy babies' given the product type knee pad.,"['baby boys', 'niece', 'goddaughter', 'friend']",0
Instruction: Select the 'style' entity that has the most similar meaning to 'rustic country style' given the product type table.,"['country rustic', 'misting', 'wellington boots', 'rotary vane']",0
Instruction: Select the 'outer material' entity that has the most similar meaning to 'soft pu leather' given the product type wallet.,"['faux leather', 'modal', 'iron', 'gel']",0
Which of the following attribute values has the most similar meaning to ' kilogm' for a(n) 'wildlife feeder' product and 'capacity' attribute?,"['gallons', 'kilograms', 'cubic feet', 'ounces']",1
"Given the product type 'pet bed mat' and the attribute 'maximum weight recommendation', which of the following choices have the closest meaning to the value ' miligram'?","['ounces', 'grams', 'milligrams', 'tons']",2
Instruction: Select the 'maximum weight recommendation' entity that has the most similar meaning to ' pnd' given the product type snowshoe.,"['pounds', 'ounces', 'milligrams', 'tons']",0
"Given the product type 'sound card' and the attribute 'platform', which of the following choices have the closest meaning to the value 'tv plug and play'?","['nec core', 'playstation vita', 'mac os x 10.8 mountain lion', 'tv plug & play']",3
Instruction: Select the 'power consumption' entity that has the most similar meaning to ' horsepwr' given the product type video disc player.,"['watts', 'kilowatts', 'picowatts', 'horsepower']",3
Instruction: Select the 'theme' entity that has the most similar meaning to 'moon' given the product type ring.,"['retro and mod', 'space', 'comics', 'ninja']",1
"Given the product type 'lock' and the attribute 'material', which of the following choices have the closest meaning to the value 'pvc'?","['water hyacinth', 'chromium', 'polytetrafluoroethylene (ptfe)', 'polyvinyl chloride']",3
Which of the following attribute values has the most similar meaning to 'letter ' for a(n) 'necklace' product and 'theme' attribute?,"['comics', 'retro and mod', 'ninja', 'alphabet']",3
"Given the product type 'multiport hub' and the attribute 'operating system', which of the following choices have the closest meaning to the value 'os x el capitan'?","['zepp os', 'os x 10.11 el capitan', 'android 6.0', 'mac os x 10.8 mountain lion']",1
"Given the product type 'shampoo' and the attribute 'target audience', which of the following choices have the closest meaning to the value 'adult woman'?","['niece', 'goddaughter', 'friend', 'women']",3
"Given the product type 'knee pad' and the attribute 'material', which of the following choices have the closest meaning to the value 'material'?","['chromium', 'ethylene vinyl acetate', 'water hyacinth', 'polytetrafluoroethylene (ptfe)']",1
Instruction: Select the 'pitch circle diameter' entity that has the most similar meaning to ' um' given the product type wheel.,"['micrometer', 'decimeters', 'meters', 'miles']",0
"Given the product type 'food bib' and the attribute 'size', which of the following choices have the closest meaning to the value 'extra large size'?","['0+ months', 'l', 'split king', 'x large']",3
Which of the following attribute values has the most similar meaning to 'non toxic' for a(n) 'nail polish' product and 'specialty' attribute?,"['carrageenan free', 'no sugar alcohols', 'high calcium', 'toxin free']",3
Which of the following attribute values has the most similar meaning to 'rectangle' for a(n) 'ring' product and 'stone shape' attribute?,"['radiant', 'hexagonal', 'rectangular', 'half moon']",2
Instruction: Select the 'country as labeled' entity that has the most similar meaning to 'mw' given the product type mascara.,"['belize', 'malawi', 'djibouti', 'martinique']",1
Instruction: Select the 'minimum compatible size' entity that has the most similar meaning to ' foots' given the product type bicycle bell.,"['miles', 'decimeters', 'feet', 'meters']",2
Which of the following attribute values has the most similar meaning to ' kilogrm' for a(n) 'camera support' product and 'maximum weight recommendation' attribute?,"['ounces', 'tons', 'milligrams', 'kilograms']",3
Which of the following attribute values has the most similar meaning to 'wall ceiling mounted' for a(n) 'security camera' product and 'mounting type' attribute?,"['aaton universal', 'four thirds', 'wall mount', 'arri standard']",2
"Given the product type 'wildlife feeder' and the attribute 'capacity', which of the following choices have the closest meaning to the value ' kg'?","['cubic feet', 'gallons', 'kilograms', 'ounces']",2
Instruction: Select the 'sleeve type' entity that has the most similar meaning to 'sleevelss' given the product type coat.,"['lantern sleeves', 'short sleeves', 'flare sleeves', 'sleeveless']",3
Instruction: Select the 'theme' entity that has the most similar meaning to 'transformers' given the product type costume outfit.,"['comics', 'ninja', 'retro and mod', 'movies']",3
Instruction: Select the 'target audience' entity that has the most similar meaning to 'teen girl' given the product type hair tie.,"['friend', 'goddaughter', 'youth girls', 'niece']",2
"Given the product type 'bra' and the attribute 'closure type', which of the following choices have the closest meaning to the value 'hook & loop'?","['inner lid', 'roll up', 'hook and loop', 'click off cap']",2
"Given the product type 'water purification unit' and the attribute 'capacity', which of the following choices have the closest meaning to the value ' floz'?","['cubic feet', 'ounces', 'fluid ounces', 'gallons']",2
"Given the product type 'tent' and the attribute 'closure type', which of the following choices have the closest meaning to the value 'velcro'?","['click off cap', 'inner lid', 'roll up', 'hook and loop']",3
"Given the product type 'eyelid color' and the attribute 'country as labeled', which of the following choices have the closest meaning to the value 'am'?","['belize', 'djibouti', 'armenia', 'martinique']",2
Which of the following attribute values has the most similar meaning to ' mm' for a(n) 'blanket' product and 'item thickness' attribute?,"['miles', 'meters', 'millimeters', 'decimeters']",2
Instruction: Select the 'recommended uses for product' entity that has the most similar meaning to 'biking' given the product type first aid kit.,"['dark spots', 'resting', 'cycling', 'sporting goods']",2
Which of the following attribute values has the most similar meaning to 'children' for a(n) 'shampoo' product and 'target audience' attribute?,"['niece', 'friend', 'goddaughter', 'unisex kids']",3
Which of the following attribute values has the most similar meaning to 'body material' for a(n) 'knee pad' product and 'material' attribute?,"['ethylene vinyl acetate', 'water hyacinth', 'polytetrafluoroethylene (ptfe)', 'chromium']",0
"Given the product type 'eyelid color' and the attribute 'country as labeled', which of the following choices have the closest meaning to the value 'kg'?","['belize', 'djibouti', 'martinique', 'kyrgyzstan']",3
Instruction: Select the 'material' entity that has the most similar meaning to 'abs material' given the product type cabinet.,"['water hyacinth', 'acrylonitrile butadiene styrene', 'chromium', 'polytetrafluoroethylene (ptfe)']",1
Which of the following attribute values has the most similar meaning to 'unisex children' for a(n) 'jewelry set' product and 'target audience' attribute?,"['friend', 'unisex kids', 'goddaughter', 'niece']",1
"Given the product type 'eyeglass frame' and the attribute 'item shape', which of the following choices have the closest meaning to the value 'ova shaped'?","['rectangle', 'triangle', 'kettle', 'oval']",3
Which of the following attribute values has the most similar meaning to 'pvc' for a(n) 'tote bag' product and 'material' attribute?,"['polyvinyl chloride', 'water hyacinth', 'chromium', 'polytetrafluoroethylene (ptfe)']",0
"Given the product type 'mascara' and the attribute 'country as labeled', which of the following choices have the closest meaning to the value 'tj'?","['martinique', 'belize', 'tajikistan', 'djibouti']",2
Which of the following attribute values has the most similar meaning to 'artificial leather' for a(n) 'exercise mat' product and 'material' attribute?,"['chromium', 'water hyacinth', 'faux leather', 'polytetrafluoroethylene (ptfe)']",2
"Given the product type 'outboard motor' and the attribute 'shaft length', which of the following choices have the closest meaning to the value ' milimeter'?","['millimeters', 'miles', 'decimeters', 'meters']",0
Which of the following attribute values has the most similar meaning to 'build in' for a(n) 'voice recorder' product and 'microphone form factor' attribute?,"['built in', 'table array', 'mini', 'lavalier']",0
Instruction: Select the 'blade length' entity that has the most similar meaning to ' micrometres' given the product type saw.,"['micrometer', 'miles', 'decimeters', 'meters']",0
Instruction: Select the 'seat depth' entity that has the most similar meaning to ' kilometres' given the product type chair.,"['kilometers', 'decimeters', 'miles', 'meters']",0
Instruction: Select the 'target audience' entity that has the most similar meaning to 'baby' given the product type toothbrush.,"['niece', 'unisex babies', 'goddaughter', 'friend']",1
"Given the product type 'shampoo' and the attribute 'target audience', which of the following choices have the closest meaning to the value 'infant girl'?","['friend', 'baby girls', 'niece', 'goddaughter']",1
"Given the product type 'snow pant' and the attribute 'league name', which of the following choices have the closest meaning to the value 'portuguese football'?","['world baseball classic', 'ufc', 'mls', 'portuguese soccer']",3
Instruction: Select the 'recommended uses for product' entity that has the most similar meaning to 'used in travelling' given the product type hammock.,"['resting', 'traveling', 'dark spots', 'sporting goods']",1
Which of the following attribute values has the most similar meaning to ' nanometre' for a(n) 'tent' product and 'maximum height' attribute?,"['nanometer', 'meters', 'miles', 'decimeters']",0
Which of the following attribute values has the most similar meaning to ' voltages' for a(n) 'toggle switch' product and 'operating voltage' attribute?,"['millivolts', 'volts', 'nanovolts', 'volts of direct current']",1
"Given the product type 'lamp' and the attribute 'cable length', which of the following choices have the closest meaning to the value ' fts'?","['miles', 'decimeters', 'feet', 'meters']",2
Instruction: Select the 'number of shelves' entity that has the most similar meaning to 'sixteen adjustable shelves' given the product type cabinet.,"['13', '1', '22', '16']",3
Which of the following attribute values has the most similar meaning to 'spanish football' for a(n) 'skateboard' product and 'league name' attribute?,"['ufc', 'world baseball classic', 'spanish soccer', 'mls']",2
Instruction: Select the 'chest size' entity that has the most similar meaning to ' foot' given the product type dress.,"['feet', 'meters', 'miles', 'decimeters']",0
Instruction: Select the 'closure type' entity that has the most similar meaning to 'hidden back zip' given the product type dress.,"['roll up', 'zipper', 'inner lid', 'click off cap']",1
Which of the following attribute values has the most similar meaning to ' yd' for a(n) 'dress' product and 'waist size' attribute?,"['decimeters', 'yards', 'miles', 'meters']",1
"Given the product type 'cabinet' and the attribute 'number of shelves', which of the following choices have the closest meaning to the value 'seventeen shelves'?","['17', '1', '22', '13']",0
Which of the following attribute values has the most similar meaning to 'polyresin' for a(n) 'hair brush' product and 'material' attribute?,"['water hyacinth', 'polytetrafluoroethylene (ptfe)', 'chromium', 'plastic']",3
Which of the following attribute values has the most similar meaning to 'polyster' for a(n) 'wall art' product and 'material' attribute?,"['chromium', 'polyester', 'water hyacinth', 'polytetrafluoroethylene (ptfe)']",1
"Given the product type 'skin exfoliant' and the attribute 'material type free', which of the following choices have the closest meaning to the value 'no  petrolatum'?","['nitrile free', 'petrolatum free', 'octisalate free', 'carmine free']",1
Which of the following attribute values has the most similar meaning to 'pu' for a(n) 'handbag' product and 'material' attribute?,"['polyurethane', 'polytetrafluoroethylene (ptfe)', 'water hyacinth', 'chromium']",0
"Given the product type 'rug' and the attribute 'item shape', which of the following choices have the closest meaning to the value 'rectangule'?","['rectangular', 'rectangle', 'kettle', 'triangle']",0
Which of the following attribute values has the most similar meaning to 'low density polyethylene ldpe' for a(n) 'valve' product and 'material' attribute?,"['polytetrafluoroethylene (ptfe)', 'low density polyethylene (ldpe)', 'chromium', 'water hyacinth']",1
"Given the product type 'suit' and the attribute 'jacket length', which of the following choices have the closest meaning to the value ' centimetre'?","['miles', 'meters', 'decimeters', 'centimeters']",3
Instruction: Select the 'material' entity that has the most similar meaning to 'lightweight alloy' given the product type bicycle bell.,"['water hyacinth', 'polytetrafluoroethylene (ptfe)', 'chromium', 'metal']",3
Which of the following attribute values has the most similar meaning to 'pe' for a(n) 'earmuff' product and 'material' attribute?,"['polyethylene', 'polytetrafluoroethylene (ptfe)', 'chromium', 'water hyacinth']",0
"Given the product type 'earring' and the attribute 'material', which of the following choices have the closest meaning to the value 'aluminium earrings'?","['polytetrafluoroethylene (ptfe)', 'aluminum', 'water hyacinth', 'chromium']",1
Instruction: Select the 'specialty' entity that has the most similar meaning to 'free of dairy' given the product type nail polish.,"['dairy free', 'no sugar alcohols', 'carrageenan free', 'high calcium']",0
"Given the product type 'valve' and the attribute 'material', which of the following choices have the closest meaning to the value 'aluminium'?","['polytetrafluoroethylene (ptfe)', 'chromium', 'aluminum', 'water hyacinth']",2
"Given the product type 'stool seating' and the attribute 'maximum weight recommendation', which of the following choices have the closest meaning to the value ' kg'?","['ounces', 'kilograms', 'milligrams', 'tons']",1
