question,choices,answer
"Given the event ""PersonX gets a tractor"", as a result, PersonX feels","['not sure', 'nurtured', 'pleased', 'intelligent']",2
"Given the event ""PersonX complains about the flies"", as a result, Y or others want","['to rescue the dog', 'to spray pesticide', 'to watch tennis too', 'to walk back too']",1
"Given the event ""PersonX purchases a hoe"", as a result, Person X wants","['to be a superstar', 'to comb their hair', 'to farm', 'to get rid of the smell']",2
"Given the  event ""PersonX puts on a new light bulb"", as a result, PersonX","['finds out about the bank robbery', 'is rewarded with a peach', 'is mourned by his family', 'gets a better light']",3
"Which of the following events can obstruct the event ""PersonX quiets the child""","['PersonX has a broken suitcase', ""PersonX can't find the pacifier"", 'PersonX is not as good at playing guitar as personZ', 'PersonX is afraid to go to the bathroom']",1
"""PersonX acquires a motor vehicle"" because PersonX wanted","['to be independent', 'to teach PersonY to hunt', 'to impress the class', 'to live']",0
"Given the event ""PersonX slacks off"", as a result, PersonX feels","['hospitable', 'active', 'ashamed', 'restless']",2
"""PersonX showers PersonY with confetti"" because PersonX wanted","['to keep his office organized', 'to know if she is healthy', 'to cheer PersonY up', 'to keep the garbage out of the house']",2
"Given the event ""PersonX blows a gasket"", X is seen as","['a sophisticated man', 'a bookworm', 'temperamental', 'a stickler for time']",2
"Given the event ""PersonX uses the hamper"", as a result, Person X wants","['to fill the pail', 'to clean up', 'to order all the food', 'to improve']",1
"Given the event ""PersonX draws a long bow"", as a result, PersonX feels","['scalded', 'rebellious', 'hurt', 'triumphant']",3
"The event ""PersonX stops cutting"" happens before","['PersonX gives PersonY a new cutting board', 'PersonX builds a shelter', 'PersonX says ""I wonder why""', 'PersonX is driven to the airport']",0
"""PersonX puts on clothes from the dryer"" because PersonX wanted","['to look presentable', 'to learn more about his mother', 'to have a house', 'to see the whole world']",0
"Given the event ""PersonX hangs a light fixture"", as a result, PersonX feels","['accomplished', 'sluggish', 'protective', 'selfless']",0
"""PersonX put on a skirt"" because PersonX wanted","['to film', 'to look more feminine', 'to make up for his mistakes', 'to get to the bus stop']",1
"""PersonX borrows a calculator"" because PersonX wanted","['to learn more about his talents', 'to do a calculation', 'to know more about the girl', 'to protect his things']",1
"Given the  event ""PersonX drops a jar of water"", as a result, PersonX","['is ignored by fans', 'gets wet', 'is not a smoker', 'is popular with PersonY']",1
"""PersonX cleans the litter box"" because PersonX wanted","['to find a soul mate', 'to relax and PersonY wants to see a movie', 'to be a good pet owner', 'to have a hot drink']",2
"The event ""PersonX texts a message"" happens after","['there is a cellular phone', 'PersonX has to take a plane', 'PersonX is a florist', 'PersonX has a hole in his or her shoe']",0
"Given the event ""PersonX convinces PersonY to come home"", as a result, PersonX feels","['restrained', 'organized', 'feminine', 'satisfied']",3
"Given the  event ""PersonX catches PersonY rubbing salt in the wounds"", as a result, PersonX","['steals a pack of gum', 'is sore', 'tells PersonY off', 'is invited to sign']",2
"Given the event ""PersonX invents the transistor"", as a result, PersonX feels","['accomplished', 'involved', 'pampered', 'a leader']",0
"Given the event ""PersonX struggles with the shoelace"", as a result, Person X wants","['to be able to tie his shoes', 'to give money to a homeless person', 'to help with his groceries', 'to skate on it']",0
"Which of the following events can obstruct the event ""PersonX performs a secret ritual""","[""PersonX can't find the right incense"", 'PersonX is too busy to teach', 'PersonX is afraid to touch her', ""PersonX can't find a pen to sign the contract""]",0
"Given the  event ""PersonX dislikes dark circles"", as a result, PersonX","['is invited to PersonY’s uncle’s house', 'uses a concealer', 'gets better at painting', 'gets to pick the winner']",1
"""PersonX gets more ink"" because PersonX wanted","['to stop the water from leaking', 'to be tattooed', 'to watch the results', 'to be prepared for the upcoming task']",1
"Given the event ""PersonX eats a poison mushroom"", as a result, PersonX feels","['ill', 'hostile', 'restrained', 'nothing']",0
"Given the event ""PersonX makes a scarf"", as a result, PersonX feels","['persuasive', 'creative', 'vengeful', 'hyper']",1
"Given the  event ""PersonX tries a new perfume"", as a result, PersonX","['’s children are kicked out of the house', 'smells good', 'and PersonY are unhappy', 'makes PersonY excited']",1
"""PersonX teaches PersonY to jump rope"" because PersonX wanted","['to make PersonY feel more secure', 'to show his mother that he can do something', 'to help PersonY', 'to create a home']",2
"""PersonX builds an exercise machine"" because PersonX wanted","['to see the action', 'to be able to go to school by bike', 'to be able to use his computer', 'to stay fit']",3
"Given the event ""PersonX helps to dry the clothes"", as a result, Person X wants","['to be a clothes dryer', 'to join the police', 'to spend more time at home', 'to wear a hat and scarf']",0
"Given the event ""PersonX knocks over the electric fan"", as a result, Person X wants","['to help out more', 'to be in a shelter', 'to fix the fan', 'to take the bag to the store']",2
"Given the event ""PersonX experiences an incredible sight"", as a result, PersonX feels","['less motivated', 'sensual', 'excited', 'social']",2
"""PersonX purchases hot sauce"" because PersonX wanted","['to be hit', 'to get high', 'to learn about transportation', 'to have spicy food']",3
"""PersonX works on a high wire"" because PersonX wanted","['to make his house clean', 'to cook a meal', 'to enjoy a meal', 'to be the best']",3
"Given the event ""PersonX examines the family album"", as a result, PersonX feels","['awful', 'neglected', 'curious', 'hostile']",2
"Given the  event ""PersonX has his first cigarette"", as a result, PersonX","['loses a lot of money', 'is able to cut a steak', 'gets better at solving problems', 'becomes a smoker']",3
"Given the  event ""PersonX uses a trampoline"", as a result, PersonX","['has fun', 'discovers a crack', 'is the star of the game', 'is hyperactive']",0
"Given the event ""PersonX applies some cosmetics"", as a result, PersonX feels","['chosen', 'elegant', 'refreshed', 'in a safe place']",2
"Given the event ""PersonX takes an umbrella when it rains"", as a result, PersonX feels","['frightened', 'haunted', 'comfortable', 'ready']",2
"Given the event ""PersonX accidentally spills syrup"", as a result, PersonX feels","['lighter', 'embarrassed', 'fascinated', 'wanted']",1
"Given the event ""PersonX is less hot than PersonY"", as a result, PersonX feels","['busy', 'polite', 'cooler', 'stable']",2
"Given the event ""PersonX pulls out a video camera"", as a result, Person X wants","['to film everything', 'to paint the bedroom a healthy blue', 'to paint the house blue', 'to find out who the bride is']",0
"""PersonX puts a message in PersonY's mailbox"" because PersonX wanted","['to be able to get into the room', 'to be prepared for a rainstorm', 'to be an authority on the subject', 'to help PersonY']",3
"Which of the following events can obstruct the event ""PersonX finds a tampon""","['PersonX has a sore finger', ""PersonX doesn't have any interest in watching the movie"", ""PersonX didn't have enough money to buy the ticket"", ""PersonX can't find a box""]",3
"Given the event ""PersonX fixes the tractor"", X is seen as","['a cold person', 'disorganized', 'uninformed', 'good with tools']",3
"Given the event ""PersonX slacks off in class"", as a result, PersonX feels","['deprived', 'listened to', 'nurturing', 'lazy']",3
"The event ""PersonX receives a haircut"" happens after","['there is a robbery in progress', 'PersonX loses a hair tie', 'PersonX leaves home at 9:00 a.m', ""PersonX's parents buy him a new book""]",1
"""PersonX uses hand sanitizer"" because PersonX wanted","['to keep the security cameras out of sight', 'to make sure the branch is safe', 'to be clean', 'to find the matching color']",2
"Given the  event ""PersonX sells the spoon"", as a result, PersonX","['makes a profit', 'gets a letter from the post office', 'has better posture', 'films his family']",0
"Given the event ""PersonX is a good public speaker"", as a result, PersonX feels","['dirty', 'weird', 'inattentive', 'confident']",3
"""PersonX eats a casserole"" because PersonX wanted","['to be full', 'to see PersonY fail', 'to eat a food that he likes', 'to be prepared for a new situation']",0
"""PersonX needs to sign off"" because PersonX wanted","['to have a fresh breath', 'to be sure PersonY is working', 'to be finished with a task', 'to feel pain']",2
"Given the event ""PersonX reaches the end of his rope"", as a result, PersonX feels","['liberated', 'exhausted', 'measured', 'protected']",1
"Which of the following events can obstruct the event ""PersonX loves video games""","[""PersonX can't find the game controller"", 'PersonX is afraid to open the garbage can', 'PersonX is going to be taking a drug test', ""PersonX doesn't have a key to PersonY's room""]",0
"Given the event ""PersonX buys a dog from the animal shelter"", as a result, Person X wants","['to serve the boss', 'to stop listening', ""to buy PersonY's hat"", 'to take care of the dog']",3
"""PersonX changes the bedding"" because PersonX wanted","['to make sure that he has enough food', 'to make you feel good', 'to be clean', 'to go home']",2
"Given the event ""PersonX's job is hanging by a thread"", as a result, PersonX feels","['cozy', 'chilled', 'anxious', 'resentful']",2
"Given the event ""PersonX works on the frame"", as a result, PersonX feels","['productive', 'in need', ""like he's home"", 'disciplined']",0
"Given the  event ""PersonX hit PersonY with the chisel"", as a result, PersonX","['is the lead in the play', 'is not in the hospital', 'damages his car', 'is in trouble']",3
"Given the event ""PersonX takes a sauna"", as a result, Person X wants","['to be a member of the same social group', 'to eat a hamburger', 'to kick her shoes off', 'to be healthy']",3
"Given the  event ""PersonX switches to an electric motor"", as a result, PersonX","['’s car runs more efficiently', 'loses a client', 'is seen by a man', 'is interested in politics']",0
"Given the  event ""PersonX is elected as the ruler"", as a result, PersonX","['collects stamps', 'is happy', 'becomes afraid of mice', 'cleans the mess']",1
"""PersonX gives PersonY a vitamin pill"" because PersonX wanted","['to write a new page', 'to be certain', 'to watch PersonY undress', 'to help PersonY']",3
"Given the event ""PersonX praises Mike's actions"", as a result, PersonX feels","['amazed', 'unfulfilled', 'happy', 'regal']",2
"Given the event ""PersonX loses a pair of scissors"", as a result, Person X wants","['to get a new pair', ""to see PersonY's homework"", 'to find them', 'to make PersonY feel safe']",2
"Given the  event ""PersonX drinks a great deal of wine"", as a result, PersonX","['gets a letter from her editor', 'is thanked by the caller', 'is rewarded with a smile', 'becomes drunk']",3
"Given the  event ""PersonX loses a board game"", as a result, PersonX","['visits a shelter', 'learns that PersonY is a con artist', 'breaks his fingers', 'is upset']",3
"Given the event ""PersonX buys a blender"", as a result, PersonX feels","['a little nervous', 'excited', 'distinguished', 'competitive']",1
"Given the event ""PersonX's bed is comfortable"", as a result, PersonX feels","['in pain', 'relaxed', 'unsafe', 'hyper']",1
"""PersonX puts on a collar"" because PersonX wanted","['to have a good relationship with her mother', 'to feel secure', 'to be grateful', 'to get home in time for dinner']",1
"""PersonX eats his doughnut"" because PersonX wanted","['to have fun and PersonY wants to have fun', 'to feel full', 'to convince the committee', 'to get her mail']",1
"Given the  event ""PersonX listens to music on an mp3 player"", as a result, PersonX","['is a cat lover', 'is distracted', 'and PersonY get tired', 'doesn’t feel safe']",1
"Given the event ""PersonX works out on the treadmill"", X is seen as","['a bum', 'confident', 'a beggar', 'healthy']",3
"""PersonX tries to pick the phone"" because PersonX wanted","['to be closer to nature', 'to be able to call someone', 'to be rude', 'to conserve water']",1
"Given the  event ""PersonX does sit-ups"", as a result, PersonX","['and PersonY become lovers', 'gets fit', 'pours coffee', 'is the top-ranked hunter']",1
"In order for Person X to conduct the event ""PersonX makes a photocopy"", PersonX needed","['to wear a nice outfit', 'to have a copy machine', 'to get into the pool', 'to have muffins in the oven']",1
"Given the  event ""PersonX learns to work the new photocopier"", as a result, PersonX","['is accepted by personY', 'types more quickly', 'is recognized for his work', 'has improved skills']",3
"""PersonX gives PersonY a first aid kit"" because PersonX wanted","['to help PersonY', 'to tell PersonY that he saw him', 'to meet Riley', 'to learn more about his talents']",0
"Given the event ""PersonX looks through PersonY’s desk"", as a result, PersonX feels","['curious', 'lighter', 'mad', 'tranquil']",0
"Given the event ""PersonX raises a racket"", as a result, PersonX feels","['irresponsible', 'cramped', 'powerful', 'more alert']",2
"Given the event ""PersonX sees his shoes are untied"", as a result, Person X wants","['to tie his shoes', 'to get to work', 'to skate better', ""to see PersonY's parents""]",0
"""PersonX builds PersonY a wheelchair ramp"" because PersonX wanted","['to help PersonY', 'to record his interview', 'to be part of a group', 'to see if PersonY is cheating on her']",0
"""PersonX takes an online course"" because PersonX wanted","['to show PersonY that he is not alone', 'to get PersonY to understand art', 'to be direct', 'to learn something new']",3
"Given the  event ""PersonX drinks from the jug"", as a result, PersonX","['’s suggestion is ignored', 'has a swim', 'is not distracted', 'is drunk']",3
"Given the event ""PersonX finds the perfect pair of pants"", as a result, PersonX feels","['pleased', 'hungover', 'heroic', 'imprisoned']",0
"Which of the following events can obstruct the event ""PersonX gets around to carrying out her threat""","[""PersonX can't find the letter opener"", 'PersonX is allergic to the drug', ""PersonX doesn't have any fish"", ""PersonX can't find the right batteries""]",0
"Given the  event ""PersonX falls on a rake"", as a result, PersonX","['is hurt', 'is pleased with PersonY’s work', 'gets praised by the grateful person', 'makes the house look better']",0
"Given the event ""PersonX fixes the crib"", as a result, PersonX feels","['a little worried', 'accomplished', 'silly', 'gloomy']",1
"""PersonX grabs a napkin to wipe his mouth"" because PersonX wanted","['to play basketball and PersonY wants to go home', 'to win a race', 'to make sure PersonY is all right', 'to be clean']",3
"Given the event ""PersonX builds an exercise machine"", as a result, PersonX feels","['self-reliant', 'accomplished', 'gracious', 'annoyed']",1
"Given the event ""PersonX swishes a tennis racket"", as a result, PersonX feels","['excited', 'entertained', 'a leader', 'in harmony']",0
"""PersonX grabs a sleeping bag"" because PersonX wanted","['to have a warm place to sleep', 'to be entertained and PersonY wants to be relaxed', 'to complete a goal', 'to make a better world']",0
"""PersonX puts on a puppet show"" because PersonX wanted","['to have fun and PersonY wants to be fit', 'to keep her word', 'to have a little extra money', 'to entertain people']",3
"Given the event ""PersonX enjoys his second cup of coffee"", as a result, PersonX feels","['jealous', 'useful', 'unclean', 'refreshed']",3
"""PersonX fills a kettle"" because PersonX wanted","[""to drink from PersonY's water bottle"", 'to stay in touch with PersonY', 'to have hot water', 'to give PersonY a wake up call']",2
"Given the event ""PersonX changes the printer cartridge"", X is seen as","['a responsible person', 'unfeeling', 'a dog lover', 'a good influence']",0
"""PersonX has to put on a necktie"" because PersonX wanted","['to focus on his studies', 'to talk to PersonY', 'to look good', 'to worship']",2
"Given the event ""PersonX watches movies on TV"", as a result, PersonX feels","['amused', 'full of energy', 'surprised', 'entertained']",3
"Which of the following events can obstruct the event ""PersonX paints her toenails""","['PersonX is too tired to paint the window', 'PersonX is still under house arrest', 'PersonX is addicted to TV', 'PersonX has an allergy to nail polish']",3
"Given the  event ""PersonX goes down a slide"", as a result, PersonX","['is surprised by the song', 'is hurt', 'gets praised by her mother', 'is celebrated by his team']",1
"Given the event ""PersonX finishes fixing the toaster"", as a result, PersonX feels","['in demand', 'bloated', 'informed', 'relieved']",3
"""PersonX packs the suitcase"" because PersonX wanted","['to meet a famous person', 'to create a new medium', 'to leave', 'to know the future']",2
"Given the event ""PersonX uses mouthwash"", as a result, PersonX feels","['minty', 'bitter', 'misunderstood', 'spicy']",0
"Given the event ""PersonX orders 12 cases of printer paper"", as a result, Person X wants","['to stretch', 'to get rid of PersonY', 'to carry PersonY in', 'to print out his work']",3
"""PersonX gives someone a pendant"" because PersonX wanted","['to be nourished', 'to control his environment', 'to understand the situation', 'to make someone happy']",3
"Given the  event ""PersonX accepts a fortune cookie"", as a result, PersonX","['is covered in blood', 'is grateful for the coffee', 'learns to dress better', 'is pleased by the fortune']",3
"""PersonX inserts the key into the lock"" because PersonX wanted","['to make sure that the food is good', 'to get PersonY back', 'to be able to communicate with her friends', 'to be able to open the door']",3
"Given the  event ""PersonX greets PersonY at a cafe"", as a result, PersonX","['drives to school', 'and PersonY get to know each other', '’s condition improves', ""stays at PersonY's place""]",1
"Given the event ""PersonX tries on different hats"", as a result, Person X wants","['to wear a different hat', 'to eat too', 'to call PersonY more often', 'to be a crossword puzzle writer']",0
"""PersonX finds a tampon"" because PersonX wanted","['to protect the town', 'to be thoughtful', 'to protect his friends', 'to have a feminine hygiene product']",3
"Given the event ""PersonX always puts the toilet seat down"", X is seen as","['neat', 'logical', 'good at making music', 'socially skilled']",0
"Given the event ""PersonX wears his helmet"", as a result, PersonX feels","['torn', 'safe', 'in tune with PersonY', 'left out']",1
"Given the event ""PersonX is a heavy smoker"", as a result, PersonX feels","['more confident', 'calm', 'moved', 'addicted']",3
"In order for Person X to conduct the event ""PersonX plays his first video game"", PersonX needed","['to be the one to ask someone to switch partners.', 'to have a game console', 'to watch a season', ""to have access to PersonY' camera""]",1
"Given the event ""PersonX turns on the grill"", as a result, Person X wants","['to see the jack-o-lanterns.', 'to eat grilled food', 'to keep the truth to himself', ""to get into the burglar's car""]",1
"""PersonX puts some salt on his eggs"" because PersonX wanted","['to change his life', 'to make sure his eggs are salty', 'to make you angry', 'to mark her territory']",1
"""PersonX smiles as she puts it in the waste bin"" because PersonX wanted","['to remember the memory', 'to be polite', 'to avoid heights', 'to be a manager']",1
"Which of the following events can obstruct the event ""PersonX decants a liquid""","['PersonX has a backache', ""PersonX can't find the stopper"", ""PersonX can't get the screwdriver"", ""PersonX can't find any yarn""]",1
"Given the event ""PersonX finds that he has had too much wine"", as a result, Person X wants","['to go home with her', 'to drink less wine', 'to follow me home', 'to find out who stole his wallet']",1
"""PersonX purchases a scale"" because PersonX wanted","['to be daring', 'to be able to do things on his own', 'to be able to fix things', 'to weigh herself']",3
"Given the event ""PersonX wears a thick coat"", as a result, PersonX feels","['awed', 'angry', 'limited', 'warm']",3
"Given the event ""PersonX is on top of a list"", as a result, PersonX feels","['self-conscious', 'supportive', 'spontaneous', 'in control']",3
"Given the event ""PersonX shares a jacuzzi"", as a result, Person X wants","['to take a bath', ""to be PersonY's dad"", 'to be a better mother', 'to be a champion']",0
"""PersonX holds onto the leash"" because PersonX wanted","['to get better at his job', 'to keep the dog close', 'to be able to enjoy the lake', 'to give up something']",1
"Given the event ""PersonX and PersonY play a board game"", as a result, PersonX feels","['discouraged', 'superior', 'remembered', 'interested']",3
"Given the event ""PersonX changes her hair color"", as a result, PersonX feels","['satisfied', 'drenched', 'trusted', 'tricked']",0
"Given the event ""PersonX wears a fanny pack"", as a result, PersonX feels","['uncertain', 'cool', 'spontaneous', 'obligated']",1
"Given the event ""PersonX notices a strange sign"", as a result, Person X wants","['to know what it means', 'to lead a team', 'to see the judge', 'to buy the groceries']",0
"Given the  event ""PersonX makes a cheese soufflé"", as a result, PersonX","['eats a cookie', 'makes a tasty soufflé', 'learns to hide', ""gets to sleep in PersonY's old bed""]",1
"""PersonX attempts to get rid of cheese"" because PersonX wanted","['to pick up a shoe', 'to be healthier', 'to impress his father', 'to be prepared for the next bus']",1
"Given the  event ""PersonX smokes more"", as a result, PersonX","['is going on vacation', 'tells PersonY about his mother', 'is forced to pay a fine', 'becomes a chain smoker']",3
"""PersonX makes sculpture"" because PersonX wanted","['to have a clean room', 'to make sure that he has enough food', 'to sleep longer', 'to be creative']",3
"Given the event ""PersonX does a background check"", as a result, PersonX feels","['joyful', 'disapproving', 'helpful', 'cautious']",3
"""PersonX installs a light fixture"" because PersonX wanted","['to keep PersonY away from the house', 'to protect his bed', 'to be close to his dog', 'to fix the light']",3
"Given the event ""PersonX smacks it with a mallet"", as a result, PersonX feels","['productive', 'annoyed', 'furious', 'cramped']",1
"Given the event ""PersonX drinks the beer"", as a result, PersonX feels","['a little sick', 'great', 'cramped', 'refreshed']",3
"Given the event ""PersonX turns on the grill"", as a result, PersonX feels","['tough', 'intimate', 'in control', 'grumpy']",2
"Given the  event ""PersonX attends a barbecue"", as a result, PersonX","['gets the documents', 'gets an agent', 'finds a missing ring', 'meets people']",3
"Given the  event ""PersonX watches a movie with PersonY"", as a result, PersonX","['locates a building', 'is entertained', 'is thanked by a coworker', 'finds a spot']",1
"Given the event ""PersonX puts on her sunglasses"", as a result, Person X wants","['to see the world', 'to buy a latte', 'to pickle PersonY', 'to spend it']",0
"Given the event ""PersonX drinks from the jug"", as a result, PersonX feels","['manly', 'relaxed', 'uplifted', 'naked']",1
"Given the event ""PersonX puts his head on the pillow"", as a result, PersonX feels","['like a twin', 'relaxed', 'arrogant', 'smooth']",1
"Given the  event ""PersonX and PersonY play on the slide"", as a result, PersonX","['and PersonY have fun', 'is asked to paint a portrait', 'has a beautiful wedding', 'decides to call PersonY']",0
"Given the event ""PersonX buys a box of cereal"", as a result, PersonX feels","['confused', 'satisfied', 'measured', 'justified']",1
"Given the event ""PersonX takes off her brace"", as a result, PersonX feels","['happy', 'not hungry', 'a little guilty', 'patriotic']",0
"Which of the following events can obstruct the event ""PersonX has a bungee jump""","[""PersonX can't find the actor's phone number"", ""PersonX can't afford to pay for the decorating"", ""PersonX can't get the bungee cord to work"", 'PersonX is afraid to do anything around the house']",2
"""PersonX grabs the flashlight"" because PersonX wanted","['to see the sunlight', 'to see the way', 'to get away from the stress of work', 'to see the girl again']",1
"Given the event ""PersonX puts a sweater on"", as a result, PersonX feels","['victorious', 'like a star', 'warm', 'resentful']",2
"Given the event ""PersonX draws on a yellow pad"", as a result, PersonX feels","['creative', 'boring', 'polite', 'nurtured']",0
"Given the event ""PersonX buys a picture frame"", as a result, PersonX feels","['resentful', 'pleased', 'chilly', 'in the moment']",1
"""PersonX takes PersonY out for ice cream"" because PersonX wanted","['to be able to live in a place of his own', 'to have a letter to his grandfather', 'to spend time with PersonY', 'to go to the library']",2
"Given the event ""PersonX is sent to a spa"", as a result, PersonX feels","['in a hurry', 'indecisive', 'freed', 'pampered']",3
"Given the  event ""PersonX tries to learn sign language"", as a result, PersonX","['is able to communicate', 'knows more about his family', 'has a clear plan for the future', 'has a bad stomach']",0
"""PersonX buys a carpet cleaner"" because PersonX wanted","['to know about the house', 'to be full', 'to express his love for nature', 'to be clean']",3
"Given the event ""PersonX feels that something is odd"", as a result, Person X wants","['to live in a house of faith', 'to be in touch with his friends', 'to investigate', 'to hunt PersonY']",2
"Given the event ""PersonX looks up the purpose of the button"", as a result, PersonX feels","['drunk', 'assertive', 'spiteful', 'interested']",3
"Given the  event ""PersonX plants an herb garden"", as a result, PersonX","['is introduced to PersonY’s family', 'is punished by the neighbor', 'is attacked by a mugger', 'is rewarded with fresh herbs']",3
"Given the  event ""PersonX becomes involved in cleaning"", as a result, PersonX","['gains a cleaner home', 'is a gentleman', 'becomes a fan of the former prime minister', 'is the one who drives']",0
"The event ""PersonX dries her hair"" happens after","['the sprinklers are set to water the lawn', 'PersonX has a panda costume', 'PersonX uses a blow dryer', 'she is reading a book']",2
"Given the  event ""PersonX changes the bedding"", as a result, PersonX","['has a clean bed', 'loses a nail', 'is given a warning', 'gets the flu']",0
"Given the event ""PersonX removes the chainsaw"", as a result, PersonX feels","['less motivated', 'proud', 'relieved', 'dazzled']",2
"Given the event ""PersonX's hanger bothers PersonY"", as a result, PersonX feels","['graceful', 'empty', 'guilty', 'injured']",2
"""PersonX and PersonY play jump rope"" because PersonX wanted","['to be alone with PersonY', 'to make an impression', 'to exercise and PersonY wants to play', 'to tie up someone']",2
"In order for Person X to conduct the event ""PersonX purchases a basketball hoop"", PersonX needed","['to be interested in basketball', 'to have an instrument', ""to be in PersonY's office"", 'to be able to write']",0
"Given the event ""PersonX swishes a tennis racket"", as a result, PersonX feels","['convincing', 'agitated', 'neglected', 'happy']",3
"Given the  event ""PersonX's wallet gets empty"", as a result, PersonX","['is broke', 'is suspected of being a drug dealer', ""learns about the barista's life"", 'is sick in the evening']",0
"""PersonX types letters on a keyboard"" because PersonX wanted","['to know more about witches', 'to communicate with others', 'to improve her home', 'to protect the book']",1
"Given the event ""PersonX helps PersonY with a science project"", as a result, PersonX feels","['helpful', 'rigid', 'touched', 'inebriated']",0
"""PersonX dresses up in a hat and gloves"" because PersonX wanted","['to be warm', 'to know what is inside', 'to be able to see', 'to have a flower']",0
"Given the  event ""PersonX writes in his journal"", as a result, PersonX","['is forgiven by his parents', 'writes about his day', 'is thanked by the congregation', 'is pleased with his costume']",1
"""PersonX turns on the faucet"" because PersonX wanted","['to find out if PersonY is telling the truth', 'to leave a trail for others to follow', 'to be clean', 'to see if anyone is following him']",2
"Which of the following events can obstruct the event ""PersonX paints his nails black""","[""PersonX can't find the envelope to send it in"", ""PersonX can't pull an arrow out of PersonY's back"", 'PersonX is allergic to black nail polish', ""PersonX can't find the right instrument""]",2
"Given the event ""PersonX wears a blazer"", as a result, PersonX feels","['fearful', 'dignified', 'more confident', 'compassion']",1
"Given the event ""PersonX has a hole in his sock"", as a result, Person X wants","['to hear better', 'to buy a new pair of socks', 'to get a new CD player', 'to draw the map']",1
"""PersonX buys a picture frame"" because PersonX wanted","['to have a beautiful picture', 'to speak to his girlfriend', 'to fill his stomach', 'to swim and PersonY wants to have fun']",0
"Given the  event ""PersonX and PersonY hook up"", as a result, PersonX","['falls and hurts himself', 'finds a mouse', 'and PersonY are in love', 'becomes a rock fan']",2
"Given the  event ""PersonX searches the bottom of the rice cooker"", as a result, PersonX","['is warned by PersonY', 'moves in with PersonY', 'sees PersonY in a wheelchair', 'finds a rice grain']",3
"The event ""PersonX stars gathering supplies"" happens after","['PersonX is allergic to shellfish', 'PersonX is wearing a flashy shirt', 'PersonX looks for the emergency kit', ""PersonY's house is in disrepair""]",2
"Given the  event ""PersonX cuts the cord"", as a result, PersonX","['and PersonY get injured', 'discovers a bomb', 'is more independent', 'goes down the hill']",2
"Given the event ""PersonX puts on his face mask"", as a result, PersonX feels","['secure', 'a little worried', 'less angry', 'a little annoyed']",0
"""PersonX puts up the tent"" because PersonX wanted","['to be a software developer', 'to be prepared for camping', 'to record everything', 'to show the guests that the house is not clean.']",1
"Given the event ""PersonX holds a toy gun to PersonY's head"", as a result, Person X wants","['to get rid of PersonY', 'to be a rock star and PersonY wants to be a movie', 'to dance at the bar', 'to paint his own']",0
"""PersonX puts a new tile in the bathroom"" because PersonX wanted","['to get PersonY’s approval', 'to make the bathroom look nice', 'to make her cat comfortable', 'to listen to the record']",1
"In order for Person X to conduct the event ""PersonX makes a stencil"", PersonX needed","['to have the right materials', 'to have a horse', 'to book a cruise', 'to have guests']",0
"Given the event ""PersonX shows the first sign of hope"", as a result, Person X wants","['to keep going', 'to make more shirts', 'to avoid cameras', 'to train harder']",0
"Given the  event ""PersonX fails to repair the garbage disposal"", as a result, PersonX","['gets jittery', 'breaks the disposal', 'is interested in history', 'gains power']",1
"Which of the following events can obstruct the event ""PersonX does a scientific experiment""","[""PersonX can't find the test tube"", 'PersonX and PersonY are in different buildings', 'PersonX is too nervous to swing the club', ""PersonX can't find her utensils""]",0
"Given the  event ""PersonX sits on the sofa and listens to music"", as a result, PersonX","['is entertained', 'wears something else', 'doesn’t drink the water', 'wakes up feeling refreshed']",0
"Given the event ""PersonX loses power"", as a result, Person X wants","['to find a generator', 'to bring the cat home', 'to get the house painted', 'to find a way to stop it from happening again.']",0
"Given the event ""PersonX learns of something odd"", as a result, Person X wants","['to know more', 'to know what PersonY was thinking', 'to fix the heater', 'to use the safe spell']",0
"Given the event ""PersonX dons the robe"", as a result, PersonX feels","['a little bit guilty', 'polite', 'flattered', 'comfortable']",3
"""PersonX cleans the cat box"" because PersonX wanted","['to have some', 'to be able to hear PersonY', 'to get away from the pressure', 'to be clean']",3
"Given the event ""PersonX eats a breakfast cereal"", as a result, PersonX feels","['protective', 'superior', 'deprived', 'satisfied']",3
"""PersonX adjusts the awning"" because PersonX wanted","['to keep the rain out', 'to get back at the other housemates', 'to watch the others', 'to share her experience']",0
"Given the  event ""PersonX drops a bowling ball on his toes"", as a result, PersonX","['learns that PersonY is not home', 'is injured', 'is alert and awake', 'does not achieve his goal']",1
"""PersonX puts on his charm"" because PersonX wanted","['to be liked', 'to have meat', 'to impress her', 'to be sure of his appearance']",0
"""PersonX goes to work at the airport"" because PersonX wanted","['to be a director and PersonY wants to be a producer', 'to keep Y from getting sick', 'to be an air traffic controller', 'to be able to pay for the food']",2
"Which of the following events can obstruct the event ""PersonX spreads some magic dust""","[""PersonX can't find any glitter"", 'PersonX has no idea where PersonY keeps her jewelry', 'PersonX is not allowed to lead an army', 'PersonX is too busy to watch college football']",0
"""PersonX buys an axe"" because PersonX wanted","['to be able to see the audience', 'to be prepared for an emergency', 'to move to a new house', 'to get to the roof']",1
"""PersonX purchases new running shoes"" because PersonX wanted","['to be a free spirit', 'to make PersonY feel safe', 'to improve his running skills', 'to be busy']",2
"""PersonX buys a large quantity of potato chips"" because PersonX wanted","['to have a bright light', 'to enjoy a snack', 'to watch a different sport', 'to be able to eat and drink']",1
"Which of the following events can obstruct the event ""PersonX identifies the solution""","['PersonX is afraid to bake', ""PersonX can't remember the details"", ""PersonX can't find the test tube"", ""PersonX's name is not famous""]",2
"Given the event ""PersonX sets off the smoke alarm"", X is seen as","['a comic book fan', 'stupid', 'irresponsible', 'an extrovert']",2
"Given the event ""PersonX goes on to lead a quiet life"", as a result, PersonX feels","['unbothered', 'responsible', 'peaceful', 'critical']",2
"Given the event ""PersonX changes tack"", as a result, Person X wants","['to borrow a new one', 'to get better at managing her temper', 'to change his life', 'to bowl again']",2
"""PersonX asks PersonY to add toothpaste"" because PersonX wanted","['to keep her teeth clean', 'to be sure the temperature is safe', 'to make sure that the shopping bag is there', 'to see flowers']",0
"Given the  event ""PersonX buys a printer"", as a result, PersonX","['fails to complete his assignment', ""feels PersonY's skin"", 'prints a document', 'becomes less anxious']",2
"Given the event ""PersonX beats PersonY to the door"", as a result, PersonX feels","['manipulated', 'superior', 'rich', 'homesick']",1
"""PersonX looks for a map"" because PersonX wanted","['to express surprise', 'to be ready for guests', 'to be able to see the audience', 'to find a way to the location']",3
"Given the event ""PersonX uses mouthwash"", as a result, Person X wants","[""to see PersonY's secret"", 'to look through PersonY’s personal belongings', 'to eat Italian food', 'to smell good']",3
"Which of the following events can obstruct the event ""PersonX eats a breakfast cereal""","[""PersonX can't find the book to move to PersonY's left"", 'PersonX is afraid of getting kicked', 'PersonX is afraid of rugs', ""PersonX can't find any cereal""]",3
"Given the event ""PersonX puts on a nice suit"", as a result, PersonX feels","['virtuous', 'caring', 'sneaky', 'smart']",3
"Given the  event ""PersonX asks a neighbor for some sugar"", as a result, PersonX","['gets a sweet treat', 'gets to watch the game', 'wins a costume contest', 'is scolded by his wife']",0
"""PersonX brings PersonY a pastry"" because PersonX wanted","['to keep his car', 'to have more time to complete the task', 'to be able to feed the cows', 'to be nice to PersonY']",3
"Given the event ""PersonX's handbag was knocked down"", as a result, PersonX feels","['nourished', 'contagious', 'skilled', 'upset']",3
"Given the event ""PersonX puts a new tile in the bathroom"", as a result, PersonX feels","['achy', 'unimportant', 'accomplished', 'adored']",2
"Given the event ""PersonX likes to plan"", as a result, Person X wants","['to get rid of her hot flashes', 'to be a planner', 'to stay there', 'to tie the ribbon']",1
"""PersonX invents the can opener"" because PersonX wanted","[""to get PersonY's opinion"", 'to make room for new books', 'to prove she can do anything', 'to be able to open cans']",3
"Which of the following events can obstruct the event ""PersonX sharpens the knives""","['PersonX is not interested in going to the movie', 'PersonX is a bad gift-giver', ""PersonX can't find the knife sharpener"", 'PersonX is a little too old to read']",2
"Given the event ""PersonX watches TV series"", as a result, PersonX feels","['tough', 'relaxed', 'envious', 'useful']",1
"""PersonX uses a landline phone"" because PersonX wanted","['to inform the president', 'to have enough money to buy a house', 'to feed his dog', 'to be connected to the outside world']",3
"Given the  event ""PersonX contacts PersonY to get help"", as a result, PersonX","['feels drowsy', 'gets thanked by PersonX', 'gets a big profit', 'receives support']",3
"""PersonX raises the antenna"" because PersonX wanted","['to make a jack-o-lantern', 'to follow the commander', 'to increase the signal', 'to use the ketchup']",2
"""PersonX pays to fix PersonY's laptop"" because PersonX wanted","['to help PersonY', 'to go in a different direction', 'to be prepared for a job interview', 'to be able to control his anger']",0
"Given the event ""PersonX buys some jewelry"", as a result, PersonX feels","['hesitant', 'fun', 'capable', 'pleased']",3
"""PersonX takes off her brace"" because PersonX wanted","[""to destroy PersonY's property"", 'to make a home improvement', 'to walk again', 'to make a contribution to the environment']",2
"Given the event ""PersonX chases PersonY with a chainsaw"", as a result, Person X wants","['to dress and undress', 'to get more supplies', 'to kill PersonY', 'to chase PersonY around the house']",2
"""PersonX uses hair dye"" because PersonX wanted","['to show PersonY that he is not needed', 'to weigh her ingredients', 'to look good', 'to keep her past a secret']",2
"Given the event ""PersonX organizes the silverware"", X is seen as","['a nerd', 'cuddly', 'uncouth', 'organized']",3
"""PersonX carries a video camera with him"" because PersonX wanted","['to improve', 'to be sure the dish is safe', 'to record the events', 'to have a collection of music']",2
"Given the event ""PersonX drops an ashtray"", X is seen as","['careless', 'a fan of scary stories', 'good at geography', 'a good nurse']",0
"Given the event ""PersonX puts on some makeup"", as a result, PersonX feels","['neat', 'tough', 'flattered', 'pretty']",3
"The event ""PersonX takes care of PersonY's dirty clothes"" happens before","['PersonX gives the child a book', 'PersonX puts them in the hamper', 'PersonX gets a call from the funeral home', 'PersonX has a good idea of what to do in case of']",1
"Given the  event ""PersonX is feeling better"", as a result, PersonX","['is a lucky guy', 'learns to socialize', 'wins a championship', 'is in good spirits']",3
"""PersonX switches from hard liquor to beer"" because PersonX wanted","['to be more responsible', 'to make a bed', 'to understand the past', 'to show his boss that he can handle a difficult task']",0
"Given the event ""PersonX tries to get in the holiday spirit"", as a result, PersonX feels","['enthused', 'festive', 'religious', 'not good']",1
"Given the event ""PersonX pops open the cork"", as a result, PersonX feels","['restricted', 'refreshed', 'stupid', 'entitled']",1
"Given the  event ""PersonX examines the family album"", as a result, PersonX","['gets a new coat', 'shoots a bull’s-eye', 'gets a new fan', 'learns about his family']",3
"Given the event ""PersonX runs out of hair product"", as a result, PersonX feels","['radiant', 'self-righteous', 'charming', 'frustrated']",3
"Given the event ""PersonX picks up PersonY’s camera"", as a result, Person X wants","['to buy a new CD', 'to eat the same food', 'to see a comedy', 'to take pictures']",3
"Given the  event ""PersonX reads on PersonY's personal diary"", as a result, PersonX","['is not considered a bandwagon jumper', ""learns about PersonY's private life"", 'becomes a reader', 'is insulted by the audience']",1
"Given the event ""PersonX takes her underpants off"", as a result, PersonX feels","['important', 'accepted', 'aroused', 'fine']",2
"Given the event ""PersonX eats her veggies"", as a result, PersonX feels","['resentful', 'healthy', 'curious', 'uninterested']",1
"Given the  event ""PersonX wears a jacket and pants"", as a result, PersonX","['finds a drink', 'has a good time at dinner', 'is warm', 'is speaking to someone']",2
"Given the  event ""PersonX enjoys a sauna"", as a result, PersonX","['buys an umbrella', 'gets the blue key', 'feels relaxed', 'keeps a diary']",2
"Given the  event ""PersonX notices the smell"", as a result, PersonX","['makes PersonY feel good', 'has healthy hair', 'learns to smoke', 'decides to buy a new air freshener']",3
"Given the event ""PersonX checks her hair"", as a result, Person X wants","['to be on the ground floor', 'to keep PersonY from escaping', 'to wear a different shirt', 'to comb her hair']",3
"Given the event ""PersonX uses a pesticide"", X is seen as","['dangerous', 'not a fan of winter', 'good at arguing', 'prepared']",0
"""PersonX holds up a placard"" because PersonX wanted","['to keep her things in order', 'to make a political statement', 'to be in time for the party', 'to be a great scientist']",1
"""PersonX drinks a health supplement"" because PersonX wanted","['to watch something', 'to be healthy', 'to get to the house', 'to make sure that he is at home']",1
"""PersonX puts something in her backpack"" because PersonX wanted","['to have the advantage', 'to tell PersonY something', 'to be seen as a person of integrity', 'to take something to school']",3
"Given the event ""PersonX makes the perfect egg"", X is seen as","['connected', 'random', 'a great cook', 'ordinary']",2
"""PersonX keeps the spider in a container"" because PersonX wanted","['to build a home', 'to keep PersonY hydrated', 'to keep the spider safe', 'to keep his hands clean']",2
"""PersonX replaces the light bulb"" because PersonX wanted","['to be able to eat doughnuts', 'to visit PersonY', 'to make the room brighter', 'to plan a meeting']",2
"Which of the following events can obstruct the event ""PersonX keeps PersonY's billfold""","[""PersonX can't find a picture of the person"", 'PersonX is still at school', 'PersonX loses it', 'PersonX is a woman']",2
"Given the event ""PersonX gets new stockings"", as a result, Person X wants","['to adjust the remote', 'to wear them', 'to stop kicking things', 'to sleep in a bed']",1
"Given the  event ""PersonX takes an ice-cold shower"", as a result, PersonX","['is refreshed', 'is awakened by a nightmare', 'is impressed by the article', 'gets PersonY to move in']",0
"Given the  event ""PersonX and PersonY work on a case together"", as a result, PersonX","['learns to use a map', 'and PersonY get along', 'and PersonY spend the night', 'learns about the weather']",1
"""PersonX cleans the rug"" because PersonX wanted","['to get rid of the stain', 'to do a job well', 'to make sure the food is taken home', 'to be tidy']",3
"Which of the following events can obstruct the event ""PersonX purchases weed killer""","['PersonX is a big fan of the new policy', 'PersonX is afraid to use it', 'PersonX is embarrassed to show off her hometown', 'PersonX is afraid of wine']",1
"Given the event ""PersonX buys a picture frame"", as a result, PersonX feels","['enraged', 'exhilarated', 'nice', 'content']",3
"Given the  event ""PersonX requests an introduction"", as a result, PersonX","['is still looking for the item', 'buys drinks for the entire table', 'is introduced to Jack', 'is annoyed by PersonY’s remark']",2
"Given the  event ""PersonX sets a video recorder"", as a result, PersonX","['loses his homework', 'drinks less coffee', ""is pleased with PersonY's gift"", 'records a video']",3
"""PersonX smacks it with a mallet"" because PersonX wanted","['to find out more about witches', 'to be in a play', 'to communicate with her deaf friend', 'to break it']",3
"The event ""PersonX has an e-mail address"" happens after","['PersonX takes a few practice shots', 'PersonX has a modem', 'PersonX wants to make PersonY feel better', 'PersonX has to get new shoes']",1
"""PersonX decides to plant a tree"" because PersonX wanted","['to annoy her neighbors', 'to learn more about Chinese food', 'to save the environment', 'to impress his friend']",2
"""PersonX helps out at a soup kitchen"" because PersonX wanted","['to see how things happen', 'to see his parents', 'to help others', 'to rob the house']",2
"Which of the following events can obstruct the event ""PersonX mixes brownies""","[""PersonX can't find the nail to hang it back up"", 'PersonX is my neighbor', ""PersonX can't find the mixer"", ""PersonX doesn't know how to use a slide projector""]",2
"Given the  event ""PersonX switched on his VCR"", as a result, PersonX","['gets a cut on his foot', 'watches a video', 'arrives at PersonY’s house', 'is the first to arrive at the party']",1
"Given the  event ""PersonX listens to a classical music CD"", as a result, PersonX","['is in the theatre', 'has to stay home alone', 'buys a wine', 'becomes a fan of classical music']",3
"Which of the following events can obstruct the event ""PersonX puts a notice up""","[""PersonX can't find a new book to read"", 'PersonX is afraid of being attacked', ""PersonX can't find the phone to call the judge"", ""PersonX can't find a notice board""]",3
"Given the event ""PersonX enjoys another cold beer"", as a result, PersonX feels","['a little nauseous', 'drab', 'refreshed', 'enthusiastic']",2
"""PersonX puts her dog in the kennel"" because PersonX wanted","['to make sure her dog is safe', 'to spend time with her mother', 'to make money and PersonY wants to get out of the house', 'to be annoying']",0
"""PersonX grasps the broom"" because PersonX wanted","['to have a firm grip', 'to clean the floor', 'to drink whiskey', 'to have a nice surprise for his mother']",1
"Given the event ""PersonX doesn't floss"", X is seen as","['a housewife', 'an avid sports fan', 'good at finding information', 'irresponsible']",3
"Given the event ""PersonX turns on the heater"", as a result, PersonX feels","['privileged', 'attentive', 'cozy', 'feminine']",2
"Which of the following events can obstruct the event ""PersonX checks his blood pressure""","[""PersonX can't find his blood pressure cuff"", 'PersonX is afraid of being teased', 'PersonX has too many pillows', 'PersonX is too sick to drink']",0
"Given the event ""PersonX learns to skateboard"", as a result, PersonX feels","['like a kid', 'ready to go home', 'excited', 'a bit lonely']",2
"Given the event ""PersonX eats a pastry"", as a result, PersonX feels","['comforted', 'comical', 'full', 'comforting']",2
"Given the event ""PersonX experiences a whiteout"", as a result, PersonX feels","['unimportant', 'encouraging', 'terrified', 'shabby']",2
"The event ""PersonX gets a mosquito bite"" happens after","['PersonX was outside without insect repellent', 'PersonX has a packed suitcase', 'PersonY has a gold watch', 'PersonX writes the previous chapter']",0
"The event ""PersonX plants something"" happens after","[""she's going too fast"", 'PersonX has baked cookies before', 'PersonX buys fertilizer', 'PersonX looks for a buyer']",2
"Given the event ""PersonX finds the missing stapler"", as a result, PersonX feels","['sun-warmed', 'unappreciated', 'satisfied', 'guilt']",2
"""PersonX changes her hair color"" because PersonX wanted","['to convince the court', 'to wait for his mother', 'to work on the computer', 'to be different']",3
"Given the event ""PersonX cleans the air with bleach"", as a result, PersonX feels","['better', 'lustful', 'a little tipsy', 'refreshed']",3
"Given the event ""PersonX goes on to lead a quiet life"", as a result, PersonX feels","['unbothered', 'responsible', 'peaceful', 'critical']",2
"Given the event ""PersonX does a lot of push-ups"", as a result, Person X wants","['to be in shape', 'to try a new soda', ""to tell PersonY that he's beautiful"", 'to find a flashlight']",0
"Given the  event ""PersonX reads novels in a hammock"", as a result, PersonX","['is relaxed', 'is caught by store owner', 'buys a flashlight', 'buys a wrench']",0
"Given the event ""PersonX is drinking juice"", as a result, PersonX feels","['perplexed', 'foolish', 'more like himself', 'refreshed']",3
"""PersonX uses the new carpeting"" because PersonX wanted","['to get rid of the soup', 'to make sure PersonY has money', 'to keep his cat happy', 'to improve the appearance of the house']",3
"Given the event ""PersonX listens to the radio for several hours"", as a result, PersonX feels","['entertained', 'cramped', 'helpless', 'watered']",0
"""PersonX puts on sunblock"" because PersonX wanted","['to hear the voice of the person on the other end', ""to get everyone's attention"", 'to protect himself from the sun', 'to calculate a sum']",2
"Which of the following events can obstruct the event ""PersonX serves a perfect dinner""","[""PersonX doesn't have a pencil sharpener"", ""PersonX can't find the petition"", ""PersonX can't find the right time to picket"", ""PersonX doesn't have any silverware""]",3
"""PersonX examines the jar"" because PersonX wanted","['to find out what is inside', 'to propose to Rebecca', 'to handle stress on his own', 'to see if there is a letter from his father.']",0
"Given the event ""PersonX invents the can opener"", as a result, PersonX feels","['in a good mood', 'accomplished', 'hidden', 'in need of a coffee']",1
"Given the  event ""PersonX knows how to do many things"", as a result, PersonX","['avoids making calls', 'is a jack of all trades', 'is called to the principal’s office', 'has a dress']",1
"Given the  event ""PersonX puts the wash in the washing machine"", as a result, PersonX","['is criticized by his congregation', '’s mother is grateful', 'gets clean clothes', 'is seen by a security guard']",2
"Given the event ""PersonX reads a label"", as a result, PersonX feels","['aggressive', 'in a safe place', 'quiet', 'curious']",3
"Given the event ""PersonX smacks it with a mallet"", as a result, PersonX feels","['a little silly', 'less angry', 'a little nauseous', 'frustrated']",3
"Given the event ""PersonX looks through the telescope"", as a result, Person X wants","['to live in a shelter', 'to cut back', 'to see the stars', 'to look at the weather']",2
"""PersonX puts sugar in the tea"" because PersonX wanted","['to tell PersonY about her background', 'to make her tea sweet', 'to watch the street', 'to get a taste of home']",1
"Given the event ""PersonX has just been born"", as a result, Y or others want","['to cradle PersonX', 'to dress and look more relaxed too', 'to hear about the trip', 'to take revenge']",0
"In order for Person X to conduct the event ""PersonX cleans up the rubbish"", PersonX needed","['to have a marker', 'to get the bird out of the cage', 'to make sure PersonY had food', 'to get a garbage bag']",3
"Given the event ""PersonX dedicates a plaque"", as a result, PersonX feels","['proud', 'desired', 'disturbed', 'sophisticated']",0
"Given the event ""PersonX drops her clipboard"", as a result, PersonX feels","['not clean', 'respected', 'in a safe place', 'upset']",3
"Which of the following events can obstruct the event ""PersonX fills the car""","[""PersonX can't find a tuxedo"", ""PersonX can't find the suitcases"", ""PersonX can't find the gas can"", ""PersonX can't convince PersonY to wear a condom""]",2
"""PersonX makes a stencil"" because PersonX wanted","['to propose to Taylor', 'to improve her flexibility', 'to make a new piece of art', 'to be able to pay for things']",2
"Which of the following events can obstruct the event ""PersonX dries the clothes""","[""PersonX can't find the extension cord"", ""PersonX can't find the knife to commit the crime"", ""PersonX can't find the laundry detergent"", 'PersonX is not allowed to talk to the media']",2
"""PersonX eats a doughnut"" because PersonX wanted","['to watch the house', 'to have a successful career', 'to be prepared for the worst', 'to have a treat']",3
"""PersonX picks up her backpack"" because PersonX wanted","['to leave the house', 'to steal the computer', 'to be connected to the TV', 'to give Wyatt a present']",0
"In order for Person X to conduct the event ""PersonX sews the shirts"", PersonX needed","['to be in the top ten', 'to have the sewing machine', 'to have time to paint her toenails', 'to be able to get into the kitchen']",1
"Given the event ""PersonX lights the wick"", as a result, PersonX feels","['insecure', 'fearful', 'frustrated', 'calm']",3
"Given the event ""PersonX breaks an ornament"", as a result, PersonX feels","['tough', 'guilty', 'awake', 'dazed']",1
"Given the  event ""PersonX blows bubbles"", as a result, PersonX","['made it to the top', 'gets away clean', 'gets the tractor', 'is a bubble blower']",3
"Given the event ""PersonX refuses to buckle"", as a result, PersonX feels","['dazzled', 'determined', 'less anxious', 'hyper']",1
"Given the event ""PersonX returns the mower"", as a result, PersonX feels","['caffeinated', 'perplexed', 'awed', 'happy']",3
"Given the event ""PersonX builds an exercise machine"", as a result, PersonX feels","['productive', 'supported', 'tipsy', 'impressed']",0
"""PersonX sets the clock to an early hour"" because PersonX wanted","['to make sure the party is safe', 'to be able to call people', 'to avoid paying for insurance', 'to be on time']",3
"""PersonX fixes the furnace"" because PersonX wanted","['to have a stereo', 'to see the stage', 'to get PersonY’s approval', 'to be able to heat the house']",3
"Given the event ""PersonX adds more fabric"", as a result, PersonX feels","['dirty', 'a little buzzed', 'creative', 'inspired']",2
"Given the event ""PersonX decides to fly a kite"", as a result, PersonX feels","['controlled', 'betrayed', 'agitated', 'excited']",3
"Given the event ""PersonX always loses his keys"", as a result, Person X wants","['to find out who left it', 'to have a keychain', 'to learn how to make a pie', 'to watch the fight again']",1
"Given the  event ""PersonX puts PersonX's foot in the oven"", as a result, PersonX","['gets a new sofa', 'has no chance to get the job', 'is scared of haunted houses', 'burns his foot']",3
"Given the event ""PersonX mends the broken teapot"", X is seen as","['a history buff', 'patient', 'secretive', 'a humanitarian']",1
"Given the event ""PersonX works at his desk"", as a result, PersonX feels","['productive', 'minty', 'inadequate', 'paranoid']",0
"Given the event ""PersonX is led to the truth"", as a result, Person X wants","['to make the moment last', 'to get his phone back', 'to take the car out for a drive', 'to know the truth']",3
"Given the event ""PersonX gets a gold sticker"", X is seen as","['a stalker', 'nice', 'good at making things', 'a self-starter']",1
"The event ""PersonX finds himself lost"" happens after","['PersonY is a little messy', 'PersonX is at the telephone', ""PersonX's GPS system is broken"", 'ice cream is a seasonal treat']",2
"Given the event ""PersonX stops off at the liquor store"", as a result, Person X wants","['to buy a bottle of wine', 'to keep finding it', 'to be a professional candle-lighter', 'to look at the weather']",0
"Given the  event ""PersonX takes a ride on the subway"", as a result, PersonX","['buys a large pizza', 'learns to ride the subway', 'makes friends with the children', 'is excited about the film']",1
"Given the event ""PersonX's shoelace comes untied"", as a result, PersonX feels","['nauseous', 'upset', 'protected', 'careful']",1
"Given the  event ""PersonX listens to a classical music CD"", as a result, PersonX","['likes classical music', ""learns about PersonY's feelings"", 'is able to read the book', '’s cookies are delicious']",0
"Given the  event ""PersonX knows how to operate a water pump"", as a result, PersonX","['has water at the end of the day', 'is invited to perform on TV', 'is impressed by PersonY’s voice', 'buys a plane ticket to visit his family']",0
"Given the event ""PersonX replaces the paper towel roll"", X is seen as","['not tough', 'like PersonX', 'eager to learn', 'efficient']",3
"""PersonX practices to play the guitar"" because PersonX wanted","['to be a better musician', 'to show his respect for the weather', 'to feel stylish', ""to be free of his mother's control""]",0
"Given the event ""PersonX fixes the crib"", as a result, PersonX feels","['dazzled', 'happy', 'tortured', 'stable']",1
"""PersonX buys an album"" because PersonX wanted","['to see PersonY fail', 'to see the effect of his actions', 'to be able to get home before midnight', 'to listen to music']",3
"Given the  event ""PersonX takes the letter out of the mailbox"", as a result, PersonX","['gets to play in a movie', 'has a nice time with her family', 'reads the letter', 'and PersonY are fined']",2
"Which of the following events can obstruct the event ""PersonX takes care of her plants""","[""PersonX can't find the watering can"", 'PersonX is not allowed to borrow books', ""PersonX can't find his medication"", ""PersonX can't find the tape to record the game""]",0
"Given the event ""PersonX takes a different tack"", as a result, PersonX feels","['motivated', 'horrified', 'competent', 'nauseous']",0
"Given the  event ""PersonX leaves the handbasket"", as a result, PersonX","['becomes a better swordsman', 'eats the food', 'makes a splash', 'gets hurt']",3
"Given the event ""PersonX puts on a suit"", as a result, PersonX feels","['formal', 'welcomed', 'light', 'agitated']",0
"Given the  event ""PersonX fails to open the vial"", as a result, PersonX","['is disappointed', 'learns to be a better student', 'is excluded from the club', 'plays his guitar']",0
"Given the event ""PersonX finally got into the swing of things"", as a result, PersonX feels","['intimate', 'dedicated', 'confident', 'a little worried']",2
"The event ""PersonX drinks from a water fountain"" happens after","['PersonY dropped it', 'PersonY is going to be angry', ""PersonX's mother has a lot of papers"", 'PersonX is thirsty']",3
"Which of the following events can obstruct the event ""PersonX takes PersonX's stethoscope""","['PersonX is not a doctor', 'PersonX is afraid of rocking chairs', ""PersonX didn't put the toast in the toaster"", 'PersonX is too scared to touch the pencil']",0
"Given the  event ""PersonX learns to work the new photocopier"", as a result, PersonX","['finishes his book', 'prints more copies', 'will be a fan of the team', 'has to write the address']",1
"Given the event ""PersonX's pager broke"", as a result, PersonX feels","['aggressive', 'needed', 'taken care of', 'annoyed']",3
"Given the event ""PersonX dances while drinking water"", as a result, PersonX feels","['amused', 'a little hungry', 'not clean', 'delicious']",0
"Given the  event ""PersonX practices at the firing range"", as a result, PersonX","['is better at shooting', 'learns how to use the oven', 'is told off by the director', 'has a camera in his hand']",0
"Given the event ""PersonX puts on a Halloween costume"", as a result, PersonX feels","['naked', 'excited', 'defensive', 'very scared']",1
"""PersonX carries an axe"" because PersonX wanted","['to leave a message', 'to be able to focus', 'to get out of the car', 'to protect himself']",3
"Which of the following events can obstruct the event ""PersonX and PersonY are in a boat""","[""PersonX doesn't have enough money to buy the trees"", 'PersonX and PersonY are in a kayak', ""PersonX can't find the riddle book"", 'PersonX is a nail biter']",1
"""PersonX wraps PersonY in a blanket"" because PersonX wanted","['to change the way things work', 'to give PersonY a bath', 'to be a fan of the game', 'to comfort PersonY']",3
"""PersonX leaves the phone off the hook"" because PersonX wanted","['to avoid the phone ringing', 'to have a nice time with PersonY', 'to make sure the hose is not leaking', 'to feel the cold']",0
"Given the event ""PersonX cuts a cord"", as a result, PersonX feels","['free', 'groggy', 'beautiful', 'intelligent']",0
"""PersonX resists having others see her diary"" because PersonX wanted","['to have a creative title', 'to drink a glass of juice', 'to keep her private thoughts private', 'to be stable']",2
"Given the event ""PersonX rests in his chair"", as a result, PersonX feels","['like a good friend', 'naughty', 'relaxed', 'fearful']",2
"Given the event ""PersonX works out on the treadmill"", as a result, Person X wants","['to buy more tickets', 'to become a police officer', 'to go to a bar', 'to go to the gym']",3
"Given the event ""PersonX listens to a barometer"", as a result, PersonX feels","['important', 'interested', 'misunderstood', 'inadequate']",1
"Given the event ""PersonX drinks from a water fountain"", as a result, PersonX feels","['unseen', 'light', 'refreshed', 'confused']",2
"""PersonX makes a podcast"" because PersonX wanted","['to be creative', 'to avoid the drama', 'to fix the broken water pipes', 'to impress Glen']",0
"Given the event ""PersonX comes out on top"", as a result, PersonX feels","['lethargic', 'happy', 'hungover', 'clear']",1
"Given the event ""PersonX travels with a backpack"", as a result, PersonX feels","['fascinated', 'privileged', 'accomplished', 'prepared']",3
"Given the event ""PersonX wears shorts on a long-distance hike"", as a result, PersonX feels","['unsure', 'lustful', 'comfortable', 'free']",2
"""PersonX buys a coffee maker"" because PersonX wanted","['to show off her house', 'to make coffee', 'to make the house more comfortable', 'to be sure his daughter is safe']",1
"Given the event ""PersonX learns to work the new photocopier"", as a result, PersonX feels","['accomplished', 'groggy', 'clean', 'intoxicated']",0
"""PersonX buys a new mattress"" because PersonX wanted","['to be a good student and PersonY wants to relax.', 'to sleep better', 'to make sure the product is safe', 'to keep his wallet safe']",1
"Given the  event ""PersonX walks to the drugstore"", as a result, PersonX","['decides to investigate', 'got an eyeful', 'buys some medicine', 'develops a headache']",2
"""PersonX types letters on a keyboard"" because PersonX wanted","['to be sensitive', 'to provide entertainment', 'to help us be safe', 'to be able to communicate']",3
"""PersonX plays a song on a new musical instrument"" because PersonX wanted","['to get in and out of the house quickly', 'to express himself', 'to read a different book', 'to find a gift for PersonY']",1
"""PersonX uses the landline"" because PersonX wanted","['to relax and PersonY wants to see the show', 'to communicate with his family', 'to know who is watching him', 'to attract a woman']",1
"Given the event ""PersonX puts on her coat"", as a result, PersonX feels","['in tune with PersonY', 'warm', 'emotional', 'intoxicated']",1
"""PersonX travels to a remote area"" because PersonX wanted","['to show PersonY his skills', 'to avoid housework', 'to keep the secret', 'to explore']",3
"Given the event ""PersonX buys the pizza"", as a result, PersonX feels","['attracted', 'satisfied', 'committed', 'rigid']",1
"Given the event ""PersonX drinks a health supplement"", as a result, PersonX feels","['graceful', 'happy', 'understanding', 'revived']",1
"Given the  event ""PersonX watches TV series"", as a result, PersonX","['gets praised by Lindsay', 'is complimented by the judge', 'gets a ride on a pony', 'likes the series']",3
"Which of the following events can obstruct the event ""PersonX continues with a smaller load""","[""PersonX can't find the dolly"", 'PersonX is afraid to go in the house', 'PersonX is afraid of caged animals', ""PersonX can't get the costume right""]",0
"Given the  event ""PersonX gets out of sight"", as a result, PersonX","['is lost', 'finds a stash of drugs', 'buys a costume', 'has a ride home']",0
"""PersonX opens the freezer"" because PersonX wanted","['to make sure the water is warm', 'to master a new skill', 'to be like his father', 'to see what is inside']",3
"The event ""PersonX picks up PersonY's clothes"" happens before","['PersonX puts the clothes in the hamper', 'PersonX does not exercise', 'PersonX gets back into the habit of cleaning the house', 'PersonX puts the laundry in the dryer']",0
"Given the event ""PersonX watches a show on TV"", as a result, PersonX feels","['entertained', 'less pain', 'glad', 'aroused']",0
"Given the  event ""PersonX continues to pick up rocks"", as a result, PersonX","['has a new Red Sox hat', 'does not get fat', 'collects a lot of rocks', 'develops back pain']",2
"The event ""PersonX finishes her salad"" happens before","['PersonY arrives home safely', 'PersonX drinks the salad dressing', 'PersonX visits the doctor', 'PersonX gets a thank you note']",1
"Given the event ""PersonX is led to the truth"", as a result, Person X wants","['to finish a puzzle', 'to see the truth', 'to be in the center of the room', 'to be the best speaker']",1
"Which of the following events can obstruct the event ""PersonX attempts to get a piano tune-up""","[""PersonX can't find the piano tuner"", 'PersonX is too short to reach the hooks', 'PersonX has been banned from the house', 'PersonX is afraid to use the toothbrush']",0
"""PersonX teaches PersonY how to skateboard"" because PersonX wanted","['to help PersonY', 'to be rested for a new task', 'to make sure the food is clean', 'to be able to build the house']",0
"Given the event ""PersonX cleans the cat box"", as a result, PersonX feels","['hung over', 'unfulfilled', 'impatient', 'satisfied']",3
"Which of the following events can obstruct the event ""PersonX glows""","['PersonX is allergic to glitter', 'PersonX is a fan of weddings', ""PersonX can't walk downstairs"", 'PersonX has enough food']",0
"Given the event ""PersonX achieves a goal"", as a result, PersonX feels","['happy', 'cherished', 'nourished', 'a little hungry']",0
"Given the event ""PersonX puts up a new banner"", X is seen as","['unmusical', 'creative', 'a hipster', 'sincere']",1
"Given the  event ""PersonX enjoys the hot tub"", as a result, PersonX","['gets better reception', 'is praised by Leslie', 'feels relaxed', 'is spotted by a woman']",2
"Which of the following events can obstruct the event ""PersonX paints his nails""","['PersonX is allergic to nail polish', 'PersonX is trying to get PersonY to go out with him', ""PersonX doesn't have any money to buy healthier food"", 'PersonX has a broken suitcase']",0
"""PersonX teaches PersonY to use a bow and arrow"" because PersonX wanted","['to have a good dinner', 'to improve his trap', 'to enjoy the summer', 'to help PersonY']",3
"Which of the following events can obstruct the event ""PersonX pours gas""","[""PersonX can't find the money to buy the supplies"", ""PersonX can't find the money to buy ice cream"", ""PersonX can't find the gas can"", ""PersonX can't find the paintbrush""]",2
"Given the event ""PersonX buys PersonY's new music album"", X is seen as","['supportive', 'nice', 'good at knots', 'unpredictable']",0
"The event ""PersonX feeds a baby"" happens before","[""PersonX sees PersonY's cat"", 'PersonX gives PersonY a piece of meat', 'PersonX buys a baby bottle', 'PersonX returns home with a ""feeling of hope.""']",2
"""PersonX puts a leash on the dog"" because PersonX wanted","['to keep the dog from running away', ""to destroy PersonY's home"", 'to get to Mexico', 'to be close to the window']",0
"""PersonX leads PersonY to the couch"" because PersonX wanted","['to be able to watch the news', 'to be able to do it himself', 'to get to the elevator', 'to get PersonY to sit down']",3
"Which of the following events can obstruct the event ""PersonX prepares for an experiment""","[""PersonX can't find a rope to climb down"", 'PersonX has a cord that plugs into the wall', ""PersonX can't find the beaker"", ""PersonX doesn't know how to do blood tests""]",2
"""PersonX puts on his pants"" because PersonX wanted","['to look presentable', 'to avoid being called', 'to stop the music', 'to get to know the others']",0
"The event ""PersonX gets tangled up"" happens after","['a new fashion trend has come out', 'PersonX gets caught in a fishing net', ""PersonX doesn't have a firm grip on the steering wheel"", 'PersonX leaves the iron on']",1
"""PersonX borrows a calculator"" because PersonX wanted","['to keep the group safe', ""to seduce PersonY's wife"", 'to do calculations', 'to be with her parents']",2
"""PersonX replaces the paper towel roll"" because PersonX wanted","['to be prepared for the next time', 'to get fit', 'to have a nice bathroom', 'to make the swingset safe']",0
"Given the  event ""PersonX goes kayaking"", as a result, PersonX","['is able to turn on the lights', 'learns to kayak', 'tells PersonY that he is', 'admires PersonY’s work']",1
"""PersonX applies some cosmetics"" because PersonX wanted","[""to end PersonY's stay"", 'to look better', 'to be active', 'to prove his case']",1
"""PersonX replaces the paper towel roll"" because PersonX wanted","['to show his defiance', 'to visit his family', 'to be helpful', 'to be able to remember the information']",2
"Given the  event ""PersonX buys a smartphone"", as a result, PersonX","['spends more time on the phone', 'wants to see it', 'is flattered', 'loses her children']",0
"Given the event ""PersonX orders a new drill bit"", as a result, PersonX feels","['holy', 'a little buzzed', 'determined', 'clear']",2
"Given the event ""PersonX works on the frame"", as a result, Person X wants","['to solve more puzzles', 'to get the bike fixed', 'to see the old house', 'to play with the vegetables']",1
"The event ""PersonX lifts the tailgate"" happens after","['PersonX is addicted to a drug', 'PersonX has a lift kit', 'PersonX is trying to put on a new shirt', ""PersonX didn't get a raise""]",1
"Given the  event ""PersonX cuts his nails"", as a result, PersonX","['loses his nail polish', 'gets more free time', 'gets new friends', 'gets a knot in his tie']",0
"Given the  event ""PersonX plants a vegetable garden"", as a result, PersonX","['is described as an excellent writer', 'gets kitty’s attention', 'gets fresh vegetables', 'realizes that the product is a dud']",2
"Given the  event ""PersonX starts ice skating"", as a result, PersonX","['has a fight with PersonY', 'gets better at skating', 'is more stylish', 'is recognized by the barista']",1
"Given the  event ""PersonX starts to get a grip"", as a result, PersonX","['becomes a catZ fan', 'is given a new drug', 'buys a bright shirt', 'is more focused']",3
"Given the event ""PersonX beats the timer"", as a result, PersonX feels","['hesitant', 'happy', 'playful', 'bad']",1
"Which of the following events can obstruct the event ""PersonX stretches""","['PersonX is not allowed to take anything from the house', 'PersonX is scared of the rocking chair', ""PersonX can't get the license plate number"", ""PersonX can't find a yoga mat""]",3
"Given the event ""PersonX plants an herb garden"", as a result, PersonX feels","['inspired', 'stuck', 'married', 'light']",0
"In order for Person X to conduct the event ""PersonX snaps the fishing line"", PersonX needed","['to be near the water', ""to be a fan of PersonY's music"", 'to have a bedwetting problem', 'to have seen her dad']",0
"Given the event ""PersonX is part-timer"", as a result, PersonX feels","['busy', 'home', 'controlled', 'encouraging']",0
"Given the event ""PersonX is an art lover"", as a result, Person X wants","['to star in more movies', 'to watch a new movie', 'to eat gourmet food', 'to paint']",3
"Given the event ""PersonX gets a new lawn mower"", as a result, PersonX feels","['equal', 'happy', 'awestruck', 'greedy']",1
"""PersonX steals an eraser"" because PersonX wanted","['to be a fashion designer', 'to take something that belongs to someone else', 'to get back at his sister', ""to see his mother's work""]",1
"Given the event ""PersonX begins to question his sanity"", as a result, Person X wants","['to dress more casually', 'to get a grip', ""to see what's in the drawer"", 'to fight in the war']",1
"Given the  event ""PersonX uses detergent"", as a result, PersonX","['has a beautiful home', 'has clean clothes', 'cleans his shoes', 'gets a zero']",1
"""PersonX talks about a strongbox"" because PersonX wanted","['to get a drink of lemonade', 'to protect the box', 'to find out more about herself', 'to cook and PersonY wants to clean']",1
"Given the  event ""PersonX has white-collar occupation"", as a result, PersonX","['is well-paid', 'is tested for drugs', 'gets a smaller house', 'is homeless']",0
"""PersonX pulls in the fishing rod"" because PersonX wanted","['to choose between two paths', 'to get fit', 'to be able to eat', 'to catch a fish']",3
"The event ""PersonX plants some trees"" happens before","['PersonX is a tree-planter', 'PersonX goes to the science lab', 'PersonX visits Bermuda', 'PersonX is caught by the police']",0
"""PersonX hits PersonY with a rubber ball"" because PersonX wanted","['to teach PersonY a lesson', 'to fix her shirt', 'to watch the news', 'to show PersonY that he is in love with her.']",0
"Given the event ""PersonX identifies PersonY as a drug dealer"", as a result, Person X wants","['to avoid doing his homework', 'to see PersonY in trouble', 'to see PersonY arrested', 'to buy food and PersonY wants to buy beer']",2
"Given the event ""PersonX creates a thread"", as a result, PersonX feels","['creative', 'dehydrated', 'social', 'at home']",0
"""PersonX takes a ride on the bus"" because PersonX wanted","['to travel', 'to learn about the animal', 'his mother to look nice', 'to keep the fish alive']",0
"Given the  event ""PersonX joins a golf club"", as a result, PersonX","['wins the World Cup', 'improves his golf game', 'gets a letter from the post office', 'sits in a chair']",1
"Given the event ""PersonX buys a fidget spinner"", as a result, Person X wants","['to leave a note', 'to drink during the day', 'to play with it', 'to be the main speaker']",2
"Given the  event ""PersonX finally gets some fish to eat"", as a result, PersonX","['sits down', 'was out of the house', 'feels satisfied', 'loses her grip on PersonY']",2
"""PersonX puts a tool in the toolbox"" because PersonX wanted","['to make sure he has time to get to work.', 'to have a tool for a specific task', 'to be ready for a shave', 'to hide the book']",1
"Given the  event ""PersonX is environmentally conscious"", as a result, PersonX","['saw a man in the room', 'is sent to the hospital', 'becomes aware of the smell', 'doesn’t litter']",3
"Given the event ""PersonX is at the end of his rope"", as a result, PersonX feels","['hopeless', 'skeptical', 'rested', 'empathetic']",0
"Given the event ""PersonX lights a candle"", as a result, PersonX feels","['sensual', 'charmed', 'warm', 'repulsed']",2
"""PersonX takes off her brace"" because PersonX wanted","['to finish the house', 'to copy the material', 'to do a job well', 'to feel better']",3
"Given the event ""PersonX eats a casserole"", as a result, PersonX feels","['thirsty', 'happy', 'dizzy', 'in a hurry']",1
"Which of the following events can obstruct the event ""PersonX tastes her first oyster""","[""PersonX can't find the timer"", 'PersonX is allergic to shellfish', ""PersonX can't find the green shirt"", ""PersonX can't find the bus to get there""]",1
"""PersonX takes the microphone"" because PersonX wanted","['to rest and PersonY wants to drink', 'to make a speech', 'to meet her friends', 'to avoid unwanted calls']",1
"In order for Person X to conduct the event ""PersonX invented metal detectors"", PersonX needed","['to have a design for a metal detector', 'to drink hard liquor', 'to be on a break', 'to have been practicing law']",0
"Given the event ""PersonX gives PersonY a vitamin pill"", X is seen as","['caring', 'desperate', 'stressed out', 'a stylish person']",0
"Given the event ""PersonX has a bowl of soup at lunch"", as a result, PersonX feels","['creative', 'spiritual', 'patriotic', 'full']",3
"Given the  event ""PersonX buys a picture frame"", as a result, PersonX","['has a fire', 'is shocked by what he sees', 'finds a lost penny', 'is happy with the frame']",3
"Given the event ""PersonX stops for some water"", as a result, PersonX feels","['embarassed', 'refreshed', 'scalded', 'bad']",1
"""PersonX throws a wrench at PersonY"" because PersonX wanted","['to be a chef', 'to make sure that PersonY has enough food', 'to punish PersonY', 'to protect herself from the rain']",2
"Given the  event ""PersonX had used the picture as a bookmark"", as a result, PersonX","['reads the passage', 'uses the toilet', 'regrets his action', 'confides in his best friend']",0
"Given the event ""PersonX makes arrangements"", X is seen as","['eco-friendly', 'attached to his family', 'a good planner', 'carnivorous']",2
"Which of the following events can obstruct the event ""PersonX is a baby in the cradle""","['PersonX is in the kitchen', 'PersonX is too drunk to go to the bar', ""PersonX doesn't want to be there"", ""PersonX can't find the rope to climb the tree""]",0
"Given the event ""PersonX uses a landline phone"", as a result, PersonX feels","['connected', 'drugged', 'entertained', 'anonymous']",0
"""PersonX gives PersonY the brush-off"" because PersonX wanted","['to add to his home', 'to protect Ali', 'to light a cigarette', 'to be left alone']",3
"Given the event ""PersonX experiences a whiteout"", as a result, PersonX feels","['thirsty', 'scared', 'embarrassed', 'rested']",1
"Given the event ""PersonX goes for a coffee"", as a result, PersonX feels","['dangerous', 'unclean', 'refreshed', 'lazy']",2
"Given the event ""PersonX eats animal meat"", X is seen as","['a carnivore', 'bossy', 'unrefined', 'a social outcast']",0
"Given the event ""PersonX builds a fire in the fireplace"", as a result, PersonX feels","['filled', 'peaceful', 'sedated', 'hurt']",1
"The event ""PersonX sews it up"" happens before","['PersonX meets PersonY at the coffee shop', 'PersonX takes the milk to the fridge', 'PersonX takes the sewing kit to the house', ""PersonX destroys PersonY's life""]",2
"""PersonX plays games on a tablet"" because PersonX wanted","['to have fun', 'to make sure PersonY is ready', 'to take notes', 'to buy a present for her friend']",0
