question,choices,answer
A customer is looking for a(n) razor blade cartridge product with model name power m3. What is the brand of the product?,"['soleil', 'philips', 'gillette', 'swhacker']",2
A customer is looking for a(n) shampoo product with model name 5 3. What is the brand of the product?,"['garnier', 'tresemmé', 'olaplex', 'justfor']",2
A customer is looking for a(n) backpack product with model name newyork chelsea. What is the brand of the product?,"['kate spade new york', 'plano', 'cullmann', 'ua']",0
A customer is looking for a(n) watch product with model name neptune omega. What is the brand of the product?,"['olevs', 'maxima', 'kappa', 'swatch']",3
A customer is looking for a(n) flash drive product with model name go sdddc3-256g-g46. What is the brand of the product?,"['pro-grade', 'sandisk', 'sanwa supply', 'alpha kappa']",1
A customer is looking for a(n) photographic film product with model name professional 800. What is the brand of the product?,"['elegoo', 'stacks and stacks', 'kodak', 'ferrania']",2
A customer is looking for a(n) shoes product with model name wendy leopard. What is the brand of the product?,"['moschino', 'hey dude', 'motosport', 'madden girl']",1
A customer is looking for a(n) skin cleaning agent product with model name chunky. What is the brand of the product?,"[""campbell's"", 'noreva', 'nourish', ""crafter's choice""]",0
A customer is looking for a(n) shoes product with model name grace lola. What is the brand of the product?,"['world', 'olympikus', 'nike', 'clarks']",3
A customer is looking for a(n) electric shaver product with model name pro fx870g. What is the brand of the product?,"['model', 'bic', 'babylisspro', 'manscaped']",2
A customer is looking for a(n) electronic component fan product with model name 120 lite. What is the brand of the product?,"['antec', 'cooler master', 'primochill', 'whatsminer']",1
A customer is looking for a(n) writing instrument product with model name 2.0 g2. What is the brand of the product?,"['pilot', 'edding', ""art's"", 'bruynzeel']",0
A customer is looking for a(n) shoes product with model name gs. What is the brand of the product?,"['so danca', 'haix', 'keen', 'nike']",3
A customer is looking for a(n) nail polish product with model name pure super. What is the brand of the product?,"['tammy taylor', 'dnd', 'crystal', 'chance']",2
A customer is looking for a(n) computer processor product with model name pentium 2. What is the brand of the product?,"['intel', 'nvidia', 'apple', 'amd']",0
A customer is looking for a(n) coffee maker product with model name special k-cafe. What is the brand of the product?,"['swan', 'keurig', 'farberware', 'technivorm moccamaster']",1
A customer is looking for a(n) skin cleaning agent product with model name baby comfort. What is the brand of the product?,"[""campbell's"", 'aveeno', 'caldrea', 'v']",1
A customer is looking for a(n) shoes product with model name 209 kiss. What is the brand of the product?,"['pleaser', 'r.e.d. by emp', 'baretraps', 'calvin klein']",0
A customer is looking for a(n) networking router product with model name home 3600. What is the brand of the product?,"['google', 'deutsche telekom', 'jiofi', 'nexxt']",3
A customer is looking for a(n) electronic device docking station product with model name thinkpad t490s. What is the brand of the product?,"['siriusxm', 'samsung', 'thermaltake', 'lenovo']",3
A customer is looking for a(n) video projector product with model name nebula 3. What is the brand of the product?,"['vine', 'canon', 'anker', 'optoma']",2
A customer is looking for a(n) shoes product with model name barricade solar. What is the brand of the product?,"['adidas', 'adrienne vittadini', 'hummel', 'seychelles']",0
A customer is looking for a(n) coat product with model name performance super. What is the brand of the product?,"['free country', 'marc new york by andrew marc', 'degrees', 'grangers']",1
A customer is looking for a(n) bra product with model name helena. What is the brand of the product?,"['fantasie', 'leading lady', 'medela', 'ariel']",0
A customer is looking for a(n) nail polish product with model name washington. What is the brand of the product?,"['pink angel', 'opi', 'icegel', 'bunny brand']",1
A customer is looking for a(n) graphic tablet product with model name pro 32. What is the brand of the product?,"['wacom', 'parblo', 'facebook', 'topaz']",0
A customer is looking for a(n) pants product with model name atg hunter. What is the brand of the product?,"['kuhl', 'wrangler', 'wavewear', 'max usa corp.']",1
A customer is looking for a(n) shoes product with model name 26078 s. What is the brand of the product?,"['see kai', 'tommaso', 'foot', 'timberland']",3
A customer is looking for a(n) shoes product with model name blazer jordan. What is the brand of the product?,"['nike', 'park', 'adrienne vittadini', 'keen']",0
A customer is looking for a(n) sport racket product with model name 301 hurricane. What is the brand of the product?,"['middle moon', 'dhs', 'speedminton', 'omega']",1
A customer is looking for a(n) skin moisturizer product with model name 020. What is the brand of the product?,"[""burt's bees"", 'fred hayman', 'tocopherol', 'revlon']",3
A customer is looking for a(n) shorts product with model name flex2.0 phantom. What is the brand of the product?,"['nike', 'hotty', 'body', 'hurley']",3
A customer is looking for a(n) coffee maker product with model name 90 micro. What is the brand of the product?,"['cafec', 'bonavita', 'jura', 'keurig']",2
A customer is looking for a(n) wearable computer product with model name watch i. What is the brand of the product?,"['apple', 'kate spade new york', 'oraolo', 'agptek']",0
A customer is looking for a(n) shoes product with model name 81 jazz. What is the brand of the product?,"['cole haan', '+', 'saucony', 'ellie shoes']",2
A customer is looking for a(n) pants product with model name sherpa dani. What is the brand of the product?,"['dear john', 'kings tire', 'kuhl', 'koi']",2
A customer is looking for a(n) shampoo product with model name systemkit 2. What is the brand of the product?,"['maui moisture', 'inebrya', 'nioxin', 'maison maison']",2
A customer is looking for a(n) shoes product with model name webster. What is the brand of the product?,"['hickersberger', 'ecco', ""dr. scholl's"", 'theatricals']",2
A customer is looking for a(n) shampoo product with model name malibu mini. What is the brand of the product?,"['beuton', 'malibu c', 'pulp riot', 'tales']",1
A customer is looking for a(n) printer product with model name 9018. What is the brand of the product?,"['memoking/phomemo', 'hp', 'puqu', 'sato']",1
A customer is looking for a(n) printer product with model name et 7750. What is the brand of the product?,"['brother', 'epson', 'entrust', 'flashforge']",1
A customer is looking for a(n) wearable computer product with model name gold 3. What is the brand of the product?,"['honor', 'ze', 'agptek', 'samsung']",3
A customer is looking for a(n) video card product with model name 280 r9. What is the brand of the product?,"['udoo', 'amd', 'cooler master', 'nzxt']",1
A customer is looking for a(n) shoes product with model name romy. What is the brand of the product?,"['easy spirit', 'osiris', 'upower', 'mad']",0
A customer is looking for a(n) writing instrument product with model name im vibrant. What is the brand of the product?,"[""noodler's"", 'strathmore', 'caligo', 'parker']",3
A customer is looking for a(n) skin cleaning agent product with model name lava water. What is the brand of the product?,"['some by mi', 'innisfree', 'alaffia', 'gojo']",1
A customer is looking for a(n) shoes product with model name 1080 v11. What is the brand of the product?,"['adidas', 'black brand', 'sanrio', 'new balance']",3
A customer is looking for a(n) watch product with model name heritage 1948. What is the brand of the product?,"['suunto', 'seagull', 'tissot', 'wenger']",2
A customer is looking for a(n) shoes product with model name 173 launch. What is the brand of the product?,"['brooks', 'dansko', 'huk', 'skech']",0
A customer is looking for a(n) security camera product with model name ec70. What is the brand of the product?,"['night owl', 'kasa', 'browning', 'leapfrog']",1
A customer is looking for a(n) bra product with model name love letters. What is the brand of the product?,"['beyond yoga', 'momcozy', 'cortland intimates', 'free people']",3
A customer is looking for a(n) biometric monitor product with model name s3 ios. What is the brand of the product?,"['ze', 'fastrack', 'fourth', 'keto']",3
A customer is looking for a(n) lamp product with model name supreme. What is the brand of the product?,"['extremus', 'chloe', 'neatfi', 'harmony']",2
A customer is looking for a(n) shoes product with model name era pig. What is the brand of the product?,"['vans', 'cell.', 'florsheim', 'muaddi']",0
A customer is looking for a(n) slipper product with model name cozy moc. What is the brand of the product?,"['hut', 'slippers', 'and1', 'my']",0
A customer is looking for a(n) security camera product with model name hunter 12. What is the brand of the product?,"['muddy', 'active products', 'godrej', 'hellobaby']",0
A customer is looking for a(n) watch product with model name jazzmaster heart. What is the brand of the product?,"['mvmt', 'hamilton', 'coach', 'u']",1
A customer is looking for a(n) coat product with model name tiro 23. What is the brand of the product?,"['kishigo', 'l.l.bean', 'champion', 'adidas']",3
A customer is looking for a(n) shoes product with model name flight jordan. What is the brand of the product?,"['sidi', 'nike', 'minnetonka', 'crocs']",1
A customer is looking for a(n) printer product with model name enterprise pro. What is the brand of the product?,"['kyocera', 'anycubic', 'hp', 'flsun']",2
A customer is looking for a(n) backpack product with model name titan 65. What is the brand of the product?,"['pgytech', 'high sierra', 'keysmart', 'baggallini']",1
A customer is looking for a(n) networking router product with model name ac1200 vr300. What is the brand of the product?,"['tp-link', 'zyxel', 'mikrotik', 'motorola']",0
A customer is looking for a(n) shoes product with model name era varsity. What is the brand of the product?,"['wing', 'vans', 'madden', 'acme']",1
A customer is looking for a(n) nail polish product with model name 1023. What is the brand of the product?,"['essie', 'una', 'in.', 'dream']",0
A customer is looking for a(n) bra product with model name onefabfit original. What is the brand of the product?,"['elomi', 'maidenform', 'olga', '& sexy']",1
A customer is looking for a(n) coat product with model name crown. What is the brand of the product?,"['mufflon', 'ariat', 'burton', 'dsg']",2
A customer is looking for a(n) backpack product with model name shuttle 100. What is the brand of the product?,"['osprey', 'mountainsmith', 'ogio', 'milwaukee']",0
A customer is looking for a(n) wearable computer product with model name rings. What is the brand of the product?,"['praesidus', 'oura', 'feifuns', 'pavlok']",1
A customer is looking for a(n) monitor product with model name chef. What is the brand of the product?,"['viotek', 'neewer', 'def tech', 'cuisinart']",3
A customer is looking for a(n) safety glasses product with model name covert. What is the brand of the product?,"['og walker', 'speedo', 'bolle', 'my']",1
A customer is looking for a(n) watch product with model name 0361. What is the brand of the product?,"['invicta', 'baume & mercier', 'admiral', 'undone']",0
A customer is looking for a(n) lip color product with model name coquette 375. What is the brand of the product?,"['covergirl', 'maybelle', 'dose of colors', 'artdeco']",0
A customer is looking for a(n) networking router product with model name nest ac. What is the brand of the product?,"['netgear', 'avm', 'multilaser', 'google']",3
A customer is looking for a(n) wearable computer product with model name series1 se. What is the brand of the product?,"['alpha', 'apple', 'oculus', 'xwatch']",1
A customer is looking for a(n) shoes product with model name 360 munchkin. What is the brand of the product?,"['affenzahn', 'vagabond', 'stride rite', 'donald j pliner']",2
A customer is looking for a(n) printer product with model name pixma 3600. What is the brand of the product?,"['google', 'canon', 'samsung', 'tvs']",1
A customer is looking for a(n) skin blemish removal tool product with model name ultra m8. What is the brand of the product?,"['dr. pen', 'pimple', 'derma', 'trophy skin']",0
A customer is looking for a(n) shoes product with model name volt max. What is the brand of the product?,"['triple eight', 'nike', 'on cloud', 'club']",1
A customer is looking for a(n) coat product with model name ak down. What is the brand of the product?,"['polartec', 'khujo', 'burton', 'and zoe']",2
A customer is looking for a(n) security camera product with model name ca-01. What is the brand of the product?,"['spypoint', 'appbot', 'cuddeback', 'logitech']",0
A customer is looking for a(n) shoes product with model name ride iso. What is the brand of the product?,"['dr. martens', 'kd', 'saucony', 'bzees']",2
A customer is looking for a(n) wearable computer product with model name smart 55. What is the brand of the product?,"['dirrelo', 'alpha', 'garmin', 'tag heuer']",2
A customer is looking for a(n) networking router product with model name 6110. What is the brand of the product?,"['tp-link', 't-mobile', 'netgear', 'ridgetec']",2
A customer is looking for a(n) writing instrument product with model name r2 blast. What is the brand of the product?,"[""gabby's"", 'montex', 'light', 'i-n-c']",3
A customer is looking for a(n) computer chassis product with model name x1 core. What is the brand of the product?,"['corsair', 'argon', 'thermaltake', 'msi']",2
A customer is looking for a(n) writing instrument product with model name premier scholar. What is the brand of the product?,"['prismacolor', 'taom', 'crkt', 'bd']",0
A customer is looking for a(n) printer product with model name 2824. What is the brand of the product?,"['tevo', 'logic', 'flashforge', 'zebra']",3
A customer is looking for a(n) watch product with model name 1270. What is the brand of the product?,"['fossil', 'wristology', 'invicta', 'sinn']",2
A customer is looking for a(n) lip color product with model name chubbystick chunky. What is the brand of the product?,"['clinique', 'colourpop', 'aussie', 'nourishmax']",0
A customer is looking for a(n) television product with model name 7100. What is the brand of the product?,"['techwood', 'samsung', 'metz', 'infinix']",1
A customer is looking for a(n) multiport hub product with model name viper air. What is the brand of the product?,"['cateck', 'tendak', 'hyper', 'vemont']",2
A customer is looking for a(n) handbag product with model name emma iphone. What is the brand of the product?,"['lacoste', 'the.', 'tekcoo', 'bandolier']",3
A customer is looking for a(n) watch product with model name bolt 30043. What is the brand of the product?,"['timex', 'suunto', 'invicta', 'anne klein']",2
A customer is looking for a(n) shoes product with model name react sb. What is the brand of the product?,"['nike', 'young soles', 'step and flex', 'mcrae']",0
A customer is looking for a(n) printer product with model name laserjet 4000. What is the brand of the product?,"['flsun', 'arkscan', 'hp', 'supvan']",2
A customer is looking for a(n) printer product with model name 4500 3050a. What is the brand of the product?,"['hp', 'canon', 'hprt', 'star micronics']",0
A customer is looking for a(n) writing instrument product with model name streamline eclipse. What is the brand of the product?,"['liqui', 'schmidt', 'pilot', 'rockler']",2
A customer is looking for a(n) monitor product with model name vg27aq1a tufgaming. What is the brand of the product?,"['lilliput', 'yeyian', 'asus', 'eyoyo']",2
A customer is looking for a(n) shoes product with model name valor 8. What is the brand of the product?,"['timberland', 'johnston & murphy', 'camper', 'jordan']",0
A customer is looking for a(n) printer product with model name workforce 520. What is the brand of the product?,"['creality', 'epson', 'sato', 'mark life']",1
A customer is looking for a(n) pants product with model name wedgie 501. What is the brand of the product?,"['s.oliver', 'gallery dept', ""levi's"", 'viktos']",2
A customer is looking for a(n) backpack product with model name cece. What is the brand of the product?,"['yeti', 'kipling', 'mizuno', 'osprey']",1
A customer is looking for a(n) remote control product with model name 901. What is the brand of the product?,"['skins', 'iris', 'vinabty', 'compustar']",3
A customer is looking for a(n) bra product with model name hydrangea. What is the brand of the product?,"['natori', 'wacoal', 'lululemon', 'wear']",1
A customer is looking for a(n) lip color product with model name pinkribbon. What is the brand of the product?,"['kylie cosmetics', 'clinique', 'estee lauder', 'it']",2
A customer is looking for a(n) slipper product with model name ascot ii. What is the brand of the product?,"['ugg', 'adidas', 'walk co.', 'adda (label)']",0
A customer is looking for a(n) lip color product with model name brazil 850. What is the brand of the product?,"['younique', 'perma blend', ""l'oreal paris"", 'clarins']",2
A customer is looking for a(n) printer product with model name pt-p710bt cube. What is the brand of the product?,"['label label', 'brother', 'btt', 'supvan']",1
A customer is looking for a(n) shoes product with model name pacer st. What is the brand of the product?,"['horse', 'inov-8!f', 'puma', 'affenzahn']",2
A customer is looking for a(n) coat product with model name bianca. What is the brand of the product?,"['uhlsport', 'nils', 'richa', 'troy lee designs']",1
A customer is looking for a(n) lip color product with model name matte 22340. What is the brand of the product?,"['jiewang', 'l.a. colors', 'primark', ""wet 'n wild""]",1
A customer is looking for a(n) shoes product with model name 9 jordan. What is the brand of the product?,"['hb clover', 'unionbay', 'nike', 'black brand']",2
A customer is looking for a(n) shaving agent product with model name leaf. What is the brand of the product?,"[""l'occitane"", 'taylor of old bond street', 'shea moisture', 'pfb vanish']",1
A customer is looking for a(n) electronic component fan product with model name h100. What is the brand of the product?,"['corsair', 'aquacomputer', 'nab cooling', 'winsinn']",0
A customer is looking for a(n) eyelid color product with model name siren. What is the brand of the product?,"['maybelline', 'cosline', 'revlon', 'too faced']",2
A customer is looking for a(n) electric shaver product with model name 8243. What is the brand of the product?,"['panasonic', 'avon', 'touch', 'tria']",0
A customer is looking for a(n) wearable computer product with model name fenix hr. What is the brand of the product?,"['garmin', 'max', 'letsfit', 'ryx-y1']",0
A customer is looking for a(n) electric shaver product with model name comfort 3000. What is the brand of the product?,"['skull shaver', 'butterfly', 'schick', 'philips']",3
A customer is looking for a(n) razor blade cartridge product with model name titanium flex. What is the brand of the product?,"['darco', 'plow', 'bic', 'razorock']",2
A customer is looking for a(n) watch product with model name 3982. What is the brand of the product?,"['stuhrling original', 'itouch', 'glycine', 'kate spade new york']",0
A customer is looking for a(n) hair iron product with model name pro multi. What is the brand of the product?,"['babyliss', 'bio ionic', 'forma', 'remington']",3
A customer is looking for a(n) bra product with model name 18hour e525. What is the brand of the product?,"['athleta', 'dairy', 'playtex', 'momcozy']",2
A customer is looking for a(n) cosmetic powder product with model name matte 525. What is the brand of the product?,"['mabline', 'covergirl', 'mary kay', 'zao']",1
A customer is looking for a(n) skin cleaning agent product with model name control deepclean. What is the brand of the product?,"['&', 'neutrogena', 'santa barbara', 'be']",1
A customer is looking for a(n) handbag product with model name tabby. What is the brand of the product?,"['dadanism', 'coach', 'truffle', 'niko']",1
A customer is looking for a(n) bra product with model name focus. What is the brand of the product?,"['comexim', 'beyond yoga', 'stella', 'aoxjox']",1
A customer is looking for a(n) handbag product with model name hayden pillow. What is the brand of the product?,"['longlong', 'anne klein', 'rick steves', 'coach']",3
A customer is looking for a(n) wearable computer product with model name scallop 2. What is the brand of the product?,"['boat', 'lg', 'l.o.l. surprise!', 'kate spade new york']",3
A customer is looking for a(n) coffee maker product with model name purewhite mini. What is the brand of the product?,"['nestle nespresso', 'k', 'bravilor', 'bosch']",0
A customer is looking for a(n) backpack product with model name 18 h20. What is the brand of the product?,"['dagne', 'gregory', 'maxpedition', 'hazard 4']",1
A customer is looking for a(n) face shaping makeup product with model name n bronze. What is the brand of the product?,"['pur', 'pinky', 'laura geller new york', 'estee lauder']",2
A customer is looking for a(n) watch product with model name prodiver 40017. What is the brand of the product?,"['titan', 'invicta', 'fossil', 'revue thommen']",1
A customer is looking for a(n) lip color product with model name ruby 691. What is the brand of the product?,"['artdeco', 'cd couture', 'maybelline new york', 'avon']",2
A customer is looking for a(n) shoes product with model name 2 pg. What is the brand of the product?,"['travis scott', 'nike', 'cult', 'd']",1
A customer is looking for a(n) nail polish product with model name odette. What is the brand of the product?,"['zoya', 'my', 'kay beauty', 'una']",0
A customer is looking for a(n) cosmetic case product with model name contour. What is the brand of the product?,"['juicy couture', 'travel', 'ralph lauren', 'amka']",0
A customer is looking for a(n) watch product with model name offshore oak. What is the brand of the product?,"['vincero', 'vaer', 'royal', 'max']",2
A customer is looking for a(n) printer product with model name 2720. What is the brand of the product?,"['sneed-jet', 'dell', 'epson', 'micro-swiss']",2
A customer is looking for a(n) shoes product with model name slipon step. What is the brand of the product?,"['twisted', 'clarks', 'zoom', 'the.']",1
A customer is looking for a(n) shoes product with model name classic newport. What is the brand of the product?,"['mini melissa', 'kickers', 'reebok', 'in.']",2
A customer is looking for a(n) pants product with model name 18 signature. What is the brand of the product?,"['levis', ""levi's"", 'democracy', 'crye']",1
A customer is looking for a(n) hair trimmer product with model name 8081 professional. What is the brand of the product?,"['call store', 'vng', 'wahl', 'lister']",2
A customer is looking for a(n) biometric monitor product with model name 1 cam. What is the brand of the product?,"['moov', 'fit', 'owlet', 'honor']",2
A customer is looking for a(n) writing instrument product with model name fun wonder. What is the brand of the product?,"['crayola', 'light', 'giotto', 'black widow']",0
A customer is looking for a(n) earring product with model name jack. What is the brand of the product?,"['clara pucci', '&', 'simply', 'kendra scott']",3
A customer is looking for a(n) networking router product with model name alexa av1000. What is the brand of the product?,"['gl.inet', 'meraki', 'tp-link', 'zoom']",2
A customer is looking for a(n) nail polish product with model name sl10. What is the brand of the product?,"['ibd', 'nail', 'sns', 'dream']",2
A customer is looking for a(n) razor blade cartridge product with model name mach sensitive. What is the brand of the product?,"['headblade', 'personna', 'gillette', 'dollar shave club']",2
A customer is looking for a(n) backpack product with model name canyon summit. What is the brand of the product?,"['eddie bauer', 'seven', 'timbuk2', 'le']",0
A customer is looking for a(n) pants product with model name 285. What is the brand of the product?,"[""levi's"", 'hue', 'harvic', 'arena']",0
A customer is looking for a(n) pants product with model name manhattan rise. What is the brand of the product?,"['valken', 'pme legend', 'paige', 'matchstick']",2
A customer is looking for a(n) multiport hub product with model name 531. What is the brand of the product?,"['vemont', 'moxa', 'anker', 'nzxt']",2
A customer is looking for a(n) wallet product with model name s nano. What is the brand of the product?,"['brahmin', 'ledger', 'secux', 'satch']",1
A customer is looking for a(n) television product with model name freestyle 2022. What is the brand of the product?,"['samsung', 'thomson', 'sceptre', 'sharp']",0
A customer is looking for a(n) skin cleaning agent product with model name ultimate beauty. What is the brand of the product?,"['dove', 'beekman', 'comodex', 'nourish']",0
A customer is looking for a(n) face shaping makeup product with model name color cream. What is the brand of the product?,"['beauty creations', 'thrive+', 'laura mercier', 'sheglam']",2
A customer is looking for a(n) shoes product with model name 3 torch. What is the brand of the product?,"['converse', 'fly london', 'nike', 'reef']",2
A customer is looking for a(n) shoes product with model name clouds x. What is the brand of the product?,"['reebok', 'merrell', 'cushionaire', 'on']",3
A customer is looking for a(n) watch product with model name 115. What is the brand of the product?,"['xoxo', 'moebius', 'empatica', 'casio']",3
A customer is looking for a(n) electric shaver product with model name 980 9. What is the brand of the product?,"['panasonic', 'xiaomi', 'braun', 'philips']",2
A customer is looking for a(n) nail polish product with model name weekender. What is the brand of the product?,"['beetles', 'chaun', 'cuccio', 'tammy taylor']",3
A customer is looking for a(n) skin moisturizer product with model name oilcontrol sun. What is the brand of the product?,"['eucerin', 'as', 'happy nuts', 'halo']",0
A customer is looking for a(n) sport racket product with model name pursuit mc60. What is the brand of the product?,"['karakal', 'flex power', 'engage', 'jnice']",2
A customer is looking for a(n) onboard camera product with model name 2.0 beacon. What is the brand of the product?,"['aiptek', 'uber', 'rollei', 'rand mcnally']",1
A customer is looking for a(n) handbag product with model name 842 rowan. What is the brand of the product?,"['valentino', 'spartina 449', 'coach', 'utx']",2
A customer is looking for a(n) writing instrument product with model name jetstream 73832. What is the brand of the product?,"['sakura', 'uni-ball', 'herbin', 'cra-z']",1
A customer is looking for a(n) remote control product with model name zen ps4. What is the brand of the product?,"['hoorlz', 'ftn', 'sonoff', 'cronus']",3
A customer is looking for a(n) monitor product with model name art rog. What is the brand of the product?,"['benq', 'msi', 'meta', 'asus']",3
A customer is looking for a(n) hair coloring agent product with model name 7x gray. What is the brand of the product?,"[""l'oreal paris"", 'echosline', 'henkel', 'gold']",0
A customer is looking for a(n) shoes product with model name 610. What is the brand of the product?,"['gatsby', 'new balance', 'airland', 'kuru']",1
A customer is looking for a(n) toothbrush product with model name 491. What is the brand of the product?,"['gum', 'germ', 'ocean 5', 'sensory products']",0
A customer is looking for a(n) pants product with model name slim 511. What is the brand of the product?,"['jerzees', ""levi's"", 'cort', 'sofia vergara']",1
A customer is looking for a(n) handbag product with model name at classic. What is the brand of the product?,"['travelon', 'antik denim', 'jack david', 'coach']",0
A customer is looking for a(n) coat product with model name mk2. What is the brand of the product?,"['helikon-tex', 'teva', 'mountain', 'kuiu']",0
A customer is looking for a(n) watch product with model name angel 18796. What is the brand of the product?,"['waltham', 'jojo', 'disney', 'invicta']",3
A customer is looking for a(n) skin cleaning agent product with model name collection noir. What is the brand of the product?,"['bath & body works', 'sofina', 'zest', 'obagi']",0
A customer is looking for a(n) handbag product with model name julian. What is the brand of the product?,"['hermes', 'time and tru', 'rebecca minkoff', ""victoria's secret""]",2
A customer is looking for a(n) slipper product with model name bristol. What is the brand of the product?,"['danielle enterprises', 'mahabis', 'toms', 'acorn']",3
A customer is looking for a(n) wearable computer product with model name mac watch. What is the brand of the product?,"['garmin', 'denver', 'citizen', 'apple']",3
A customer is looking for a(n) monitor product with model name ultrafine 27un850-w. What is the brand of the product?,"['trio', 'acouto', 'più', 'lg']",3
A customer is looking for a(n) skin moisturizer product with model name dark puffy. What is the brand of the product?,"['antica farmacista', 'cerave', 'joon x', 'geologie']",3
A customer is looking for a(n) watch product with model name promaster marine. What is the brand of the product?,"['citizen', 'undone', 'stauer', 'max']",0
A customer is looking for a(n) shoes product with model name st runner. What is the brand of the product?,"['puma', 'twisted x', 'pilot', 'carolina']",0
A customer is looking for a(n) nail polish product with model name complete spa. What is the brand of the product?,"['dc', 'kiara sky', 'mes fees', 'opi']",3
A customer is looking for a(n) electric shaver product with model name essential beauty. What is the brand of the product?,"['shaver products', 'buff', 'skull shaver', 'philips']",3
A customer is looking for a(n) body deodorant product with model name z. What is the brand of the product?,"['stoner', 'way of will', 'bioré', 'secret']",2
A customer is looking for a(n) shampoo product with model name daily professional. What is the brand of the product?,"['zotos', 'sgx', 'ate', 'suave']",3
A customer is looking for a(n) astringent substance product with model name play luna. What is the brand of the product?,"['foreo', 'dna', 'hada labo', 'buttah']",0
A customer is looking for a(n) watch product with model name speedway 30989. What is the brand of the product?,"['ben', 'spintso', 'breda', 'invicta']",3
A customer is looking for a(n) lip color product with model name pop color. What is the brand of the product?,"['becca by rebecca virtue', 'bareminerals', 'clinique', 'isadora']",2
A customer is looking for a(n) shoes product with model name pro 6. What is the brand of the product?,"['fila', 'mutual', 'lowa', 'timberland']",3
A customer is looking for a(n) watch product with model name rev speedway. What is the brand of the product?,"['doxa', 'vincero', 'alpha kappa', 'invicta']",3
A customer is looking for a(n) necklace product with model name joker. What is the brand of the product?,"[""hershey's"", 'phiten', 'swarovski', 'firefly']",2
A customer is looking for a(n) shoes product with model name circus kirby. What is the brand of the product?,"['nunn bush', 'sam edelman', 'fitflop', 'element']",1
A customer is looking for a(n) shoes product with model name 2 air. What is the brand of the product?,"['nautilus', 'nike', 'edsul', 'reebok']",1
A customer is looking for a(n) shoes product with model name l carina. What is the brand of the product?,"['puma', 'oeyes', 'buster', 's.e.e.']",0
A customer is looking for a(n) computer chassis product with model name ql airflow. What is the brand of the product?,"['arduino', 'corsair', 'jonsbo', 'givenchy']",1
A customer is looking for a(n) wearable computer product with model name 821 galaxy. What is the brand of the product?,"['sansumgalaxy', 'samsung', 'xiaomi', 'umidigi']",1
A customer is looking for a(n) pants product with model name 579. What is the brand of the product?,"['mountain khakis', ""levi's"", 'arena', 'kim gravel']",1
A customer is looking for a(n) shoes product with model name 626 v2. What is the brand of the product?,"['new balance', 'bruno marc', 'body glove', 'mlo']",0
A customer is looking for a(n) monitor product with model name z22. What is the brand of the product?,"['raspberry pi', 'belkin', 'hp', 'lowrance']",2
A customer is looking for a(n) watch product with model name w93. What is the brand of the product?,"['(red)', 'g', 'casio', 'kate spade new york']",2
A customer is looking for a(n) security camera product with model name s40 cam. What is the brand of the product?,"['q-see', 'eufy', 'boblov', 'commax']",1
A customer is looking for a(n) skin moisturizer product with model name white original. What is the brand of the product?,"['111skin harley st. london', 'excipial', 'carol', 'dr. g']",2
A customer is looking for a(n) sport racket product with model name polytourpro 17. What is the brand of the product?,"['yonex', 'rokne', 'slam', 'drop shot']",0
A customer is looking for a(n) remote control product with model name combo. What is the brand of the product?,"['rockford fosgate', 'switchbot', 'idatalink', 'pds']",1
A customer is looking for a(n) safety glasses product with model name 2123. What is the brand of the product?,"['msa', '100%', 'crossfire', 'salice']",2
A customer is looking for a(n) hair trimmer product with model name 50 max. What is the brand of the product?,"['kiepe', ""n'hance™"", 'moser engineering', 'tec+']",2
A customer is looking for a(n) wearable computer product with model name pro db02. What is the brand of the product?,"['lenovo', 'carkira', 'koretrak', 'google']",2
A customer is looking for a(n) voice recorder product with model name 208i. What is the brand of the product?,"['a', 'tascam', 'akai', 'teac']",1
A customer is looking for a(n) shoes product with model name vizrunner cross. What is the brand of the product?,"['ringor', 'puma', 'vagabond', 'michael kors']",1
A customer is looking for a(n) electronic device docking station product with model name 3551 precision. What is the brand of the product?,"['dell', 'akitio', 'landingzone', 'ultimate ears']",0
A customer is looking for a(n) shoes product with model name wide v2. What is the brand of the product?,"[""clark's"", 'new balance', 'etnies', 'born']",1
A customer is looking for a(n) shorts product with model name 5 eclipse. What is the brand of the product?,"['gloria vanderbilt', 'nike', 'keiki', 'kut from the kloth']",1
A customer is looking for a(n) toothbrush head product with model name 9600. What is the brand of the product?,"['spinbrush', 'oral-b', 'aquasonic', 'emmi-dent']",1
A customer is looking for a(n) watch product with model name siren ss. What is the brand of the product?,"['magnus', 'nixon', 'porsamo', 'shinola']",1
A customer is looking for a(n) voice recorder product with model name d100. What is the brand of the product?,"['kii', 'unifine', 'sony', 'zoom']",2
A customer is looking for a(n) handbag product with model name textile rogue. What is the brand of the product?,"['jessica simpson', 'coach', 'moschino', 'razer']",1
A customer is looking for a(n) printer product with model name 2625. What is the brand of the product?,"['hp', 'sunmi', 'mark life', 'sumup']",0
A customer is looking for a(n) dry shampoo product with model name phantom. What is the brand of the product?,"['pulp riot', 'amika', 'big products', 'co-lab']",1
A customer is looking for a(n) shoes product with model name strike gs. What is the brand of the product?,"['mr.shoes', 'nike', 'chili', 'camel active']",1
A customer is looking for a(n) hair trimmer product with model name master premium. What is the brand of the product?,"['resuxi', 'andis', 'tec+', 'hyena']",1
A customer is looking for a(n) shoes product with model name jake originals. What is the brand of the product?,"['pediped', 'servus', 'bernal', 'guess']",0
A customer is looking for a(n) shoes product with model name work club. What is the brand of the product?,"['eurotard', 'ringor', 'edsul', 'reebok']",3
A customer is looking for a(n) printer product with model name 7640 envy. What is the brand of the product?,"['all', 'hp', 'clover', 'tepra']",1
A customer is looking for a(n) conditioner product with model name 272 cap. What is the brand of the product?,"['suave', 'hairmax', 'rita hazan', 'roux']",1
A customer is looking for a(n) remote control product with model name klik3u-bk2. What is the brand of the product?,"['best', 'vinabty', 'smk-link', 'chamberlain']",3
A customer is looking for a(n) wearable computer product with model name se airpods. What is the brand of the product?,"['aqfit', 'vtech', 'dt', 'apple']",3
A customer is looking for a(n) pants product with model name 511 performance. What is the brand of the product?,"['stetson', ""levi's"", 'bilt', 'wp']",1
A customer is looking for a(n) computer chassis product with model name m2 mars. What is the brand of the product?,"['noua', 'phanteks', 'gamdias', 'in win']",2
A customer is looking for a(n) mascara product with model name ultimate 501. What is the brand of the product?,"['revlon', 'bobbi brown', 'rimmel', 'marc jacobs']",0
A customer is looking for a(n) watch product with model name xlseries 200m. What is the brand of the product?,"['hugo boss', 'evinrude', 'seagull', 'casio']",3
A customer is looking for a(n) coat product with model name viking fr. What is the brand of the product?,"['vans', 'z supply', 'truewerk', 'viking']",3
A customer is looking for a(n) video card product with model name x k80. What is the brand of the product?,"['black brand', 'intel', 'nvidia', 'gainward']",2
A customer is looking for a(n) watch product with model name 5sports pilot. What is the brand of the product?,"['yazole', 'seiko', 'klarstein', 'zelos']",1
A customer is looking for a(n) backpack product with model name atmosphere. What is the brand of the product?,"['exped', 'osprey', 'apple pool', 'matbock']",1
A customer is looking for a(n) backpack product with model name apparition sbr. What is the brand of the product?,"['black diamond', ""gabby's"", 'calpak', 'grey ghost gear']",3
A customer is looking for a(n) bra product with model name swoosh 2.0. What is the brand of the product?,"['nike', 'glamorise', 'pour moi', 'gym company']",0
A customer is looking for a(n) hair dryer product with model name griddle curly. What is the brand of the product?,"['revlon', 'xiaomi', 'elmot', 'a-1 tools']",0
A customer is looking for a(n) wearable computer product with model name series3 nike. What is the brand of the product?,"['garmin', 'mievida', 'apple', 'tomtom']",2
A customer is looking for a(n) necktie product with model name pegasus. What is the brand of the product?,"['fun', 'doc holliday', 'pronto uomo', 'hermes']",3
A customer is looking for a(n) shoes product with model name 874. What is the brand of the product?,"['crankbrothers', 'new balance', 'adda (label)', 'etnies']",1
A customer is looking for a(n) conditioner product with model name style professional. What is the brand of the product?,"['bb', 'evans', 'the divacup', 'hs hair']",3
A customer is looking for a(n) lamp product with model name sp. What is the brand of the product?,"['onf', 'mars hydro', 'eheim', 'newhouse lighting']",1
A customer is looking for a(n) onboard camera product with model name r3 ultimate. What is the brand of the product?,"['rove', 'cooau', 'cellink', 'hikvision']",0
A customer is looking for a(n) shoes product with model name ultraboost og. What is the brand of the product?,"['adidas', 'naot', 'unionbay', 'northside']",0
A customer is looking for a(n) watch product with model name prodiver model. What is the brand of the product?,"['boss', 'porsamo', 'invicta', 'michael kors']",2
A customer is looking for a(n) wearable computer product with model name 946. What is the brand of the product?,"['mibro', 'garmin', 'yamay', 'pavlok']",1
A customer is looking for a(n) lip color product with model name 115 colorsensational. What is the brand of the product?,"['coco', 'maybelline new york', 'katy perry', 'sonia kashuk']",1
A customer is looking for a(n) pants product with model name 2.0 sentinel. What is the brand of the product?,"['mavi', 'max usa corp.', 'tourmaster', 'tasc performance']",2
A customer is looking for a(n) lip color product with model name ice 504a. What is the brand of the product?,"['duwop', 'morphe', 'honest', ""wet 'n wild""]",3
A customer is looking for a(n) shoes product with model name v2 996. What is the brand of the product?,"['new balance', 'lucky brand', 'drew', 'sanita']",0
A customer is looking for a(n) computer chassis product with model name dynamic i. What is the brand of the product?,"['lian li', 'fortrek', 'ibuypower', 'gp toner']",0
A customer is looking for a(n) electric shaver product with model name s6. What is the brand of the product?,"['luminess', 'braun', 'stylecraft', 'headblade']",1
A customer is looking for a(n) electric shaver product with model name series3 310. What is the brand of the product?,"['oster', 'brio', 'braun', 'luminess']",2
A customer is looking for a(n) eyelid color product with model name 2 multi. What is the brand of the product?,"['morphe', 'butter london', 'jeffree star', 'realher']",0
A customer is looking for a(n) wearable computer product with model name 6 wat. What is the brand of the product?,"['techlife', 'woop', 'apple', 'imoo']",2
A customer is looking for a(n) conditioner product with model name airdry boho. What is the brand of the product?,"['bb', 'le color', 'edw', 'matrix']",3
A customer is looking for a(n) networking router product with model name alexa echo. What is the brand of the product?,"['aruba', 'liberty', 'zen', 'tp-link']",3
A customer is looking for a(n) wearable computer product with model name calibre e4. What is the brand of the product?,"['black zone', 'tag heuer', 'zte', 'carkira']",1
A customer is looking for a(n) writing instrument product with model name g2 edition. What is the brand of the product?,"['wing', 'pilot', 'ooly', 'doucce']",1
A customer is looking for a(n) shoes product with model name model pro. What is the brand of the product?,"['cole haan', 'asian', 'newton', 'timberland']",3
A customer is looking for a(n) pants product with model name legend mgh. What is the brand of the product?,"['s.oliver', 'adidas', 'bally total fitness', 'me co']",1
A customer is looking for a(n) wallet product with model name thomas. What is the brand of the product?,"['dagne', 'herschel', 'focx', 'loewe']",1
A customer is looking for a(n) handbag product with model name macbook g15. What is the brand of the product?,"['oulario', 'ps', 'smatree', 'the.']",2
A customer is looking for a(n) watch product with model name prodiver 37749. What is the brand of the product?,"['smael', 'invicta', 'certina', 'kappa']",1
A customer is looking for a(n) printer product with model name xp-15000. What is the brand of the product?,"['logic', 'silhouette', 'epson', 'sumup']",2
A customer is looking for a(n) pants product with model name expedition 24. What is the brand of the product?,"['tru-spec', 'ricki', 'craghoppers', 'fly racing']",0
A customer is looking for a(n) handbag product with model name mobile elite. What is the brand of the product?,"['targus', 'tumi', 'outdoorsy', 'dagne']",0
A customer is looking for a(n) bra product with model name ultimate dhhu03. What is the brand of the product?,"['intimate portal', 'lulu', 'hanes', 'just my size']",2
A customer is looking for a(n) shoes product with model name boston professional. What is the brand of the product?,"['walking cradles', 'birkenstock', 'vans', 'ugg']",1
A customer is looking for a(n) conditioner product with model name purple shimmerlights. What is the brand of the product?,"['clairol', 'wella', 'viking', 'dreamgirl']",0
A customer is looking for a(n) wearable computer product with model name xr watch. What is the brand of the product?,"['zungle', 'hammer', 'apple', 'blackview']",2
A customer is looking for a(n) computer chassis product with model name 4000d. What is the brand of the product?,"['hp', 'gainward', 'devil', 'corsair']",3
A customer is looking for a(n) face shaping makeup product with model name stick velvet. What is the brand of the product?,"['mac', 'too faced', 'valentino', 'merit']",0
A customer is looking for a(n) shoes product with model name 5 flex. What is the brand of the product?,"['paul green', 'deer stags', 'nike', 'saucony']",2
A customer is looking for a(n) lip color product with model name 866 forever. What is the brand of the product?,"['dior', 'elle 18', 'revolution', 'freebies']",0
A customer is looking for a(n) security camera product with model name pro 842. What is the brand of the product?,"['stealth cam', 'hombli', '&', 'swann']",3
A customer is looking for a(n) backpack product with model name b7 flex. What is the brand of the product?,"['brightline bags', 'nordace', 'dynafit', 'ogio']",0
A customer is looking for a(n) shoes product with model name alexi velocity. What is the brand of the product?,"['lifestride', 'penalty', 'jessica simpson', 'donald j pliner']",0
A customer is looking for a(n) lip color product with model name alien. What is the brand of the product?,"['brilliant', 'powerlips', 'nyx', 'shu uemura']",2
A customer is looking for a(n) shoes product with model name 773 rose. What is the brand of the product?,"['miz mooz', 'vans', 'abeo', 'adidas']",3
A customer is looking for a(n) shoes product with model name allterrain realtree. What is the brand of the product?,"['skinners', 'crocs', 'högl', 'avia']",1
A customer is looking for a(n) hair iron product with model name max curly. What is the brand of the product?,"['mq', 'calor', 'postquam', 'pro']",3
A customer is looking for a(n) pants product with model name sst pb. What is the brand of the product?,"['guess', 'figs', ""victoria's secret"", 'adidas']",3
A customer is looking for a(n) bicycle product with model name warrior 6.0. What is the brand of the product?,"['ironhorse bicycles', 'hover-1', 'evergreen', 'victor']",0
A customer is looking for a(n) shoes product with model name trex g2. What is the brand of the product?,"['dansko', 'chassé', 'roots', 'adidas']",3
A customer is looking for a(n) shoes product with model name zoom tempo. What is the brand of the product?,"['campanile', 'luck and luck', 'nike', 'sanrio']",2
A customer is looking for a(n) skin moisturizer product with model name bellini peace. What is the brand of the product?,"['l.a. girl', 'honey', 'bath & body works', 'h2o']",2
A customer is looking for a(n) dental floss product with model name glide b. What is the brand of the product?,"['oral b', 'listerine', 'plackers', 'johnsons']",0
A customer is looking for a(n) security camera product with model name m16. What is the brand of the product?,"['basler', 'mobotix', 'nanit', 'hik']",1
A customer is looking for a(n) television product with model name h9 quantum. What is the brand of the product?,"['roku', 'hisense', 'monster', 'rca']",1
A customer is looking for a(n) watch product with model name 0071. What is the brand of the product?,"['gucci', 'invicta', 'soumetin', 'casio']",1
A customer is looking for a(n) bicycle product with model name twist 3. What is the brand of the product?,"['swagtron', 'naloo', 'zündapp', 'mondraker']",0
A customer is looking for a(n) electronic device docking station product with model name animalcrossing switch. What is the brand of the product?,"['hyper', 'adam elements', 'nintendo', 'thermaltake']",2
A customer is looking for a(n) shampoo product with model name t. What is the brand of the product?,"['dove', 'neutrogena', 'mukti', 'dhc']",1
A customer is looking for a(n) handbag product with model name carmen plus. What is the brand of the product?,"['dagne', 'spartina 449', 'michael kors', 'chala']",2
A customer is looking for a(n) security camera product with model name t21. What is the brand of the product?,"['campark', 'eufy', 'hello', 'ring']",0
A customer is looking for a(n) shoes product with model name 2 elevate. What is the brand of the product?,"['skinners', ""clark's"", 'nike', 'apl']",2
A customer is looking for a(n) handbag product with model name modernessentials. What is the brand of the product?,"['marc jacobs', 'asus', 'aloha', 'calvin klein']",3
A customer is looking for a(n) computer chassis product with model name s100 blackedition. What is the brand of the product?,"['thermaltake', 'antec', 'cougar', 'jonsbo']",0
A customer is looking for a(n) coat product with model name torque d1. What is the brand of the product?,"['brooks', 'dainese', 'mountain', 'bulwark fr']",1
A customer is looking for a(n) skin cleaning agent product with model name whitemarble. What is the brand of the product?,"['basis', 'cerave', 'czech and speake', 'erno laszlo']",3
A customer is looking for a(n) nail polish product with model name 319 dc. What is the brand of the product?,"['dnd', 'una', 'lg', 'gabrini']",0
A customer is looking for a(n) security camera product with model name e40 solo. What is the brand of the product?,"['zmodo', 'rexing', 'invention', 'eufy']",3
A customer is looking for a(n) networking router product with model name m6 nighthawk. What is the brand of the product?,"['netgear', 'ruckus', 'juniper networks', 'deeper']",0
A customer is looking for a(n) computer chassis product with model name 4000d af. What is the brand of the product?,"['corsair', 'segotep', 'raijintek', 'tecware']",0
A customer is looking for a(n) hair coloring agent product with model name capri. What is the brand of the product?,"['madison reed', 'igk', 'justfor', 'phyto']",0
A customer is looking for a(n) security camera product with model name prisma plus. What is the brand of the product?,"['geeni', 'samsung', 'kamtron', 'wansview']",0
A customer is looking for a(n) printer product with model name enterprise m553. What is the brand of the product?,"['hp', 'acer', 'zebra', 'brother']",0
A customer is looking for a(n) shoes product with model name 6 cr7. What is the brand of the product?,"['camper', 'nike', 'newton', 'babolat']",1
A customer is looking for a(n) writing instrument product with model name botanicalgarden premier. What is the brand of the product?,"['prismacolor', 'penbbs', 'esterbrook', 'wonder']",0
A customer is looking for a(n) flash drive product with model name 4 professional. What is the brand of the product?,"['sandisk', 'secux', 'hp', 'sanwainfo']",0
A customer is looking for a(n) television product with model name d70 f3. What is the brand of the product?,"['vu', 'furrion', 'panasonic', 'vizio']",3
A customer is looking for a(n) monitor product with model name tuf vg. What is the brand of the product?,"['asus', 'kib', 'hollyland', 'innocn']",0
A customer is looking for a(n) flash drive product with model name rog. What is the brand of the product?,"['asus', 'yubi', 'schneider', 'at games']",0
A customer is looking for a(n) lamp product with model name kana. What is the brand of the product?,"['vtech', 'levoit', 'onf', 'paco rabanne']",1
A customer is looking for a(n) bra product with model name fast free. What is the brand of the product?,"['playtex', 'lululemon', 'bravado', 'parfait']",1
A customer is looking for a(n) face shaping makeup product with model name 024. What is the brand of the product?,"['status', 'mary kay', 'k', 'revlon']",3
A customer is looking for a(n) shoes product with model name gs jordan. What is the brand of the product?,"['nike', 'havaianas', 'peter millar', 'hugo boss']",0
A customer is looking for a(n) conditioner product with model name malibu mini. What is the brand of the product?,"['rita hazan', 'malibu c', 'ki', 'head & shoulders']",1
A customer is looking for a(n) printer product with model name dr520. What is the brand of the product?,"['metapace', 'posris', 'silhouette', 'brother']",3
A customer is looking for a(n) toothbrush product with model name go 872. What is the brand of the product?,"['xiaomi', 'thermoseal', 'gum', 'brilliant']",2
A customer is looking for a(n) bra product with model name cleo freedom. What is the brand of the product?,"['panache swim', 'anita', 'champion', 'boob']",0
A customer is looking for a(n) hat product with model name tool. What is the brand of the product?,"['new era', 'hobie', 'lacoste', 'kines']",0
A customer is looking for a(n) coffee maker product with model name a1. What is the brand of the product?,"['bezzera', 'jura', 'bonavita', 'crux']",1
A customer is looking for a(n) electric shaver product with model name pro 921. What is the brand of the product?,"[""silk'n"", 'microtouch', 'skull & co.', 'braun']",3
A customer is looking for a(n) hat product with model name jax. What is the brand of the product?,"['kangol', 'cherokee', 'otto', 'eat sleep store851']",0
A customer is looking for a(n) writing instrument product with model name dry x1. What is the brand of the product?,"['sanford', 'i-n-c', 'boss', 'zebra']",3
A customer is looking for a(n) writing instrument product with model name 635. What is the brand of the product?,"['stoner', 'schmidt', 'american crafts', 'olight']",1
A customer is looking for a(n) shampoo product with model name ego calming. What is the brand of the product?,"['hair chemist', 'ever ego', 'oribe', 'best shot']",1
A customer is looking for a(n) coat product with model name hydropower v3. What is the brand of the product?,"['sitka gear', 'helly-hansen', 'simms', 'lego wear']",1
A customer is looking for a(n) remote control product with model name ps4. What is the brand of the product?,"['meliconi', 'jy', 'bravo', 'sony']",3
A customer is looking for a(n) watch product with model name 12563. What is the brand of the product?,"['invicta', 'pagani', 'hamilton', 'tommy hilfiger']",0
A customer is looking for a(n) wearable computer product with model name tactical solar. What is the brand of the product?,"['itime', 'fit', 'razer', 'garmin']",3
A customer is looking for a(n) computer processor product with model name radeon 5700. What is the brand of the product?,"['arctic', 'amd', 'intel(r)', 'dell']",1
A customer is looking for a(n) computer processor product with model name pentium 1151. What is the brand of the product?,"['apple', 'dell', 'intel', 'amd']",2
A customer is looking for a(n) nail polish product with model name snow dc. What is the brand of the product?,"['n.y.c.', 'le', 'ez', 'dnd']",3
A customer is looking for a(n) photographic film product with model name 3 mars. What is the brand of the product?,"['patterson', 'lomo', 'stacks and stacks', 'elegoo']",3
A customer is looking for a(n) pants product with model name 505 original. What is the brand of the product?,"['scentlok', 'ricki', 'feeke', ""levi's""]",3
A customer is looking for a(n) wearable computer product with model name 35 runner. What is the brand of the product?,"['garmin', 'hug puppy', 'weybon', 'doogee']",0
A customer is looking for a(n) backpack product with model name stadium 2. What is the brand of the product?,"['red wing', 'tory burch', 'taskin', 'adidas']",3
A customer is looking for a(n) hair coloring agent product with model name v28. What is the brand of the product?,"['pravana', 'garnier', 'dioxygen', ""l'oreal paris""]",3
A customer is looking for a(n) writing instrument product with model name premier 935. What is the brand of the product?,"['pelikan', 'cello', 'prismacolor', 'listo']",2
A customer is looking for a(n) shoes product with model name selina lavish. What is the brand of the product?,"['kraasa', 'trojan', 'michael kors', 'alegria by pg lite']",3
A customer is looking for a(n) shampoo product with model name in platinum. What is the brand of the product?,"['salon', 'wtob', 'of glass', ""that's it.""]",0
A customer is looking for a(n) sport racket product with model name blade lite. What is the brand of the product?,"['speedminton', 'wilson', 'siux', 'klip']",1
A customer is looking for a(n) monitor product with model name elite 7. What is the brand of the product?,"['gigabyte', 'atomos', 'gaems', 'lowrance']",3
A customer is looking for a(n) printer product with model name office 8035. What is the brand of the product?,"['phomemo', 'makeid', 'e3d', 'hp']",3
A customer is looking for a(n) computer chassis product with model name 710. What is the brand of the product?,"['dragon', 'nzxt', 'ibuypower', 'geekworm']",1
A customer is looking for a(n) astringent substance product with model name 320. What is the brand of the product?,"['clubman', 'tenax', 'origins', 'stephan']",3
A customer is looking for a(n) computer chassis product with model name 51. What is the brand of the product?,"['fractal design', 'fractal', 'zebronics', 'thermaltake']",3
A customer is looking for a(n) shoes product with model name 176 thunderbird. What is the brand of the product?,"['vita', 'oboz', 'minnetonka', 'blowfish malibu']",2
A customer is looking for a(n) wearable computer product with model name 6a fenix. What is the brand of the product?,"['ulefone', 'vital', 'bushnell', 'garmin']",3
A customer is looking for a(n) shoes product with model name 2 gazelle. What is the brand of the product?,"['kickers', 'vintage', 'adidas', 'fastlift']",2
A customer is looking for a(n) monitor product with model name 27gn650-b. What is the brand of the product?,"['benq', 'lg', 'xebec', 'moonybaby']",1
A customer is looking for a(n) remote control product with model name next xbox. What is the brand of the product?,"['engel axil', 'cronus', 'wayne-dalton', 'majestic']",1
A customer is looking for a(n) shoes product with model name summits mix. What is the brand of the product?,"['skechers', 'ion', 'propét', 'star']",0
A customer is looking for a(n) printer product with model name pixma 4500. What is the brand of the product?,"['canon', 'ribbon', 'zebra', 'apple']",0
A customer is looking for a(n) biometric monitor product with model name vivoactive 010-02172-21. What is the brand of the product?,"['oura', 'kyoka', 'virmee', 'garmin']",3
A customer is looking for a(n) shoes product with model name candy ike. What is the brand of the product?,"['helly hansen', 'nike', 'bcg', 'vionic']",1
A customer is looking for a(n) book product with media title 1984. Who is the author of the book?,"['william shakespeare', 'fyodor dostoyevsky', 'george orwell', 'plato']",2
A customer is looking for a(n) book product with media title animal farm. Who is the author of the book?,"['george orwell', 'jk rowling', 'ernest hemingway', 'stephen king']",0
A customer is looking for a(n) book product with media title crime and punishment. Who is the author of the book?,"['william shakespeare', 'fyodor dostoyevsky', 'george orwell', 'plato']",1
A customer is looking for a(n) book product with media title tao te ching. Who is the author of the book?,"['stephen king', 'confucius', 'aristotle', 'lao tzu']",3
A customer is looking for a(n) book product with media title odyssey. Who is the author of the book?,"['homer', 'plato', 'jane austen', 'lao tzu']",0
A customer is looking for a(n) book product with media title 20000 leagues under the sea. Who is the author of the book?,"['stephen king', 'jordan peterson', 'frank miller', 'jules verne']",3
A customer is looking for a(n) book product with media title a farewell to arms. Who is the author of the book?,"['emily dickinson', 'ernest hemingway', 'allan poe', 'sylvia plath']",1
A customer is looking for a(n) book product with media title a wild sheep chase. Who is the author of the book?,"['junichi watanabe', 'keigo higashino', 'haruki murakami', 'yasunori kawabata']",2
A customer is looking for a(n) book product with media title ariel. Who is the author of the book?,"['emily dickinson', 'sylvia plath', 'elizabeth bishop', 'walt whitman']",1
A customer is looking for a(n) book product with media title brave new world. Who is the author of the book?,"['aldous huxley', 'george orwell', 'friedrich hayek', 'yevgeny zamyatin']",0
A customer is looking for a(n) book product with media title complete tales and poems. Who is the author of the book?,"['walt whitman', 'sylvia plath', 'elizabeth bishop', 'edgar allan poe']",3
A customer is looking for a(n) book product with media title finnegans wake. Who is the author of the book?,"['charles dickens', 'agatha christie', 'james joyce', 'arthur conan doyle']",2
A customer is looking for a(n) book product with media title history of philosophy. Who is the author of the book?,"['david hume', 'francis bacon', 'bertrand russell', 'issac newton']",2
A customer is looking for a(n) book product with media title jurassic park. Who is the author of the book?,"['michael crichton', 'jules verne', 'jk rowling', 'issac asimov']",0
A customer is looking for a(n) book product with media title kokoro. Who is the author of the book?,"['osamu dazai', 'natsume soseki', 'haruki murakami', 'junichi watanabe']",1
A customer is looking for a(n) book product with media title lolita. Who is the author of the book?,"['vladimir nabokov','william faulkner','albert camus','ernest hemingway']",0
A customer is looking for a(n) book product with media title lost illusions. Who is the author of the book?,"['victor hugo', 'voltaire', 'charles baudelaire','balzac']",3
A customer is looking for a(n) book product with media title love and friendship. Who is the author of the book?,"['emily bronte', 'charlotte bronte', 'jane austen', 'emily dickinson']",2
A customer is looking for a(n) book product with media title myth of sisyphus. Who is the author of the book?,"['voltaire','victor hugo', 'balzac', 'albert camus']",3
A customer is looking for a(n) book product with media title nineteen eighty-four. Who is the author of the book?,"['william shakespeare', 'fyodor dostoyevsky', 'george orwell', 'plato']",2
A customer is looking for a(n) book product with media title romeo and juliet. Who is the author of the book?,"['william shakespeare', 'dylan thomas', 't.s. eliot', 'robert frost']",0
A customer is looking for a(n) book product with media title warsworn. Who is the author of the book?,"['elizabeth vaughan', 'kristen hadeed', 'miranda kaufmann', 'kalisha buckhanon']",0
A customer is looking for a(n) book product with media title the aga book. Who is the author of the book?,"['heinrich spoerl', 'geoff johns', 'mary berry', 'samuel adler']",2
A customer is looking for a(n) book product with media title the last summer. Who is the author of the book?,"['karen swan', 'tanya byron', 'michael reeves', 'tracey turner']",0
A customer is looking for a(n) book product with media title in perfect harmony. Who is the author of the book?,"['will hodgkinson', 'andrew whitley', 'ella cara deloria', 'thomas heise']",0
A customer is looking for a(n) book product with media title how to live longer and feel better. Who is the author of the book?,"['oral roberts', 'huguenin', 'ray pritchard', 'linus pauling']",3
A customer is looking for a(n) book product with media title bartenders guide. Who is the author of the book?,"['jesse ventura', 'bev aisbett', 'jerry thomas', 'derek haylock']",2
A customer is looking for a(n) book product with media title thunderbolt and lightfoot. Who is the author of the book?,"['bren mcclain', 'joe millard', 'timothy morton', 'mabel collins']",1
A customer is looking for a(n) book product with media title cajun justice. Who is the author of the book?,"['stephanie', 'james patterson', 'nathanael west', 'k.a. tucker']",1
A customer is looking for a(n) book product with media title resting beach face. Who is the author of the book?,"['james webb', 'bill gothard', 'alexander carmichael', 'melanie summers']",3
A customer is looking for a(n) book product with media title how religion evolved. Who is the author of the book?,"['robin dunbar', 'leigh howard stevens', 'ferzan ozpetek', 'london lovett']",0
A customer is looking for a(n) book product with media title successful coaching. Who is the author of the book?,"['rainer martens', 'christiane ritter', 'a.e. powell', 'j.i. packer']",0
A customer is looking for a(n) book product with media title glazed murder. Who is the author of the book?,"['bates', 'jessica beck', 'bob quinn', 'jan pfloog']",1
A customer is looking for a(n) book product with media title rockfluence. Who is the author of the book?,"['christopher whitcomb', 'herbert renz-polster', 'scott davis', 'dream']",2
A customer is looking for a(n) book product with media title you are light. Who is the author of the book?,"['kate raworth', 'aaron becker', 'eric ludy', 'wesley king']",1
A customer is looking for a(n) book product with media title stop bloody bossing me about. Who is the author of the book?,"['ioan grillo', 'sherwin b. nuland', 'jen hansard', 'quentin letts']",3
A customer is looking for a(n) book product with media title diamond fire. Who is the author of the book?,"['ilona andrews', 'francis chan', 'alice', 'jim henson']",0
A customer is looking for a(n) book product with media title let's go rock collecting. Who is the author of the book?,"['mark steel', 'ilse kleberger', 'tim chester', 'roma gans']",3
A customer is looking for a(n) book product with media title for fallon. Who is the author of the book?,"['soraya naomi', 'david coggins', 'june mcleod', 'abbi jacobson']",0
A customer is looking for a(n) book product with media title blue bay palace. Who is the author of the book?,"['amit lodha', 'nathacha appanah', 'stephen kurkjian', 'catherine bailey']",1
A customer is looking for a(n) book product with media title von unterwegs. Who is the author of the book?,"['maria marcone', 'eckhart nickel', 'cliff mccabe', 'laura miller']",1
A customer is looking for a(n) book product with media title bleeding edge. Who is the author of the book?,"['john banville', 'thomas pynchon', 'mike curato', 'joseph peterson']",1
A customer is looking for a(n) book product with media title rules for reformers. Who is the author of the book?,"['doug wilson', 'lydia chukovskaya', 'minnie', 'nikki gamble']",0
A customer is looking for a(n) book product with media title the narrow road to the deep north. Who is the author of the book?,"['olivier chambon', ""eden o'neill"", 'richard flanagan', 'maja overbeck']",2
A customer is looking for a(n) book product with media title the book of candlelight. Who is the author of the book?,"['ellery adams', 'theodora kroeber', 'c. s. lewis', 'saadia faruqi']",0
A customer is looking for a(n) book product with media title im letzten licht des herbstes. Who is the author of the book?,"['mary lawson', 'weina dai randel', 'rick mofina', 'sophie bonnet']",0
A customer is looking for a(n) book product with media title preparing for marriage. Who is the author of the book?,"['jennifer cervantes', 'joseph ratzinger', 'dennis rainey', 'shelby steele']",2
A customer is looking for a(n) book product with media title end times and 1000 years of peace. Who is the author of the book?,"['elena ferrante', 'guy raz', 'melissa', 'vishnu sharma']",2
A customer is looking for a(n) book product with media title mirrors of the soul. Who is the author of the book?,"['danielle james', 'kahlil gibran', 'j.i. packer', 'sarah richards']",1
A customer is looking for a(n) book product with media title the anthill. Who is the author of the book?,"['john mark comer', 'sharpe', 'juan mayorga', 'julianne pachico']",3
A customer is looking for a(n) book product with media title over and under the pond. Who is the author of the book?,"['kate messner', 'wonder woman', 'robin williams', 'tara dairman']",0
A customer is looking for a(n) book product with media title otomatik piyano. Who is the author of the book?,"['thomas maier', 'kurt vonnegut', 'william goldman', 'moltmann']",1
A customer is looking for a(n) book product with media title cold dish. Who is the author of the book?,"['jean baudrillard', 'mo malo', 'james klise', 'craig johnson']",3
A customer is looking for a(n) book product with media title percy jackson and the singer of apollo. Who is the author of the book?,"['rick riordan', 'barbara corcoran', 'gabriel bump', 'steve farber']",0
A customer is looking for a(n) book product with media title the eye of the trainer. Who is the author of the book?,"['rich mullins', 'ted reed', 'gregory lee renz', 'ken ramirez']",3
A customer is looking for a(n) book product with media title pegasus bridge. Who is the author of the book?,"['michel meriot', 'hannah howell', 'gus moreno', 'stephen ambrose']",3
A customer is looking for a(n) book product with media title 7 steps to decolonize the mind. Who is the author of the book?,"['kim erickson', 'phil scott', 'dag hammarskjold', 'nouman ali khan']",1
A customer is looking for a(n) book product with media title looking for jj. Who is the author of the book?,"['anne cassidy', 'libby delana', '笹本祐一', 'nigel ely']",0
A customer is looking for a(n) book product with media title midnight kingdom. Who is the author of the book?,"['vi keeland', 'dean jobb', 'jared sexton', 'walter wangerin']",2
A customer is looking for a(n) book product with media title handbuch der magie. Who is the author of the book?,"['jochen zmeck', 'richard taylor', 'susan may warren', 'davis, william c']",0
A customer is looking for a(n) book product with media title back in control. Who is the author of the book?,"['jeff vanderstelt', 'barcharts', 'laura moriarty', 'dr. david hanscom']",3
A customer is looking for a(n) book product with media title there's a ghost in this house. Who is the author of the book?,"['peter stamm', 'james kirchick', 'oliver jeffers', 'mattia ollerongis']",2
A customer is looking for a(n) book product with media title storm of glory. Who is the author of the book?,"['bm sharma', 'john beevers', 'scott peck', 'nd kapoor']",1
A customer is looking for a(n) book product with media title copywriting secrets. Who is the author of the book?,"['jim marrs', 'jim edwards', 'shona husk', 'tishani doshi']",1
"A customer is looking for a(n) book product with media title red leaf, yellow leaf. Who is the author of the book?","['fearne cotton', 'carole matthews', 'lois ehlert', 'jessica cameron']",2
A customer is looking for a(n) book product with media title the lemon grove. Who is the author of the book?,"['helen walsh', 'nemichandra', 'dr. wayne dyer', 'chanel']",0
A customer is looking for a(n) book product with media title mastery of life. Who is the author of the book?,"['brian capon', 'don miguel ruiz', 'dana loesch', 'jeff ashton']",1
"A customer is looking for a(n) book product with media title yo-kai watch, 21. Who is the author of the book?","['noriyuki konishi', 'michael card', 'jenna arnold', 'xenophon']",0
A customer is looking for a(n) book product with media title one book rightly divided. Who is the author of the book?,"['douglas stauffer', 'sharon salzberg', 'kelley mcneil', 'hildegard knef']",0
A customer is looking for a(n) book product with media title instructing a child's heart. Who is the author of the book?,"['sara farizan', 'tedd tripp', 'jesse stuart', 'berton roueche']",1
A customer is looking for a(n) book product with media title the purpose driven life journal. Who is the author of the book?,"['lionel camy', 'julia bradbury', 'picard', 'rick warren']",3
A customer is looking for a(n) book product with media title man's fate. Who is the author of the book?,"['barkha dutt', 'deirdre fay', 'andre malraux', 'jim loehr']",2
A customer is looking for a(n) book product with media title the best laid plans. Who is the author of the book?,"['alathea fitzalan howard', 'mark tyrrell', 'rich buhler', 'sidney sheldon']",3
A customer is looking for a(n) book product with media title dear emmie blue. Who is the author of the book?,"['lia louis', 'landidee', 'wendy tokuda', 'john chen']",0
A customer is looking for a(n) book product with media title love overboard. Who is the author of the book?,"['sherryl woods', 'janet evanovich', 'kazuki nakajima', 'snorri']",1
A customer is looking for a(n) book product with media title the nerd next door. Who is the author of the book?,"['wolgemuth', 'bittinger', 'ashok kumar', 'sylvie stewart']",3
A customer is looking for a(n) book product with media title the patchwork quilt of happiness. Who is the author of the book?,"['ava miles', 'razavi', 'anderson', 'anita bean']",0
A customer is looking for a(n) book product with media title tanqueray. Who is the author of the book?,"['frederick forsyth', 'dokken', 'raghubir singh', 'stephanie johnson']",3
A customer is looking for a(n) book product with media title 2 for the show. Who is the author of the book?,"['dougall fraser', 'rachel wilson', 'skye warren', 'matthew stover']",2
A customer is looking for a(n) book product with media title the midwife's confession. Who is the author of the book?,"['lucy atkins', 'maureen wright', 'diane chamberlain', 'ghulam sarwar']",2
A customer is looking for a(n) book product with media title the towers of trebizond. Who is the author of the book?,"['hiromi shinya', 'abraham kuyper', 'n chandrasekaran', 'rose macaulay']",3
A customer is looking for a(n) book product with media title al arabian novel factory. Who is the author of the book?,"['llama', 'benyamin', 'audrey carlan', 'viv groskop']",1
A customer is looking for a(n) book product with media title tünel. Who is the author of the book?,"['kimberley wilson', 'ernesto sabato', 'pauline harmange', 'sally jenkins']",1
A customer is looking for a(n) book product with media title fathers know best. Who is the author of the book?,"['anna riva', 'jimmy akin', 'john dryden', 'andrea dunlop']",1
A customer is looking for a(n) book product with media title hypothermie. Who is the author of the book?,"['mike austin', 'john morrison', 'arnaldur indridason', 'ellen berg']",2
A customer is looking for a(n) book product with media title regenerate. Who is the author of the book?,"['christopher hopkins', 'you tanaka', 'bon jovi', 'sayer ji']",3
A customer is looking for a(n) book product with media title mr fixer upper. Who is the author of the book?,"['keith a. pearson', 'roberto motta', 'druon', 'lucy score']",3
A customer is looking for a(n) book product with media title knowing where to look. Who is the author of the book?,"['richard ney', 'katherine stewart', 'janis keyser', 'light watkins']",3
A customer is looking for a(n) book product with media title yarn retreat mystery. Who is the author of the book?,"['betty hechtman', 'jan', 'john myers myers', 'david mcgowan']",0
A customer is looking for a(n) book product with media title life together. Who is the author of the book?,"['jane', 'david bodanis', 'liz fosslien', 'dietrich bonhoeffer']",3
A customer is looking for a(n) book product with media title be you. Who is the author of the book?,"['david moody', 'jay van andel', 'peter reynolds', 'hank haney']",2
A customer is looking for a(n) book product with media title around the moon. Who is the author of the book?,"['jules verne', 'margaret paul', 'billy lee brammer', 'dempsey']",0
A customer is looking for a(n) book product with media title the ballad of reading gaol. Who is the author of the book?,"['brunella gasperini', 'melanie summers', 'oscar wilde', 'baudelaire, charles']",2
A customer is looking for a(n) book product with media title psicosis. Who is the author of the book?,"['yeats', 'robert bloch', 'ed stetzer', 'daniel defoe']",1
A customer is looking for a(n) book product with media title stone of farewell. Who is the author of the book?,"['tad williams', 'sonia junqueira', 'madelynne ellis', 'barbara griggs']",0
A customer is looking for a(n) book product with media title learn of me. Who is the author of the book?,"['youko tanaka', 'edward o thorp', 'sorensen', 'adin steinsaltz']",2
A customer is looking for a(n) book product with media title bonecrack. Who is the author of the book?,"['dick francis', 'ayao komatsu', 'wendy orr', 'francine rivers']",0
A customer is looking for a(n) book product with media title addicted to pain. Who is the author of the book?,"['fuchsia pickett', 'colin wright', 'rainie howard', 'lecrae']",2
A customer is looking for a(n) book product with media title shipped. Who is the author of the book?,"['sullivan', 'andrés reséndez', 'swami kriyananda', 'angie hockman']",3
A customer is looking for a(n) book product with media title the early history of god. Who is the author of the book?,"['freya marske', 'michel goya', 'dan pallotta', 'mark smith']",3
A customer is looking for a(n) book product with media title reformed pastor. Who is the author of the book?,"['richard baxter', 'dave howe', 'justin miller', 'barbara monier']",0
A customer is looking for a(n) book product with media title how to walk into church. Who is the author of the book?,"['tony payne', 'francisco doratioto', 'robin alexander', 'anne hillerman']",0
A customer is looking for a(n) book product with media title hiss and tell. Who is the author of the book?,"['georges feydeau', 'rita mae brown', 'allen sockabasin', 'thomas costain']",1
A customer is looking for a(n) book product with media title the makers of rome. Who is the author of the book?,"['plutarch', 'sandy newbigging', 'joseph incardona', 'nicola cornick']",0
A customer is looking for a(n) book product with media title ysabel. Who is the author of the book?,"['renate bergmann', 'frank wilczek', 'francis poulenc', 'guy gavriel kay']",3
A customer is looking for a(n) book product with media title of studies. Who is the author of the book?,"['didier eribon', 'francis bacon', 'makade asai', 'roger morneau']",1
A customer is looking for a(n) book product with media title being the supervet. Who is the author of the book?,"['alexis henderson', 'noel fitzpatrick', 'jasmine warga', 'panther']",1
A customer is looking for a(n) book product with media title biding time. Who is the author of the book?,"['thomas kielinger', 'lyn gardner', 'malcolm nance', 'ludwig reiners']",1
A customer is looking for a(n) book product with media title a hunger. Who is the author of the book?,"['james hannaham', 'ross raisin', 'jim mccloskey', 'harold bloom']",1
A customer is looking for a(n) book product with media title power of a woman. Who is the author of the book?,"['barbara taylor bradford', 'john collier', 'masashi sugiyama', 'tim ballard']",0
A customer is looking for a(n) book product with media title gendered citizenship. Who is the author of the book?,"['sarah weddington', 'john vaillant', 'captain lee', 'rebecca dewolf']",3
A customer is looking for a(n) book product with media title shakeup. Who is the author of the book?,"['bertrand russell', 'alan', 'mcfadden', 'stuart woods']",3
A customer is looking for a(n) book product with media title girls with swords. Who is the author of the book?,"['lisa bevere', 'linda porter', 'anne pätzold', 'nicole glover']",0
A customer is looking for a(n) book product with media title the borrowed house. Who is the author of the book?,"['william hogeland', 'neil plakcy', 'amiel, henri frédéric', 'hilda van stockum']",3
A customer is looking for a(n) book product with media title essence of the witch. Who is the author of the book?,"['hudson', 'gilbert', 'deanna chase', 'ren hashioka']",2
A customer is looking for a(n) book product with media title speed reading. Who is the author of the book?,"['juro kara', 'david pytches', 'crosby', 'tony buzan']",3
A customer is looking for a(n) book product with media title ostseejagd. Who is the author of the book?,"['imigimuru', 'eva almstädt', 'margaret mcnamara', 'mark shaw']",1
A customer is looking for a(n) book product with media title apologia pro vita sua. Who is the author of the book?,"['hitchcock', 'ann fairbairn', 'jenny hale', 'john henrynewman']",3
A customer is looking for a(n) book product with media title excellent sheep. Who is the author of the book?,"['max gunther', 'william deresiewicz', 'ramu', 'heather graham']",1
A customer is looking for a(n) book product with media title brain maker. Who is the author of the book?,"['mariolina venezia', 'david perlmutter', 'godard', 'myles munroe']",1
A customer is looking for a(n) book product with media title you can do anything. Who is the author of the book?,"['kevin hart', 'mary baxter', 'lucano', 'george anders']",3
A customer is looking for a(n) book product with media title mindgame. Who is the author of the book?,"['craig werner', 'scott mehl', 'anthony horowitz', 'scott bernstein']",2
A customer is looking for a(n) book product with media title the man born to be king. Who is the author of the book?,"['yumi', 'dorothy sayers', 'edd kimber', 'alain de botton']",1
A customer is looking for a(n) book product with media title the sinful king. Who is the author of the book?,"['peter kemp', 'claire contreras', 'crystal', 'daniel barbarisi']",1
A customer is looking for a(n) book product with media title american prison. Who is the author of the book?,"['Nanako Tsujimura', 'jodi meadows', 'wilbur smith', 'shane bauer']",3
A customer is looking for a(n) book product with media title land of fire. Who is the author of the book?,"['emma stark', 'alex smith', 'dk', 'chris ryan']",3
A customer is looking for a(n) book product with media title the last silk dress. Who is the author of the book?,"['mj fields', 'ann rinaldi', 'peter gnadig', 'sonja corbitt']",1
A customer is looking for a(n) book product with media title return of the god hypothesis. Who is the author of the book?,"['marshall saunders', 'haan', 'natalie marshall', 'stephen c. meyer']",3
A customer is looking for a(n) book product with media title wodwo. Who is the author of the book?,"['sudeepta adhikari', 'elif', 'ted hughes', 'diamond']",2
A customer is looking for a(n) book product with media title before happiness. Who is the author of the book?,"['jake arnott', 'shawn achor', 'amy stewart', 'steven lawson']",1
A customer is looking for a(n) book product with media title the hate of loving you. Who is the author of the book?,"['hunt', 'maya hughes', 'jeff strand', 'vernon coleman']",1
A customer is looking for a(n) book product with media title the lost pianos of siberia. Who is the author of the book?,"['sophy roberts', 'anna black', 'brian billick', 'rafael sanchez ferlosio']",0
A customer is looking for a(n) book product with media title the nice and the good. Who is the author of the book?,"['melissa foster', 'iris murdoch', 'leonard goldberg', 'dave stockton']",1
A customer is looking for a(n) book product with media title by the grace of the game. Who is the author of the book?,"['dan grunfeld', 'liz rosen', 'scott carney', 'matilde asensi']",0
A customer is looking for a(n) book product with media title daughter of the deep. Who is the author of the book?,"['virginia hamilton', 'steve blank', 'rick riordan', 'stacy schiff']",2
A customer is looking for a(n) book product with media title creatrilogy. Who is the author of the book?,"['peter reynolds', 'ted gup', 'michaela coel', 'camilla grudova']",0
A customer is looking for a(n) book product with media title executioner series. Who is the author of the book?,"['roger hutchinson', 'john hackett', 'don pendleton', 'roland barthes']",2
A customer is looking for a(n) book product with media title les paradis artificiels. Who is the author of the book?,"['simon schama', 'meik wiking', 'anna barnes', 'charles baudelaire']",3
A customer is looking for a(n) book product with media title like streams to the ocean. Who is the author of the book?,"['jonathan lewis', 'jedidiah jenkins', 'तुलसीदास', 'daniel duval']",1
A customer is looking for a(n) book product with media title gallows court. Who is the author of the book?,"['natsuko kuroda', 'martin edwards', 'demetri martin', 'john parris']",1
A customer is looking for a(n) book product with media title renegades series. Who is the author of the book?,"['lucy micklethwait', 'marissa meyer', 'oliver jeffers', 'bri lee']",1
A customer is looking for a(n) book product with media title killer pizza. Who is the author of the book?,"['larry colton', 'fred sanders', 'greg taylor', 'ray russell']",2
A customer is looking for a(n) book product with media title snows of kilimanjaro. Who is the author of the book?,"['joel greenblatt', 'micah wood', 'ernest hemingway', 'sven böttcher']",2
A customer is looking for a(n) book product with media title banjo method. Who is the author of the book?,"['aquilina', 'Manabu Kaminaga', 'john eldredge', 'hal leonard']",3
A customer is looking for a(n) book product with media title not my will. Who is the author of the book?,"['tarık tufan', 'tim keesee', 'reece winstone', 'francena arnold']",3
A customer is looking for a(n) book product with media title everything isn't terrible. Who is the author of the book?,"['jennifer graeser dornbush', 'kathleen smith', 'neal bascomb', 'lucas felipe']",1
A customer is looking for a(n) book product with media title some kind of hate. Who is the author of the book?,"['stephen cherniske', 'dick gregory', 'sarah darer littman', 'alan willett']",2
A customer is looking for a(n) book product with media title i do what i do. Who is the author of the book?,"['tassani', 'james t. mangan', 'erika johansen', 'raghuram rajan']",3
A customer is looking for a(n) book product with media title creativity and problem solving. Who is the author of the book?,"['bodie thoene', 'rainer mausfeld', 'brian tracy', 'giovanni reale']",2
A customer is looking for a(n) book product with media title some mistakes were made. Who is the author of the book?,"['eknath easwaran', 'emma southon', 'kristin dwyer', 'nako']",2
A customer is looking for a(n) book product with media title synergetics. Who is the author of the book?,"['buckminster fuller', 'douglas e. richards', 'raymond buckland', 'bertold brecht']",0
A customer is looking for a(n) book product with media title music and imagination. Who is the author of the book?,"['aaron copland', 'kate lebo', 'melinda leigh', 'caralyn buehner']",0
A customer is looking for a(n) book product with media title paganini etudes. Who is the author of the book?,"['liszt', 'aubrey marcus', 'gerald b. sklare', 'robert rhea']",0
A customer is looking for a(n) book product with media title gateway to freedom. Who is the author of the book?,"['eric foner', 'andreas brandhorst', 'gilbert ryle', 'alex smith']",0
A customer is looking for a(n) book product with media title hover car racer. Who is the author of the book?,"['matthew reilly', 'fabian grolimund', 'mahesh chavda', 'bj hoff']",0
A customer is looking for a(n) book product with media title the abundance project. Who is the author of the book?,"['Hotate Shinkawa', 'derek rydall', 'tanith lee', 'chloe liese']",1
A customer is looking for a(n) book product with media title california fire and life. Who is the author of the book?,"['diana winston', 'anthony muhammad', 'don winslow', 'melanie harlow']",2
A customer is looking for a(n) book product with media title the angels weep. Who is the author of the book?,"['j. courtney sullivan', 'kiraz', 'wilbur smith', 'márcio borges']",2
A customer is looking for a(n) book product with media title becker brothers. Who is the author of the book?,"['gary donovitz', 'avik sarkar', 'kandi steiner', 'tessa']",2
A customer is looking for a(n) book product with media title basic english usage. Who is the author of the book?,"['stanley greenspan', 'peter lauster', 'michael swan', 'habib sadeghi']",2
A customer is looking for a(n) book product with media title rostmond. Who is the author of the book?,"['barbara walsh', 'dave carder', 'garry disher', 'don casey']",2
A customer is looking for a(n) book product with media title never ask me. Who is the author of the book?,"['frederic bastiat', 'pierre pevel', 'jeff abbott', 'mark stavish']",2
A customer is looking for a(n) book product with media title asterios polyp. Who is the author of the book?,"['tom sullivan', 'tanya stewner', 'clement ulrich', 'david mazzucchelli']",3
A customer is looking for a(n) book product with media title tommyknockers. Who is the author of the book?,"['graciela limon', 'stephen king', 'waldemar bonsels', 'indu gupta']",1
A customer is looking for a(n) book product with media title the magic of thinking big. Who is the author of the book?,"['julian marias', 'david j. schwartz', 'alister mcgrath', 'jillian tamaki']",1
A customer is looking for a(n) book product with media title choosing marriage. Who is the author of the book?,"['jason de leon', 'chrissy teigen', 'debra fileta', 'steve cole']",2
A customer is looking for a(n) book product with media title just down the road. Who is the author of the book?,"['alex preston', 'ted widmer', 'bernard malamud', 'jodi thomas']",3
A customer is looking for a(n) book product with media title if death ever slept. Who is the author of the book?,"['clarkson', 'rex stout', 'raf', 'maksim gorki']",1
A customer is looking for a(n) book product with media title hungarian dances. Who is the author of the book?,"['alan jacobson', 'kiran nagarkar', 'brahms', 'seth gillihan']",2
A customer is looking for a(n) book product with media title dancing with myself. Who is the author of the book?,"['scott spencer', 'billy idol', 'omar tyree', 'rex']",1
A customer is looking for a(n) book product with media title ballistic kiss. Who is the author of the book?,"['keith smith', 'richard kadrey', 'jessie penn-lewis', 'bks iyengar']",1
A customer is looking for a(n) book product with media title little wonders. Who is the author of the book?,"['livia bitton-jackson', 'lior lev sercarz', 'kate rorick', 'jerry cummings']",2
A customer is looking for a(n) book product with media title greatest enemy. Who is the author of the book?,"['chris kresser', 'adrian brannan', 'sree iyer', 'jason kasper']",3
A customer is looking for a(n) book product with media title huxtable series. Who is the author of the book?,"['benjamin ludwig', 'timothy dexter', 'mary balogh', 'may archer']",2
A customer is looking for a(n) book product with media title nine lies about work. Who is the author of the book?,"['ray pritchard', 'emily houghton', 'marcus buckingham', 'a.a milne']",2
A customer is looking for a(n) book product with media title basic live sound. Who is the author of the book?,"['judith pella', 'paul white', 'zac poonen', 'lia louis']",1
A customer is looking for a(n) book product with media title you are your choices. Who is the author of the book?,"['ruth reardon', 'edward curtis', 'alexandra stoddard', 'leonard sax']",2
A customer is looking for a(n) book product with media title fat quarter patchwork quilts. Who is the author of the book?,"['stephanie soebbing', 'romano de marco', ""paul o'sullivan"", 'higgins']",0
A customer is looking for a(n) book product with media title toddler taming. Who is the author of the book?,"['dr christopher green', 'tessa de loo', 'jim logan', 'lucky']",0
A customer is looking for a(n) book product with media title winters tale. Who is the author of the book?,"['debbie morris', 'michael shaara', 'Yasuhiko Murakami', 'william shakespeare']",3
A customer is looking for a(n) book product with media title adventures in human being. Who is the author of the book?,"['gavin francis', 'chuck hogan', 'melissa rice', 'maria antonietta']",0
A customer is looking for a(n) book product with media title objective plant breeding. Who is the author of the book?,"['kent whitaker', 'Machi Tawara', 'brian hodge', 'bd singh']",3
A customer is looking for a(n) book product with media title midnight exposure. Who is the author of the book?,"['thomas nelson', 'lucia santaella', 'melissa payne', 'melinda leigh']",3
A customer is looking for a(n) book product with media title lonely heart. Who is the author of the book?,"['russell simmons', 'ian cardozo', 'mona kasten', 'manoj']",2
A customer is looking for a(n) book product with media title the last place god made. Who is the author of the book?,"['dana swift', 'jack higgins', 'charlene raddon', 'naomi judd']",1
A customer is looking for a(n) book product with media title until we touch. Who is the author of the book?,"['ann shin', 'susan mallery', 'stephen jenkinson', 'fabien olicard']",1
A customer is looking for a(n) book product with media title the hollow. Who is the author of the book?,"['george ebers', 'agatha christie', 'nyanatiloka', 'hjalmar schacht']",1
A customer is looking for a(n) book product with media title un monde merveilleux. Who is the author of the book?,"['jason aaron', 'alexa martin', 'mike warnke', 'paul colize']",3
A customer is looking for a(n) book product with media title il tempo della clemenza. Who is the author of the book?,"['john grisham', 'ken fink', 'paolo hewitt', 'andrew sanders']",0
A customer is looking for a(n) book product with media title just david. Who is the author of the book?,"['hotaru', 'eleanor h. porter', 'charles vildrac', 'durant']",1
A customer is looking for a(n) book product with media title wild animals of the world. Who is the author of the book?,"['dieter braun', 'louisa moats', 'leonard peikoff', 'nadeem hasnain']",0
