question,choices,answer
"The product 'Fox Racing Men's Standard Legacy SS TEE, Optic White, X-Large' appears on a e-commerce website. It is a shirt. Who is the main character?","['dogs', 'santa', 'The question does not apply to the product', 'halloween']",2
The product 'Rhinestone Choker 5 Row Silver by LuxeLife – Women’s Crystal Look Necklace with 5 Inch Extender Chain – Classic Fashion Jewelry Accessories – Matches Earrings and Bracelets Flawlessly' appears on a e-commerce website. It is a necklace. What type of power source can I use to charge this necklace?,"['battery powered, cordless electric', 'The question does not apply to the product', 'corded electric, plug-in', 'manual']",1
"The product '14K Solid White Gold 0.7MM Italian 4 Side Diamond Cut High Finishing Box Chain Necklace with Lobster Claw Clasp - Include Gift Box with Order (0.7 MM 24 Inches 14K White Gold 24"" 4DC)' appears on a e-commerce website. It is a necklace. Who is the main character?","['dogs', 'santa', 'halloween', 'The question does not apply to the product']",3
The product 'ETHONY Awakened Soul Oracle Card Deck' appears on a e-commerce website. It is a tabletop game. Who is the main character?,"['auto focus;auto ', 'auto focus;automatically', 'The question does not apply to the product', 'auto focus']",2
The product 'Sony UBP- X700M 4K Ultra HD Home Theater Streaming Blu-ray Player with HDMI Cable (Renewed)' appears on a e-commerce website. It is a video disc player. Does it have a roundneck collar?,"['The question does not apply to the product', 'crew neck', 'lapel neck', 'v-neck']",0
"The product 'Missufe Women's One Shoulder Sleeveless Tank Ruched Blouse Top Tee Shirt (Burgundy, Medium)' appears on a e-commerce website. It is a shirt. What type of fuel can I use?","['gasoline', 'natural gas, liquefied petroleum gas;lpg', 'electric', 'The question does not apply to the product']",3
The product 'WULFUL Men's Casual Short Sleeve Button Down Shirt Printed Cotton Business Dress Shirts' appears on a e-commerce website. It is a shirt. What type of power source can I use to charge this shirt?,"['manual', 'The question does not apply to the product', 'corded electric, plug-in', 'battery powered, cordless electric']",1
"The product 'Garden Hummingbird Wind Chimes Outdoor Decor - with 4 Tubes 6 Bells 7 Hummingbirds Mobile Romantic Wind Catcher, Hummingbird Windchimes for Home, Xmas Mom Gifts, Festival, Balcony, Garden Decoration' appears on a e-commerce website. It is a wind chime. Who is the main character?","['The question does not apply to the product', 'auto focus', 'auto focus;automatically', 'auto focus;auto ']",0
The product 'Finrezio 6Pairs Ear Cuffs Climber Hoop Earring CZ Arrow Crawler Stud Earring Jacket for Women' appears on a e-commerce website. It is a earring. Does it have a roundneck collar?,"['v-neck', 'The question does not apply to the product', 'lapel neck', 'crew neck']",1
The product 'THREE KEYS JEWELRY 6mm Silver Tungsten Wedding Ring with Real Antler Zebra Wood Two Arrows Inlay Dome Hunting Ring Wedding Band Engagement Ring Size 10.5' appears on a e-commerce website. It is a ring. Who is the main character?,"['The question does not apply to the product', 'dogs', 'santa', 'halloween']",0
The product 'Panasonic Blu-ray disc player Ultra HD Blu-ray playback support DMP-UB900-K (black)' appears on a e-commerce website. It is a video disc player. Does it have a roundneck collar?,"['The question does not apply to the product', 'lapel neck', 'crew neck', 'v-neck']",0
"The product 'Callaway Apex 21 Iron Set (Set of 6 Clubs: 5-PW, Right-Handed, Graphite, Regular), Black' appears on a e-commerce website. It is a golf club. Does it have a roundneck collar?","['crew neck', 'v-neck', 'The question does not apply to the product', 'lapel neck']",2
"The product 'The Drop Women's Pixie Long Sleeve Cropped Pocket Tee, White, S' appears on a e-commerce website. It is a shirt. What type of power source can I use to charge this shirt?","['The question does not apply to the product', 'battery powered, cordless electric', 'manual', 'corded electric, plug-in']",0
"The product 'Outerstuff MLB Youth Performance Team Color Player Name and Number Jersey T-Shirt (X-Large 18/20, Giancarlo Stanton)' appears on a e-commerce website. It is a shirt. What type of power source can I use to charge this shirt?","['corded electric, plug-in', 'The question does not apply to the product', 'manual', 'battery powered, cordless electric']",1
The product 'Gymnastics Charms Bracelets - Sports Bangle with Birthstone Birthday Gift for Gymnast' appears on a e-commerce website. It is a bracelet. Who is the main character?,"['dogs', 'halloween', 'The question does not apply to the product', 'santa']",2
"The product 'RIAH FASHION Multi Color Stretch Beaded Stackable Bracelets - Layering Bead Strand Statement Wrap Bangles (Natural Stone - Kiwi Jasper Black, 7.0 Inches)' appears on a e-commerce website. It is a bracelet. What type of fuel can I use?","['electric', 'natural gas, liquefied petroleum gas;lpg', 'gasoline', 'The question does not apply to the product']",3
The product 'THREE KEYS JEWELRY 6mm Silver Tungsten Wedding Ring with Real Antler Zebra Wood Two Arrows Inlay Dome Hunting Ring Wedding Band Engagement Ring Size 10.5' appears on a e-commerce website. It is a ring. What type of fuel can I use?,"['natural gas, liquefied petroleum gas;lpg', 'electric', 'The question does not apply to the product', 'gasoline']",2
"The product 'Premium Prism Playing Cards, Vibrant Deck of Cards, White Deck of Playing Cards for Kids and Adults, Cool Playing Cards with Card Game e-Book, Prism Playing Cards with Gloss Ink, Day' appears on a e-commerce website. It is a tabletop game. Who is the main character?","['The question does not apply to the product', 'auto focus', 'auto focus;automatically', 'auto focus;auto ']",0
The product 'LOOKFACE Women Graphic Cotton Tees Shirts Wine Red XX-Large' appears on a e-commerce website. It is a shirt. What type of power source can I use to charge this shirt?,"['The question does not apply to the product', 'battery powered, cordless electric', 'manual', 'corded electric, plug-in']",0
The product 'WULFUL Men's Casual Short Sleeve Button Down Shirt Printed Cotton Business Dress Shirts' appears on a e-commerce website. It is a shirt. What type of fuel can I use?,"['electric', 'gasoline', 'natural gas, liquefied petroleum gas;lpg', 'The question does not apply to the product']",3
The product 'MakeMeChic Women's Oversized Button Down Shirts Collared Button Up Shirt Blouse Top White M' appears on a e-commerce website. It is a shirt. Who is the main character?,"['The question does not apply to the product', 'halloween', 'dogs', 'santa']",0
The product 'LYANER Women's Off Shoulder Shirred Short Sleeve Crop Blouse Tee Top Floral Orange Large' appears on a e-commerce website. It is a shirt. What type of fuel can I use?,"['gasoline', 'natural gas, liquefied petroleum gas;lpg', 'The question does not apply to the product', 'electric']",2
"The product 'Amazon Essentials Women's Classic-Fit Long-Sleeve Button-Down Poplin Shirt, French Blue, Stripe, Small' appears on a e-commerce website. It is a shirt. What type of power source can I use to charge this shirt?","['manual', 'corded electric, plug-in', 'battery powered, cordless electric', 'The question does not apply to the product']",3
"The product 'Sports Tank Top for Girls Athletic Tees Size 7 Plain Running Shirt for Golf Tennis Softball Soccer, Red' appears on a e-commerce website. It is a shirt. What type of fuel can I use?","['The question does not apply to the product', 'electric', 'gasoline', 'natural gas, liquefied petroleum gas;lpg']",0
The product 'Types Of Dinosaurs Alphabet A-Z ABC Dino Identification T-Shirt' appears on a e-commerce website. It is a shirt. Who is the main character?,"['dogs', 'halloween', 'The question does not apply to the product', 'santa']",2
"The product 'Tommy Hilfiger boys Short Sleeve Tommy Flag T-shirt T Shirt, Vertical Slash Red Planet 22, 16-18 US' appears on a e-commerce website. It is a shirt. What type of fuel can I use?","['gasoline', 'natural gas, liquefied petroleum gas;lpg', 'The question does not apply to the product', 'electric']",2
"The product '10 Pieces 25 mm Bezel Tray Blank Bangle Bracelet Bezel Blank Settings Adjustable Round Bracelet for Jewelry Making DIY Handmade, Men and Women (Silver)' appears on a e-commerce website. It is a bracelet. What type of fuel can I use?","['The question does not apply to the product', 'electric', 'gasoline', 'natural gas, liquefied petroleum gas;lpg']",0
The product 'NIUQI Women's Fashion Skull Printed Cool Black T-Shirt Slash Slit Tops Plus Size' appears on a e-commerce website. It is a shirt. Who is the main character?,"['The question does not apply to the product', 'dogs', 'halloween', 'santa']",0
"The product 'Callaway Golf 2021 Epic Max Driver (Right-Handed, Cypher 40G, Ladies, 12 degrees) , Black' appears on a e-commerce website. It is a golf club. Is it vegan?","['gluten free', 'kosher', 'The question does not apply to the product', 'vegetarian']",2
"The product 'Star Ride Girls 3-Pack T-Shirt with Flip Sequins Long Sleeve Tops for Kids Multipack Girl Clothes and Tee Shirts (Pink-Mint-Black, 10-12)' appears on a e-commerce website. It is a shirt. What type of power source can I use to charge this shirt?","['battery powered, cordless electric', 'The question does not apply to the product', 'manual', 'corded electric, plug-in']",1
The product 'Luxury CZ Imperial Gold Crown Bracelets Set King Royal Style with 8mm Zirconia Beads Braided Pulseira Bangle Charm Jewelry for Men Boys' appears on a e-commerce website. It is a bracelet. What type of fuel can I use?,"['gasoline', 'natural gas, liquefied petroleum gas;lpg', 'electric', 'The question does not apply to the product']",3
The product 'LOOKFACE Women Graphic Cotton Tees Shirts Wine Red XX-Large' appears on a e-commerce website. It is a shirt. What type of fuel can I use?,"['electric', 'The question does not apply to the product', 'natural gas, liquefied petroleum gas;lpg', 'gasoline']",1
The product 'FANGJIN Womans Clothing t Shirts for Women Fashion Women's t-Shirts Shirts for Teen Girls eopard Bathing Suits for Women Life is Good Shirts for Women Wine Red S' appears on a e-commerce website. It is a shirt. Who is the main character?,"['halloween', 'santa', 'The question does not apply to the product', 'dogs']",2
"The product 'Amazon Essentials Women's Classic-Fit Long-Sleeve Button-Down Poplin Shirt, French Blue, Stripe, Small' appears on a e-commerce website. It is a shirt. What type of fuel can I use?","['The question does not apply to the product', 'electric', 'natural gas, liquefied petroleum gas;lpg', 'gasoline']",0
"The product 'Callaway Apex 21 Iron Set (Set of 6 Clubs: 5-PW, Right-Handed, Graphite, Regular), Black' appears on a e-commerce website. It is a golf club. Is it vegan?","['vegetarian', 'The question does not apply to the product', 'gluten free', 'kosher']",1
"The product 'Life is Good Men's Standard Crusher Graphic T-Shirt Papa Bear, Jet Black, Large' appears on a e-commerce website. It is a shirt. What type of power source can I use to charge this shirt?","['manual', 'The question does not apply to the product', 'corded electric, plug-in', 'battery powered, cordless electric']",1
"The product 'Ultimate Poker Keno + Expansion Cards Bundle for 36 Players - 36 Unique Jumbo Index Boards, 600 Chips, and Playing Cards - Family Casino Board Game Night Gift' appears on a e-commerce website. It is a tabletop game. Who is the main character?","['auto focus', 'The question does not apply to the product', 'auto focus;auto ', 'auto focus;automatically']",1
The product 'PAVOI AAAAA CZ 14K YELLOW GOLD Plated Silver Cubic Zirconia Stackable Eternity Ring - Size 7' appears on a e-commerce website. It is a ring. Who is the main character?,"['santa', 'dogs', 'The question does not apply to the product', 'halloween']",2
"The product 'Champion Women's T-Shirt, Scarlet, X Large' appears on a e-commerce website. It is a shirt. What type of fuel can I use?","['gasoline', 'electric', 'The question does not apply to the product', 'natural gas, liquefied petroleum gas;lpg']",2
"The product 'Gildan Men's Crew T-Shirts, Multipack, Style G1100, White (6-Pack), Medium' appears on a e-commerce website. It is a shirt. What type of power source can I use to charge this shirt?","['manual', 'battery powered, cordless electric', 'The question does not apply to the product', 'corded electric, plug-in']",2
The product 'SheIn Women's Plus Crisscross Halter Wrap Crop Top Cut Out Sexy Cami Tank Tops Orange X-Large Plus' appears on a e-commerce website. It is a shirt. What type of power source can I use to charge this shirt?,"['corded electric, plug-in', 'manual', 'The question does not apply to the product', 'battery powered, cordless electric']",2
"The product '14K Solid White Gold 0.7MM Italian 4 Side Diamond Cut High Finishing Box Chain Necklace with Lobster Claw Clasp - Include Gift Box with Order (0.7 MM 24 Inches 14K White Gold 24"" 4DC)' appears on a e-commerce website. It is a necklace. What type of power source can I use to charge this necklace?","['The question does not apply to the product', 'battery powered, cordless electric', 'manual', 'corded electric, plug-in']",0
The product 'Panasonic Blu-ray disc player Ultra HD Blu-ray playback support DMP-UB900-K (black)' appears on a e-commerce website. It is a video disc player. Is it vegan?,"['kosher', 'vegetarian', 'The question does not apply to the product', 'gluten free']",2
The product 'Light Blue Paracord Bracelet | Surfer Gift | Aqua Color 10' appears on a e-commerce website. It is a bracelet. Who is the main character?,"['halloween', 'dogs', 'The question does not apply to the product', 'santa']",2
"The product 'Star Ride Girls 3-Pack T-Shirt with Flip Sequins Long Sleeve Tops for Kids Multipack Girl Clothes and Tee Shirts (Pink-Mint-Black, 10-12)' appears on a e-commerce website. It is a shirt. What type of fuel can I use?","['electric', 'The question does not apply to the product', 'natural gas, liquefied petroleum gas;lpg', 'gasoline']",1
"The product 'Callaway Golf 2021 Epic Max Driver (Right-Handed, Cypher 40G, Ladies, 12 degrees) , Black' appears on a e-commerce website. It is a golf club. Does it have a roundneck collar?","['v-neck', 'lapel neck', 'The question does not apply to the product', 'crew neck']",2
The product 'Tascam BD-MP4K Professional-Grade 4K UHD Blu-Ray Player (BDMP4K)' appears on a e-commerce website. It is a video disc player. Does it have a roundneck collar?,"['The question does not apply to the product', 'v-neck', 'lapel neck', 'crew neck']",0
"The product 'BlueRica Puka & Tiger Brown Coconut Beads Necklace (20"")' appears on a e-commerce website. It is a necklace. Who is the main character?","['dogs', 'halloween', 'santa', 'The question does not apply to the product']",3
The product 'LOOKFACE Women Graphic Cotton Tees Shirts Wine Red XX-Large' appears on a e-commerce website. It is a shirt. Who is the main character?,"['santa', 'halloween', 'The question does not apply to the product', 'dogs']",2
"The product 'Panasonic Streaming 4K Blu Ray Player with Dolby Vision and HDR10+ Ultra HD Premium Video Playback, Hi-Res Audio, Voice Assist - DP-UB820-K (Black)' appears on a e-commerce website. It is a video disc player. Is it vegan?","['vegetarian', 'The question does not apply to the product', 'kosher', 'gluten free']",1
"The product 'Under Armour mens Tech 2.0 Short-Sleeve T-Shirt , Black (001)/Graphite , Medium' appears on a e-commerce website. It is a shirt. What type of power source can I use to charge this shirt?","['corded electric, plug-in', 'manual', 'battery powered, cordless electric', 'The question does not apply to the product']",3
The product 'Boma Jewelry Sterling Silver Cute Cat with Black Resin Stud Earrings' appears on a e-commerce website. It is a earring. Who is the main character?,"['santa', 'dogs', 'halloween', 'The question does not apply to the product']",3
"The product 'Premium Prism Playing Cards, Vibrant Deck of Cards, White Deck of Playing Cards for Kids and Adults, Cool Playing Cards with Card Game e-Book, Prism Playing Cards with Gloss Ink, Day' appears on a e-commerce website. It is a tabletop game. What type of fabric is used to make this tabletop game?","['polyester', 'spandex, polyester', 'The question does not apply to the product', 'cotton']",2
The product 'Verdusa Women's Drop Shoulder Button Down Plaid Shirt Blouse Longline Top Black Brown L' appears on a e-commerce website. It is a shirt. Who is the main character?,"['halloween', 'The question does not apply to the product', 'dogs', 'santa']",1
The product 'SheIn Women's Plus Crisscross Halter Wrap Crop Top Cut Out Sexy Cami Tank Tops Orange X-Large Plus' appears on a e-commerce website. It is a shirt. What type of fuel can I use?,"['The question does not apply to the product', 'electric', 'gasoline', 'natural gas, liquefied petroleum gas;lpg']",0
The product 'Finrezio 6Pairs Ear Cuffs Climber Hoop Earring CZ Arrow Crawler Stud Earring Jacket for Women' appears on a e-commerce website. It is a earring. Who is the main character?,"['halloween', 'The question does not apply to the product', 'dogs', 'santa']",1
The product 'Tascam BD-MP4K Professional-Grade 4K UHD Blu-Ray Player (BDMP4K)' appears on a e-commerce website. It is a video disc player. Is it vegan?,"['kosher', 'The question does not apply to the product', 'vegetarian', 'gluten free']",1
The product 'SPORT-TEK Men's PosiCharge Active Textured Polo XL Purple' appears on a e-commerce website. It is a shirt. What type of fuel can I use?,"['The question does not apply to the product', 'electric', 'gasoline', 'natural gas, liquefied petroleum gas;lpg']",0
"The product 'Gildan Men's Heavy Cotton T-Shirt, Style G5000, White (10-Pack), Medium' appears on a e-commerce website. It is a shirt. Who is the main character?","['The question does not apply to the product', 'santa', 'halloween', 'dogs']",0
The product 'SPORT-TEK Men's PosiCharge Active Textured Polo XL Purple' appears on a e-commerce website. It is a shirt. Who is the main character?,"['halloween', 'santa', 'The question does not apply to the product', 'dogs']",2
The product 'Crystal Star Lariat Y Pendant Necklace for Women Girls 925 Sterling Silver Fashion Dainty CZ Lucky Stars Drop Choker Hypoallergenic Jewelry Christmas Valentine Holiday Gift' appears on a e-commerce website. It is a necklace. What type of power source can I use to charge this necklace?,"['battery powered, cordless electric', 'manual', 'The question does not apply to the product', 'corded electric, plug-in']",2
"The product 'Flamingo Wind Chimes, Gift for Mom Gifts for Women Gift for Grandma, Outdoor Decor Retro Copper Flamingo Chimes, Birthday Gifts Gardening Gifts Flamingo Decor Gifts' appears on a e-commerce website. It is a wind chime. What type of fabric is used to make this wind chime?","['spandex, polyester', 'polyester', 'The question does not apply to the product', 'cotton']",2
"The product 'Sports Tank Top for Girls Athletic Tees Size 7 Plain Running Shirt for Golf Tennis Softball Soccer, Red' appears on a e-commerce website. It is a shirt. What type of power source can I use to charge this shirt?","['The question does not apply to the product', 'corded electric, plug-in', 'manual', 'battery powered, cordless electric']",0
"The product 'Champion Women's T-Shirt, Scarlet, X Large' appears on a e-commerce website. It is a shirt. What type of power source can I use to charge this shirt?","['The question does not apply to the product', 'corded electric, plug-in', 'manual', 'battery powered, cordless electric']",0
The product 'Sterling Silver 4mm Round Created White Sapphire Birthstone Prong Set Stud Earrings For Women and Girls' appears on a e-commerce website. It is a earring. What type of fuel can I use?,"['natural gas, liquefied petroleum gas;lpg', 'The question does not apply to the product', 'electric', 'gasoline']",1
"The product 'BlueRica Puka & Tiger Brown Coconut Beads Necklace (20"")' appears on a e-commerce website. It is a necklace. What type of power source can I use to charge this necklace?","['battery powered, cordless electric', 'manual', 'The question does not apply to the product', 'corded electric, plug-in']",2
"The product 'Spoontiques - Wind Chimes - Garden Décor - Decorative Chimes for Yard and Garden Decoration - Bee Gnome Wind Chime,11889' appears on a e-commerce website. It is a wind chime. What type of fabric is used to make this wind chime?","['polyester', 'cotton', 'spandex, polyester', 'The question does not apply to the product']",3
The product 'VACRONA Evil Eye Necklace for Women Girls 18k Gold Plated Textured Disc Necklace Multicolored CZ Turquoise Protection Necklace Minimallist Layering Hamsa Medallion Coin Necklace Gift for Her' appears on a e-commerce website. It is a necklace. What type of fuel can I use?,"['The question does not apply to the product', 'electric', 'natural gas, liquefied petroleum gas;lpg', 'gasoline']",0
"The product 'Amazon Essentials Men's Regular-Fit Short-Sleeve Pocket Oxford Shirt, Grey, Large' appears on a e-commerce website. It is a shirt. What type of power source can I use to charge this shirt?","['manual', 'corded electric, plug-in', 'The question does not apply to the product', 'battery powered, cordless electric']",2
"The product 'Tommy Hilfiger boys Short Sleeve Tommy Flag T-shirt T Shirt, Vertical Slash Red Planet 22, 16-18 US' appears on a e-commerce website. It is a shirt. What type of power source can I use to charge this shirt?","['manual', 'battery powered, cordless electric', 'corded electric, plug-in', 'The question does not apply to the product']",3
The product 'Rhinestone Choker 5 Row Silver by LuxeLife – Women’s Crystal Look Necklace with 5 Inch Extender Chain – Classic Fashion Jewelry Accessories – Matches Earrings and Bracelets Flawlessly' appears on a e-commerce website. It is a necklace. What type of fuel can I use?,"['natural gas, liquefied petroleum gas;lpg', 'The question does not apply to the product', 'electric', 'gasoline']",1
The product 'FANGJIN Womans Clothing t Shirts for Women Fashion Women's t-Shirts Shirts for Teen Girls eopard Bathing Suits for Women Life is Good Shirts for Women Wine Red S' appears on a e-commerce website. It is a shirt. What type of fuel can I use?,"['gasoline', 'electric', 'natural gas, liquefied petroleum gas;lpg', 'The question does not apply to the product']",3
The product 'LYANER Women's Off Shoulder Shirred Short Sleeve Crop Blouse Tee Top Floral Orange Large' appears on a e-commerce website. It is a shirt. Who is the main character?,"['dogs', 'santa', 'The question does not apply to the product', 'halloween']",2
The product 'WULFUL Men's Casual Short Sleeve Button Down Shirt Printed Cotton Business Dress Shirts' appears on a e-commerce website. It is a shirt. Who is the main character?,"['The question does not apply to the product', 'santa', 'dogs', 'halloween']",0
"The product 'Official Tupac Love Vintage California T-Shirt, Black' appears on a e-commerce website. It is a shirt. Who is the main character?","['dogs', 'halloween', 'santa', 'The question does not apply to the product']",3
The product 'Leapblue Original Tarot-Cards with-Guidebook for-Beginners - Waterproof PVC Holographic 78 Classic Tarot Deck Set Fortune Telling Game for Beginners&Expert Readers Divination Tools(Rose Gold)' appears on a e-commerce website. It is a tabletop game. What type of fabric is used to make this tabletop game?,"['spandex, polyester', 'polyester', 'The question does not apply to the product', 'cotton']",2
The product 'Sterling Silver 4mm Round Created White Sapphire Birthstone Prong Set Stud Earrings For Women and Girls' appears on a e-commerce website. It is a earring. Is it vegan?,"['vegetarian', 'The question does not apply to the product', 'gluten free', 'kosher']",1
"The product 'Dainty Evil Eye Bracelets for Women, 14K Gold Filled Evil Eye Jewelry Woven Adjustable Bracelet Handmade Adjustable Cubic Zirconia Evil Eye Bracelets for Women Teen Girls Gifts' appears on a e-commerce website. It is a bracelet. Who is the main character?","['dogs', 'santa', 'The question does not apply to the product', 'halloween']",2
"The product 'Vintage Tombola Italian Game Tombolini Tiles, (90 pcs) | Rustic Wooden Bingo Chips, Numbers 1-90 for Lottery, Custom DIY Board Game Pieces, and Arts & Crafts | Traditional, Holiday, & Wedding Games' appears on a e-commerce website. It is a tabletop game. What type of fabric is used to make this tabletop game?","['polyester', 'spandex, polyester', 'cotton', 'The question does not apply to the product']",3
The product 'The UpsideDownChallenge Game for Family & Kids - Complete Fun Challenges with Upside Down Goggles - Hilarious Fun Game for Game Night and Parties - Ages 8+' appears on a e-commerce website. It is a tabletop game. Who is the main character?,"['auto focus', 'auto focus;auto ', 'auto focus;automatically', 'The question does not apply to the product']",3
"The product 'Cyberpunk Purple Playing Cards, Cardistry Decks, Black Deck of Playing Cards for Kids & Adults, Cool Playing Cards with Card Game e-Book, Unique Playing Cards for Poker, Cyberpunk Cards' appears on a e-commerce website. It is a tabletop game. Who is the main character?","['auto focus;auto ', 'The question does not apply to the product', 'auto focus;automatically', 'auto focus']",1
The product 'Crystal Star Lariat Y Pendant Necklace for Women Girls 925 Sterling Silver Fashion Dainty CZ Lucky Stars Drop Choker Hypoallergenic Jewelry Christmas Valentine Holiday Gift' appears on a e-commerce website. It is a necklace. Who is the main character?,"['halloween', 'dogs', 'The question does not apply to the product', 'santa']",2
"The product 'Columbia Youth Boys Terminal Tackle PFG LGF Short Sleeve, Black/Gulf Stream, Large' appears on a e-commerce website. It is a shirt. Who is the main character?","['The question does not apply to the product', 'santa', 'halloween', 'dogs']",0
"The product 'Panasonic Streaming 4K Blu Ray Player with Dolby Vision and HDR10+ Ultra HD Premium Video Playback, Hi-Res Audio, Voice Assist - DP-UB820-K (Black)' appears on a e-commerce website. It is a video disc player. Does it have a roundneck collar?","['lapel neck', 'crew neck', 'v-neck', 'The question does not apply to the product']",3
"The product 'Missufe Women's One Shoulder Sleeveless Tank Ruched Blouse Top Tee Shirt (Burgundy, Medium)' appears on a e-commerce website. It is a shirt. Who is the main character?","['halloween', 'santa', 'The question does not apply to the product', 'dogs']",2
"The product 'Regal Games - Deluxe Bingo Set - Includes Bingo Cage, Master Board, 18 Mixed Cards, 75 Calling Balls, Colorful Chips - Ideal for Large Groups, Parties' appears on a e-commerce website. It is a tabletop game. Who is the main character?","['auto focus', 'auto focus;auto ', 'auto focus;automatically', 'The question does not apply to the product']",3
The product 'Luxurman 14K Designer Unique Natural Diamond Cross Pendant for Men (Yellow Gold)' appears on a e-commerce website. It is a necklace. Who is the main character?,"['santa', 'halloween', 'dogs', 'The question does not apply to the product']",3
"The product 'SWOOC Games - Yardzee, Farkle & 20+ Games - Light-Weight Yard Dice Game Set (All Weather) with Wood Bucket, 5 Big Laminated Score Cards, and Marker (Choose 2.5in or 3.5in Dice) Yard Games for Family' appears on a e-commerce website. It is a tabletop game. Who is the main character?","['auto focus', 'auto focus;automatically', 'The question does not apply to the product', 'auto focus;auto ']",2
"The product 'Games Workshop - Warhammer 40,000 - Necrons: C'Tan Shard of The Void Dragon' appears on a e-commerce website. It is a tabletop game. What type of fabric is used to make this tabletop game?","['polyester', 'spandex, polyester', 'The question does not apply to the product', 'cotton']",2
"The product 'MLB Men's Dub Major Super Rival Team Color Primary Logo Word Mark T-Shirt (Minnesota Twins Navy, Large)' appears on a e-commerce website. It is a shirt. Who is the main character?","['dogs', 'halloween', 'santa', 'The question does not apply to the product']",3
The product 'Boma Jewelry Sterling Silver Cute Cat with Black Resin Stud Earrings' appears on a e-commerce website. It is a earring. What type of fuel can I use?,"['electric', 'natural gas, liquefied petroleum gas;lpg', 'gasoline', 'The question does not apply to the product']",3
The product 'Boma Jewelry Sterling Silver Cute Cat with Black Resin Stud Earrings' appears on a e-commerce website. It is a earring. Does it have a roundneck collar?,"['The question does not apply to the product', 'crew neck', 'lapel neck', 'v-neck']",0
The product 'Luxury CZ Imperial Gold Crown Bracelets Set King Royal Style with 8mm Zirconia Beads Braided Pulseira Bangle Charm Jewelry for Men Boys' appears on a e-commerce website. It is a bracelet. Who is the main character?,"['The question does not apply to the product', 'halloween', 'santa', 'dogs']",0
"The product 'Didforu Sympathy Wind Chimes for Outside, Remembrance Wind Chimes Child, Grievance Wind Chime 32 inch, Sympathy Gift Baskets -Serenity Prayer Wind Chime Memory Loved one, for Patio, Porch, Garden' appears on a e-commerce website. It is a wind chime. Who is the main character?","['auto focus;automatically', 'auto focus;auto ', 'The question does not apply to the product', 'auto focus']",2
The product 'Sterling Silver 4mm Round Created White Sapphire Birthstone Prong Set Stud Earrings For Women and Girls' appears on a e-commerce website. It is a earring. Who is the main character?,"['halloween', 'santa', 'The question does not apply to the product', 'dogs']",2
The product 'Friendship Unicorn Clavicle Necklace Silver Lucky Rings Pendan Necklace with Meaning Card Women Gift' appears on a e-commerce website. It is a necklace. What type of fuel can I use?,"['The question does not apply to the product', 'gasoline', 'electric', 'natural gas, liquefied petroleum gas;lpg']",0
The product 'Cysincos Women's Plus Size Tank Tops Summer V Neck Flowy Swing Sleeveless Vest Shirt Casual Loose Printed Tunic Blouse Black' appears on a e-commerce website. It is a shirt. What type of power source can I use to charge this shirt?,"['The question does not apply to the product', 'corded electric, plug-in', 'manual', 'battery powered, cordless electric']",0
"The product 'Alternative Women's Heavy Wash Jersey Muscle Tank Top, White, Small' appears on a e-commerce website. It is a shirt. What type of fuel can I use?","['natural gas, liquefied petroleum gas;lpg', 'The question does not apply to the product', 'electric', 'gasoline']",1
The product 'Sony UBP- X700M 4K Ultra HD Home Theater Streaming Blu-ray Player with HDMI Cable (Renewed)' appears on a e-commerce website. It is a video disc player. Is it vegan?,"['The question does not apply to the product', 'kosher', 'gluten free', 'vegetarian']",0
"The product 'Official Tupac Love Vintage California T-Shirt, Black' appears on a e-commerce website. It is a shirt. What type of fuel can I use?","['natural gas, liquefied petroleum gas;lpg', 'electric', 'gasoline', 'The question does not apply to the product']",3
"The product 'Wenlenie Sympathy Wind Chimes, Memorial Wind Chimes for Loss of a Loved One Prime, Bereavement/Memorial Gifts/Sympathy Gift in Memory of Loved One, Gift for Loss of Loved One Condolence Remembrance' appears on a e-commerce website. It is a wind chime. What type of fabric is used to make this wind chime?","['The question does not apply to the product', 'cotton', 'spandex, polyester', 'polyester']",0
"The product 'Outerstuff MLB Youth Performance Team Color Player Name and Number Jersey T-Shirt (X-Large 18/20, Giancarlo Stanton)' appears on a e-commerce website. It is a shirt. What type of fuel can I use?","['The question does not apply to the product', 'natural gas, liquefied petroleum gas;lpg', 'gasoline', 'electric']",0
"The product 'Funky Hawaiian Shirt, Parrotcherry, red, XS' appears on a e-commerce website. It is a shirt. What type of power source can I use to charge this shirt?","['The question does not apply to the product', 'corded electric, plug-in', 'manual', 'battery powered, cordless electric']",0
"The product 'RoyalKay 8mm Red Black Tungsten Wedding Band Ring Men Women Matte Finish Red Grooved Engraved""I Love You""Comfort Fit Size 6 To 16(8mm,14)' appears on a e-commerce website. It is a ring. What type of fuel can I use?","['natural gas, liquefied petroleum gas;lpg', 'electric', 'The question does not apply to the product', 'gasoline']",2
The product 'Sterling Silver 4mm Round Created White Sapphire Birthstone Prong Set Stud Earrings For Women and Girls' appears on a e-commerce website. It is a earring. Does it have a roundneck collar?,"['lapel neck', 'crew neck', 'v-neck', 'The question does not apply to the product']",3
The product 'VACRONA Evil Eye Necklace for Women Girls 18k Gold Plated Textured Disc Necklace Multicolored CZ Turquoise Protection Necklace Minimallist Layering Hamsa Medallion Coin Necklace Gift for Her' appears on a e-commerce website. It is a necklace. Who is the main character?,"['dogs', 'santa', 'halloween', 'The question does not apply to the product']",3
"The product 'Columbia Youth Boys Terminal Tackle PFG LGF Short Sleeve, Black/Gulf Stream, Large' appears on a e-commerce website. It is a shirt. What type of power source can I use to charge this shirt?","['corded electric, plug-in', 'battery powered, cordless electric', 'The question does not apply to the product', 'manual']",2
"The product '10 Pieces 25 mm Bezel Tray Blank Bangle Bracelet Bezel Blank Settings Adjustable Round Bracelet for Jewelry Making DIY Handmade, Men and Women (Silver)' appears on a e-commerce website. It is a bracelet. Who is the main character?","['The question does not apply to the product', 'santa', 'dogs', 'halloween']",0
"The product 'Gildan Men's Crew T-Shirts, Multipack, Style G1100, White (6-Pack), Medium' appears on a e-commerce website. It is a shirt. What type of fuel can I use?","['The question does not apply to the product', 'gasoline', 'electric', 'natural gas, liquefied petroleum gas;lpg']",0
"The product 'Gildan Men's Crew T-Shirts, Multipack, Style G1100, White (6-Pack), Medium' appears on a e-commerce website. It is a shirt. What type of fuel can I use?","['The question does not apply to the product', 'electric', 'natural gas, liquefied petroleum gas;lpg', 'gasoline']",0
"The product 'Wenlenie Sympathy Wind Chimes, Memorial Wind Chimes for Loss of a Loved One Prime, Bereavement/Memorial Gifts/Sympathy Gift in Memory of Loved One, Gift for Loss of Loved One Condolence Remembrance' appears on a e-commerce website. It is a wind chime. Who is the main character?","['auto focus;auto ', 'auto focus', 'The question does not apply to the product', 'auto focus;automatically']",2
"The product 'Didforu Sympathy Wind Chimes for Outside, Remembrance Wind Chimes Child, Grievance Wind Chime 32 inch, Sympathy Gift Baskets -Serenity Prayer Wind Chime Memory Loved one, for Patio, Porch, Garden' appears on a e-commerce website. It is a wind chime. What type of fabric is used to make this wind chime?","['cotton', 'spandex, polyester', 'polyester', 'The question does not apply to the product']",3
The product 'NIUQI Women's Fashion Skull Printed Cool Black T-Shirt Slash Slit Tops Plus Size' appears on a e-commerce website. It is a shirt. What type of power source can I use to charge this shirt?,"['corded electric, plug-in', 'battery powered, cordless electric', 'The question does not apply to the product', 'manual']",2
"The product 'Cardinal Wind Chimes, Solar Wind Chimes Christmas Lights Gifts Gifts for Women Gifts for Grandma Gifts for Mom, Gardening Gifts, Cardinal Gifts, Red Bird Chimes Birthday Gifts Memorial Gifts' appears on a e-commerce website. It is a wind chime. Who is the main character?","['The question does not apply to the product', 'auto focus', 'auto focus;automatically', 'auto focus;auto ']",0
"The product 'Amazon Essentials Men's Regular-Fit Short-Sleeve Pocket Oxford Shirt, Grey, Large' appears on a e-commerce website. It is a shirt. Who is the main character?","['halloween', 'santa', 'dogs', 'The question does not apply to the product']",3
The product 'Shells Wind Chime Brightly Colored Good Luck Charm Soft Soothing Sound Visually Appealing (Pastel Colorful)' appears on a e-commerce website. It is a wind chime. Who is the main character?,"['auto focus;auto ', 'The question does not apply to the product', 'auto focus;automatically', 'auto focus']",1
"The product 'Star Ride Girls 3-Pack T-Shirt with Flip Sequins Long Sleeve Tops for Kids Multipack Girl Clothes and Tee Shirts (Pink-Mint-Black, 10-12)' appears on a e-commerce website. It is a shirt. Who is the main character?","['halloween', 'dogs', 'The question does not apply to the product', 'santa']",2
"The product 'Gildan Men's Crew T-Shirts, Multipack, Style G1100, White (6-Pack), Medium' appears on a e-commerce website. It is a shirt. What type of power source can I use to charge this shirt?","['manual', 'The question does not apply to the product', 'corded electric, plug-in', 'battery powered, cordless electric']",1
"The product '2022 Upgraded Solar Wind Chimes,Mason Jar Solar Wind Chimes,Hanging Wind Chime Gift for Mom Memorial Wind Chimes for Garden,Terrace,Corridor,Yard,Tree Decoration（Warm White' appears on a e-commerce website. It is a wind chime. Who is the main character?","['auto focus;automatically', 'auto focus;auto ', 'auto focus', 'The question does not apply to the product']",3
The product 'Finrezio 6Pairs Ear Cuffs Climber Hoop Earring CZ Arrow Crawler Stud Earring Jacket for Women' appears on a e-commerce website. It is a earring. What type of fuel can I use?,"['gasoline', 'natural gas, liquefied petroleum gas;lpg', 'The question does not apply to the product', 'electric']",2
"The product 'Gildan Men's Heavy Cotton T-Shirt, Style G5000, White (10-Pack), Medium' appears on a e-commerce website. It is a shirt. What type of fuel can I use?","['natural gas, liquefied petroleum gas;lpg', 'gasoline', 'The question does not apply to the product', 'electric']",2
"The product 'Cyberpunk Purple Playing Cards, Cardistry Decks, Black Deck of Playing Cards for Kids & Adults, Cool Playing Cards with Card Game e-Book, Unique Playing Cards for Poker, Cyberpunk Cards' appears on a e-commerce website. It is a tabletop game. What type of fabric is used to make this tabletop game?","['The question does not apply to the product', 'spandex, polyester', 'cotton', 'polyester']",0
"The product 'Callaway Apex 21 Iron Set (Set of 6 Clubs: 5-PW, Right-Handed, Graphite, Regular), Black' appears on a e-commerce website. It is a golf club. What type of power source can I use to charge this golf club?","['battery powered, cordless electric', 'The question does not apply to the product', 'manual', 'corded electric, plug-in']",1
"The product 'Official Tupac Love Vintage California T-Shirt, Black' appears on a e-commerce website. It is a shirt. What type of power source can I use to charge this shirt?","['battery powered, cordless electric', 'manual', 'The question does not apply to the product', 'corded electric, plug-in']",2
"The product 'The Drop Women's Pixie Long Sleeve Cropped Pocket Tee, White, S' appears on a e-commerce website. It is a shirt. What type of fuel can I use?","['The question does not apply to the product', 'natural gas, liquefied petroleum gas;lpg', 'gasoline', 'electric']",0
The product 'RuffleButts® Girls Ballet Pink Ruffled Long Sleeve Layering Tee - 5' appears on a e-commerce website. It is a shirt. What type of fuel can I use?,"['electric', 'natural gas, liquefied petroleum gas;lpg', 'The question does not apply to the product', 'gasoline']",2
The product 'NIUQI Women's Fashion Skull Printed Cool Black T-Shirt Slash Slit Tops Plus Size' appears on a e-commerce website. It is a shirt. What type of fuel can I use?,"['gasoline', 'The question does not apply to the product', 'electric', 'natural gas, liquefied petroleum gas;lpg']",1
The product 'Light Blue Paracord Bracelet | Surfer Gift | Aqua Color 10' appears on a e-commerce website. It is a bracelet. What type of fuel can I use?,"['The question does not apply to the product', 'gasoline', 'electric', 'natural gas, liquefied petroleum gas;lpg']",0
The product 'Cysincos Women's Plus Size Tank Tops Summer V Neck Flowy Swing Sleeveless Vest Shirt Casual Loose Printed Tunic Blouse Black' appears on a e-commerce website. It is a shirt. What type of fuel can I use?,"['electric', 'The question does not apply to the product', 'gasoline', 'natural gas, liquefied petroleum gas;lpg']",1
"The product 'Amazon Essentials Women's Classic-Fit Long-Sleeve Button-Down Poplin Shirt, French Blue, Stripe, Small' appears on a e-commerce website. It is a shirt. Who is the main character?","['dogs', 'The question does not apply to the product', 'santa', 'halloween']",1
"The product 'Cardinal Wind Chimes, Solar Wind Chimes Christmas Lights Gifts Gifts for Women Gifts for Grandma Gifts for Mom, Gardening Gifts, Cardinal Gifts, Red Bird Chimes Birthday Gifts Memorial Gifts' appears on a e-commerce website. It is a wind chime. What type of fabric is used to make this wind chime?","['cotton', 'polyester', 'spandex, polyester', 'The question does not apply to the product']",3
"The product 'Callaway Golf 2021 Epic Max Driver (Right-Handed, Cypher 40G, Ladies, 12 degrees) , Black' appears on a e-commerce website. It is a golf club. What type of power source can I use to charge this golf club?","['manual', 'battery powered, cordless electric', 'corded electric, plug-in', 'The question does not apply to the product']",3
The product 'SheIn Women's Plus Crisscross Halter Wrap Crop Top Cut Out Sexy Cami Tank Tops Orange X-Large Plus' appears on a e-commerce website. It is a shirt. Who is the main character?,"['dogs', 'The question does not apply to the product', 'halloween', 'santa']",1
"The product 'Flamingo Wind Chimes, Gift for Mom Gifts for Women Gift for Grandma, Outdoor Decor Retro Copper Flamingo Chimes, Birthday Gifts Gardening Gifts Flamingo Decor Gifts' appears on a e-commerce website. It is a wind chime. Who is the main character?","['The question does not apply to the product', 'auto focus;auto ', 'auto focus;automatically', 'auto focus']",0
"The product 'Spoontiques - Wind Chimes - Garden Décor - Decorative Chimes for Yard and Garden Decoration - Bee Gnome Wind Chime,11889' appears on a e-commerce website. It is a wind chime. Who is the main character?","['auto focus;automatically', 'auto focus;auto ', 'auto focus', 'The question does not apply to the product']",3
The product 'Rhinestone Choker 5 Row Silver by LuxeLife – Women’s Crystal Look Necklace with 5 Inch Extender Chain – Classic Fashion Jewelry Accessories – Matches Earrings and Bracelets Flawlessly' appears on a e-commerce website. It is a necklace. Who is the main character?,"['dogs', 'santa', 'halloween', 'The question does not apply to the product']",3
"The product 'SWOOC Games - Yardzee, Farkle & 20+ Games - Light-Weight Yard Dice Game Set (All Weather) with Wood Bucket, 5 Big Laminated Score Cards, and Marker (Choose 2.5in or 3.5in Dice) Yard Games for Family' appears on a e-commerce website. It is a tabletop game. What type of fabric is used to make this tabletop game?","['cotton', 'polyester', 'The question does not apply to the product', 'spandex, polyester']",2
The product 'Avanova Women's Ribbed Knit Cap Short Sleeve Crop Top Summer Asymmetrical Neck Tee Shirt Pink Medium' appears on a e-commerce website. It is a shirt. What type of power source can I use to charge this shirt?,"['manual', 'battery powered, cordless electric', 'corded electric, plug-in', 'The question does not apply to the product']",3
The product 'ETHONY Awakened Soul Oracle Card Deck' appears on a e-commerce website. It is a tabletop game. What type of fabric is used to make this tabletop game?,"['cotton', 'The question does not apply to the product', 'spandex, polyester', 'polyester']",1
The product 'Shells Wind Chime Brightly Colored Good Luck Charm Soft Soothing Sound Visually Appealing (Pastel Colorful)' appears on a e-commerce website. It is a wind chime. What type of fabric is used to make this wind chime?,"['polyester', 'cotton', 'The question does not apply to the product', 'spandex, polyester']",2
"The product 'Games Workshop - Warhammer 40,000 - Necrons: C'Tan Shard of The Void Dragon' appears on a e-commerce website. It is a tabletop game. Who is the main character?","['auto focus', 'auto focus;automatically', 'auto focus;auto ', 'The question does not apply to the product']",3
"The product 'RoyalKay 8mm Red Black Tungsten Wedding Band Ring Men Women Matte Finish Red Grooved Engraved""I Love You""Comfort Fit Size 6 To 16(8mm,14)' appears on a e-commerce website. It is a ring. Who is the main character?","['The question does not apply to the product', 'santa', 'halloween', 'dogs']",0
The product 'Higustar Mexican Boho Embroidered Tops for Women Bohemian Peasant Black Short Sleeve Shirts Plus Size Summer Tunic Blouses Hippie Clothes' appears on a e-commerce website. It is a shirt. What type of fuel can I use?,"['gasoline', 'natural gas, liquefied petroleum gas;lpg', 'The question does not apply to the product', 'electric']",2
The product 'FANGJIN Womans Clothing t Shirts for Women Fashion Women's t-Shirts Shirts for Teen Girls eopard Bathing Suits for Women Life is Good Shirts for Women Wine Red S' appears on a e-commerce website. It is a shirt. What type of power source can I use to charge this shirt?,"['The question does not apply to the product', 'corded electric, plug-in', 'battery powered, cordless electric', 'manual']",0
The product 'RuffleButts® Girls Ballet Pink Ruffled Long Sleeve Layering Tee - 5' appears on a e-commerce website. It is a shirt. What type of power source can I use to charge this shirt?,"['battery powered, cordless electric', 'corded electric, plug-in', 'manual', 'The question does not apply to the product']",3
The product 'RuffleButts® Girls Ballet Pink Ruffled Long Sleeve Layering Tee - 5' appears on a e-commerce website. It is a shirt. Who is the main character?,"['The question does not apply to the product', 'santa', 'dogs', 'halloween']",0
The product 'VACRONA Evil Eye Necklace for Women Girls 18k Gold Plated Textured Disc Necklace Multicolored CZ Turquoise Protection Necklace Minimallist Layering Hamsa Medallion Coin Necklace Gift for Her' appears on a e-commerce website. It is a necklace. What type of power source can I use to charge this necklace?,"['battery powered, cordless electric', 'manual', 'corded electric, plug-in', 'The question does not apply to the product']",3
The product 'Cysincos Women's Plus Size Tank Tops Summer V Neck Flowy Swing Sleeveless Vest Shirt Casual Loose Printed Tunic Blouse Black' appears on a e-commerce website. It is a shirt. Who is the main character?,"['dogs', 'santa', 'The question does not apply to the product', 'halloween']",2
The product 'Crystal Star Lariat Y Pendant Necklace for Women Girls 925 Sterling Silver Fashion Dainty CZ Lucky Stars Drop Choker Hypoallergenic Jewelry Christmas Valentine Holiday Gift' appears on a e-commerce website. It is a necklace. What type of fuel can I use?,"['gasoline', 'electric', 'natural gas, liquefied petroleum gas;lpg', 'The question does not apply to the product']",3
The product 'PAVOI AAAAA CZ 14K YELLOW GOLD Plated Silver Cubic Zirconia Stackable Eternity Ring - Size 7' appears on a e-commerce website. It is a ring. What type of fuel can I use?,"['The question does not apply to the product', 'natural gas, liquefied petroleum gas;lpg', 'gasoline', 'electric']",0
The product 'MakeMeChic Women's Oversized Button Down Shirts Collared Button Up Shirt Blouse Top White M' appears on a e-commerce website. It is a shirt. What type of power source can I use to charge this shirt?,"['manual', 'The question does not apply to the product', 'corded electric, plug-in', 'battery powered, cordless electric']",1
"The product 'Alternative Women's Heavy Wash Jersey Muscle Tank Top, White, Small' appears on a e-commerce website. It is a shirt. Who is the main character?","['dogs', 'halloween', 'santa', 'The question does not apply to the product']",3
"The product 'Sports Tank Top for Girls Athletic Tees Size 7 Plain Running Shirt for Golf Tennis Softball Soccer, Red' appears on a e-commerce website. It is a shirt. Who is the main character?","['The question does not apply to the product', 'dogs', 'halloween', 'santa']",0
The product 'Luxurman 14K Designer Unique Natural Diamond Cross Pendant for Men (Yellow Gold)' appears on a e-commerce website. It is a necklace. What type of power source can I use to charge this necklace?,"['battery powered, cordless electric', 'manual', 'The question does not apply to the product', 'corded electric, plug-in']",2
"The product 'RIAH FASHION Multi Color Stretch Beaded Stackable Bracelets - Layering Bead Strand Statement Wrap Bangles (Natural Stone - Kiwi Jasper Black, 7.0 Inches)' appears on a e-commerce website. It is a bracelet. Who is the main character?","['halloween', 'santa', 'The question does not apply to the product', 'dogs']",2
The product 'Friendship Unicorn Clavicle Necklace Silver Lucky Rings Pendan Necklace with Meaning Card Women Gift' appears on a e-commerce website. It is a necklace. What type of power source can I use to charge this necklace?,"['corded electric, plug-in', 'The question does not apply to the product', 'manual', 'battery powered, cordless electric']",1
"The product 'Amazon Essentials Men's Regular-Fit Short-Sleeve Pocket Oxford Shirt, Grey, Large' appears on a e-commerce website. It is a shirt. What type of fuel can I use?","['natural gas, liquefied petroleum gas;lpg', 'gasoline', 'electric', 'The question does not apply to the product']",3
"The product 'Gildan Men's Crew T-Shirts, Multipack, Style G1100, White (6-Pack), Medium' appears on a e-commerce website. It is a shirt. Who is the main character?","['dogs', 'The question does not apply to the product', 'halloween', 'santa']",1
The product 'SPORT-TEK Men's PosiCharge Active Textured Polo XL Purple' appears on a e-commerce website. It is a shirt. What type of power source can I use to charge this shirt?,"['The question does not apply to the product', 'battery powered, cordless electric', 'manual', 'corded electric, plug-in']",0
The product 'Types Of Dinosaurs Alphabet A-Z ABC Dino Identification T-Shirt' appears on a e-commerce website. It is a shirt. What type of power source can I use to charge this shirt?,"['corded electric, plug-in', 'manual', 'The question does not apply to the product', 'battery powered, cordless electric']",2
"The product 'Outerstuff MLB Youth Performance Team Color Player Name and Number Jersey T-Shirt (X-Large 18/20, Giancarlo Stanton)' appears on a e-commerce website. It is a shirt. Who is the main character?","['dogs', 'halloween', 'The question does not apply to the product', 'santa']",2
"The product '2022 Upgraded Solar Wind Chimes,Mason Jar Solar Wind Chimes,Hanging Wind Chime Gift for Mom Memorial Wind Chimes for Garden,Terrace,Corridor,Yard,Tree Decoration（Warm White' appears on a e-commerce website. It is a wind chime. What type of fabric is used to make this wind chime?","['spandex, polyester', 'cotton', 'polyester', 'The question does not apply to the product']",3
The product 'Gymnastics Charms Bracelets - Sports Bangle with Birthstone Birthday Gift for Gymnast' appears on a e-commerce website. It is a bracelet. What type of fuel can I use?,"['natural gas, liquefied petroleum gas;lpg', 'The question does not apply to the product', 'gasoline', 'electric']",1
"The product 'Life is Good Men's Standard Crusher Graphic T-Shirt Papa Bear, Jet Black, Large' appears on a e-commerce website. It is a shirt. Who is the main character?","['dogs', 'halloween', 'The question does not apply to the product', 'santa']",2
"The product 'Tommy Hilfiger boys Short Sleeve Tommy Flag T-shirt T Shirt, Vertical Slash Red Planet 22, 16-18 US' appears on a e-commerce website. It is a shirt. Who is the main character?","['santa', 'dogs', 'The question does not apply to the product', 'halloween']",2
"The product 'Fox Racing Men's Standard Legacy SS TEE, Optic White, X-Large' appears on a e-commerce website. It is a shirt. What type of fuel can I use?","['The question does not apply to the product', 'gasoline', 'electric', 'natural gas, liquefied petroleum gas;lpg']",0
"The product 'Ultimate Poker Keno + Expansion Cards Bundle for 36 Players - 36 Unique Jumbo Index Boards, 600 Chips, and Playing Cards - Family Casino Board Game Night Gift' appears on a e-commerce website. It is a tabletop game. What type of fabric is used to make this tabletop game?","['cotton', 'polyester', 'The question does not apply to the product', 'spandex, polyester']",2
"The product 'Columbia Youth Boys Terminal Tackle PFG LGF Short Sleeve, Black/Gulf Stream, Large' appears on a e-commerce website. It is a shirt. What type of fuel can I use?","['gasoline', 'natural gas, liquefied petroleum gas;lpg', 'electric', 'The question does not apply to the product']",3
"The product 'MLB Men's Dub Major Super Rival Team Color Primary Logo Word Mark T-Shirt (Minnesota Twins Navy, Large)' appears on a e-commerce website. It is a shirt. What type of fuel can I use?","['The question does not apply to the product', 'electric', 'gasoline', 'natural gas, liquefied petroleum gas;lpg']",0
"The product 'Fox Racing Men's Standard Legacy SS TEE, Optic White, X-Large' appears on a e-commerce website. It is a shirt. What type of power source can I use to charge this shirt?","['The question does not apply to the product', 'manual', 'battery powered, cordless electric', 'corded electric, plug-in']",0
"The product 'Funky Hawaiian Shirt, Parrotcherry, red, XS' appears on a e-commerce website. It is a shirt. What type of fuel can I use?","['natural gas, liquefied petroleum gas;lpg', 'gasoline', 'The question does not apply to the product', 'electric']",2
"The product 'Champion Women's T-Shirt, Scarlet, X Large' appears on a e-commerce website. It is a shirt. Who is the main character?","['dogs', 'halloween', 'santa', 'The question does not apply to the product']",3
"The product 'Alternative Women's Heavy Wash Jersey Muscle Tank Top, White, Small' appears on a e-commerce website. It is a shirt. What type of power source can I use to charge this shirt?","['battery powered, cordless electric', 'manual', 'The question does not apply to the product', 'corded electric, plug-in']",2
"The product 'Under Armour mens Tech 2.0 Short-Sleeve T-Shirt , Black (001)/Graphite , Medium' appears on a e-commerce website. It is a shirt. What type of fuel can I use?","['natural gas, liquefied petroleum gas;lpg', 'The question does not apply to the product', 'electric', 'gasoline']",1
"The product 'Regal Games - Deluxe Bingo Set - Includes Bingo Cage, Master Board, 18 Mixed Cards, 75 Calling Balls, Colorful Chips - Ideal for Large Groups, Parties' appears on a e-commerce website. It is a tabletop game. What type of fabric is used to make this tabletop game?","['cotton', 'The question does not apply to the product', 'polyester', 'spandex, polyester']",1
The product 'Friendship Unicorn Clavicle Necklace Silver Lucky Rings Pendan Necklace with Meaning Card Women Gift' appears on a e-commerce website. It is a necklace. Who is the main character?,"['halloween', 'santa', 'The question does not apply to the product', 'dogs']",2
"The product 'The Drop Women's Pixie Long Sleeve Cropped Pocket Tee, White, S' appears on a e-commerce website. It is a shirt. Who is the main character?","['santa', 'dogs', 'halloween', 'The question does not apply to the product']",3
"The product 'Gildan Men's Heavy Cotton T-Shirt, Style G5000, White (10-Pack), Medium' appears on a e-commerce website. It is a shirt. What type of power source can I use to charge this shirt?","['corded electric, plug-in', 'The question does not apply to the product', 'battery powered, cordless electric', 'manual']",1
"The product '14K Solid White Gold 0.7MM Italian 4 Side Diamond Cut High Finishing Box Chain Necklace with Lobster Claw Clasp - Include Gift Box with Order (0.7 MM 24 Inches 14K White Gold 24"" 4DC)' appears on a e-commerce website. It is a necklace. What type of fuel can I use?","['The question does not apply to the product', 'gasoline', 'natural gas, liquefied petroleum gas;lpg', 'electric']",0
The product 'Luxurman 14K Designer Unique Natural Diamond Cross Pendant for Men (Yellow Gold)' appears on a e-commerce website. It is a necklace. What type of fuel can I use?,"['natural gas, liquefied petroleum gas;lpg', 'The question does not apply to the product', 'electric', 'gasoline']",1
The product 'Higustar Mexican Boho Embroidered Tops for Women Bohemian Peasant Black Short Sleeve Shirts Plus Size Summer Tunic Blouses Hippie Clothes' appears on a e-commerce website. It is a shirt. Who is the main character?,"['halloween', 'The question does not apply to the product', 'santa', 'dogs']",1
"The product 'Vintage Tombola Italian Game Tombolini Tiles, (90 pcs) | Rustic Wooden Bingo Chips, Numbers 1-90 for Lottery, Custom DIY Board Game Pieces, and Arts & Crafts | Traditional, Holiday, & Wedding Games' appears on a e-commerce website. It is a tabletop game. Who is the main character?","['The question does not apply to the product', 'auto focus;auto ', 'auto focus;automatically', 'auto focus']",0
The product 'Avanova Women's Ribbed Knit Cap Short Sleeve Crop Top Summer Asymmetrical Neck Tee Shirt Pink Medium' appears on a e-commerce website. It is a shirt. What type of fuel can I use?,"['gasoline', 'natural gas, liquefied petroleum gas;lpg', 'electric', 'The question does not apply to the product']",3
"The product 'UNO Matching Card Game Featuring 112 Cards with Hot Wheels Graphics, Game Night, Kids Gift Ages 7 Years & Older' appears on a e-commerce website. It is a tabletop game. Who is the main character?","['auto focus', 'auto focus;automatically', 'The question does not apply to the product', 'auto focus;auto ']",2
The product 'Avanova Women's Ribbed Knit Cap Short Sleeve Crop Top Summer Asymmetrical Neck Tee Shirt Pink Medium' appears on a e-commerce website. It is a shirt. Who is the main character?,"['The question does not apply to the product', 'dogs', 'halloween', 'santa']",0
"The product 'Funky Hawaiian Shirt, Parrotcherry, red, XS' appears on a e-commerce website. It is a shirt. Who is the main character?","['The question does not apply to the product', 'santa', 'dogs', 'halloween']",0
"The product 'Life is Good Men's Standard Crusher Graphic T-Shirt Papa Bear, Jet Black, Large' appears on a e-commerce website. It is a shirt. What type of fuel can I use?","['The question does not apply to the product', 'natural gas, liquefied petroleum gas;lpg', 'electric', 'gasoline']",0
The product 'Types Of Dinosaurs Alphabet A-Z ABC Dino Identification T-Shirt' appears on a e-commerce website. It is a shirt. What type of fuel can I use?,"['The question does not apply to the product', 'electric', 'natural gas, liquefied petroleum gas;lpg', 'gasoline']",0
"The product 'UNO Matching Card Game Featuring 112 Cards with Hot Wheels Graphics, Game Night, Kids Gift Ages 7 Years & Older' appears on a e-commerce website. It is a tabletop game. What type of fabric is used to make this tabletop game?","['spandex, polyester', 'The question does not apply to the product', 'cotton', 'polyester']",1
"The product 'Missufe Women's One Shoulder Sleeveless Tank Ruched Blouse Top Tee Shirt (Burgundy, Medium)' appears on a e-commerce website. It is a shirt. What type of power source can I use to charge this shirt?","['manual', 'The question does not apply to the product', 'corded electric, plug-in', 'battery powered, cordless electric']",1
"The product 'MLB Men's Dub Major Super Rival Team Color Primary Logo Word Mark T-Shirt (Minnesota Twins Navy, Large)' appears on a e-commerce website. It is a shirt. What type of power source can I use to charge this shirt?","['corded electric, plug-in', 'battery powered, cordless electric', 'The question does not apply to the product', 'manual']",2
The product 'The UpsideDownChallenge Game for Family & Kids - Complete Fun Challenges with Upside Down Goggles - Hilarious Fun Game for Game Night and Parties - Ages 8+' appears on a e-commerce website. It is a tabletop game. What type of fabric is used to make this tabletop game?,"['spandex, polyester', 'polyester', 'cotton', 'The question does not apply to the product']",3
The product 'Finrezio 6Pairs Ear Cuffs Climber Hoop Earring CZ Arrow Crawler Stud Earring Jacket for Women' appears on a e-commerce website. It is a earring. Is it vegan?,"['vegetarian', 'kosher', 'The question does not apply to the product', 'gluten free']",2
The product 'MakeMeChic Women's Oversized Button Down Shirts Collared Button Up Shirt Blouse Top White M' appears on a e-commerce website. It is a shirt. What type of fuel can I use?,"['electric', 'gasoline', 'The question does not apply to the product', 'natural gas, liquefied petroleum gas;lpg']",2
The product 'Leapblue Original Tarot-Cards with-Guidebook for-Beginners - Waterproof PVC Holographic 78 Classic Tarot Deck Set Fortune Telling Game for Beginners&Expert Readers Divination Tools(Rose Gold)' appears on a e-commerce website. It is a tabletop game. Who is the main character?,"['The question does not apply to the product', 'auto focus', 'auto focus;auto ', 'auto focus;automatically']",0
"The product 'Gildan Men's Crew T-Shirts, Multipack, Style G1100, White (6-Pack), Medium' appears on a e-commerce website. It is a shirt. Who is the main character?","['The question does not apply to the product', 'halloween', 'santa', 'dogs']",0
The product 'Verdusa Women's Drop Shoulder Button Down Plaid Shirt Blouse Longline Top Black Brown L' appears on a e-commerce website. It is a shirt. What type of fuel can I use?,"['gasoline', 'electric', 'natural gas, liquefied petroleum gas;lpg', 'The question does not apply to the product']",3
The product 'LYANER Women's Off Shoulder Shirred Short Sleeve Crop Blouse Tee Top Floral Orange Large' appears on a e-commerce website. It is a shirt. What type of power source can I use to charge this shirt?,"['The question does not apply to the product', 'corded electric, plug-in', 'manual', 'battery powered, cordless electric']",0
"The product 'Under Armour mens Tech 2.0 Short-Sleeve T-Shirt , Black (001)/Graphite , Medium' appears on a e-commerce website. It is a shirt. Who is the main character?","['dogs', 'santa', 'The question does not apply to the product', 'halloween']",2
The product 'Verdusa Women's Drop Shoulder Button Down Plaid Shirt Blouse Longline Top Black Brown L' appears on a e-commerce website. It is a shirt. What type of power source can I use to charge this shirt?,"['manual', 'corded electric, plug-in', 'battery powered, cordless electric', 'The question does not apply to the product']",3
"The product 'Garden Hummingbird Wind Chimes Outdoor Decor - with 4 Tubes 6 Bells 7 Hummingbirds Mobile Romantic Wind Catcher, Hummingbird Windchimes for Home, Xmas Mom Gifts, Festival, Balcony, Garden Decoration' appears on a e-commerce website. It is a wind chime. What type of fabric is used to make this wind chime?","['cotton', 'The question does not apply to the product', 'polyester', 'spandex, polyester']",1
The product 'Higustar Mexican Boho Embroidered Tops for Women Bohemian Peasant Black Short Sleeve Shirts Plus Size Summer Tunic Blouses Hippie Clothes' appears on a e-commerce website. It is a shirt. What type of power source can I use to charge this shirt?,"['The question does not apply to the product', 'corded electric, plug-in', 'battery powered, cordless electric', 'manual']",0
"The product 'BlueRica Puka & Tiger Brown Coconut Beads Necklace (20"")' appears on a e-commerce website. It is a necklace. What type of fuel can I use?","['electric', 'gasoline', 'The question does not apply to the product', 'natural gas, liquefied petroleum gas;lpg']",2
The product 'Boma Jewelry Sterling Silver Cute Cat with Black Resin Stud Earrings' appears on a e-commerce website. It is a earring. Is it vegan?,"['kosher', 'gluten free', 'vegetarian', 'The question does not apply to the product']",3
"The product 'Dainty Evil Eye Bracelets for Women, 14K Gold Filled Evil Eye Jewelry Woven Adjustable Bracelet Handmade Adjustable Cubic Zirconia Evil Eye Bracelets for Women Teen Girls Gifts' appears on a e-commerce website. It is a bracelet. What type of fuel can I use?","['gasoline', 'The question does not apply to the product', 'electric', 'natural gas, liquefied petroleum gas;lpg']",1
