question,choices,answer
Which of the following product categories best complement the product type camera support?,"['luminance meter', 'background', 'camcorder', 'camera protector']",2
"Given product type microphone, which of the following product categories best complement the given product type?","['integrated stereo system', 'camera support', 'radio', 'audio recorder']",3
Which of the following product categories best complement the product type tabletop game?,"['utility holsters', 'shoe string', 'gaming dice', 'skin moisturizer']",2
"Suppose you have a product type cycling tire, which of the following types of products do you need to make the best use of it?","['vest', 'razor blade case', 'bike wheel', 'electronic cable']",2
Which of the following product categories best complement the product type cycling wheel?,"['luggage rack', 'bike tyre', 'watch', 'buoyancy device']",1
"Suppose you have a product type sticker decal, which of the following types of products do you need to make the best use of it?","['wall decor', 'skipping rope', 'ice cooler', 'weightlifting belt']",0
Which of the following product categories best complement the product type cosmetic powder?,"['hair removal agent', 'car seat', 'eyelid color', 'garbage bin']",2
"Suppose you have a product type mascara, which of the following types of products do you need to make the best use of it?","['dental water flosser', 'camera cleaner', 'thermos flask', 'face powder']",3
Which of the following product categories best complement the product type television?,"['disc player', 'video projector', 'tuner', 'videocassette recorder']",2
"Given product type shorts, which of the following product categories best complement the given product type?","['tie', 'dress', 'blazer', 'food bib']",1
"Given product type shorts, which of the following product categories best complement the given product type?","['corset', 'handbag', 'shoes', 'skirt']",2
"Suppose you have a product type storage box, which of the following types of products do you need to make the best use of it?","['portable caddy', 'label', 'bottle', 'storage rack']",1
Which of the following product categories best complement the product type writing instrument?,"['label', 'wheel', 'watch', 'umbrella']",0
"Given product type muscle roller, which of the following product categories best complement the given product type?","['mouthwash', 'teeth floss', 'fitness band', 'incontinence protector']",2
Which of the following product categories best complement the product type shirt?,"['arm sleeve', 'sweater', 'leotard', 'wig']",1
"Suppose you have a product type shaving agent, which of the following types of products do you need to make the best use of it?","['bulletin board', 'ladder', 'costume outfit', 'razor blade case']",3
Which of the following product categories best complement the product type manual shaving razor?,"['shaving foam', 'wig', 'nail polish remover', 'hair weave']",0
"Suppose you have a product type handbag, which of the following types of products do you need to make the best use of it?","['skirt', 'corset', 'tote bag', 'hat']",2
"Given product type cosmetic case, which of the following product categories best complement the given product type?","['wallet', 'waist pack', 'handbag', 'shoe bag']",2
Which of the following product categories best complement the product type badge holder?,"['pencil sharpener', 'compressed air can', 'body strap', 'ink fluid']",2
"Given product type face shaping makeup, which of the following product categories best complement the given product type?","['face powder', 'hammock', 'sport goal', 'duffel bag']",0
"Given product type cosmetic powder, which of the following product categories best complement the given product type?","['sport racket', 'backpack', 'mechanical lighter', 'lipstick']",3
"Suppose you have a product type license plate attachment, which of the following types of products do you need to make the best use of it?","['luggage rack', 'trailer hitch cover', 'vehicle cover', 'steering wheel protector']",1
"Suppose you have a product type camera, which of the following types of products do you need to make the best use of it?","['background', 'driving recorder', 'projectile bow', 'saw']",0
"Suppose you have a product type punching bag, which of the following types of products do you need to make the best use of it?","['fitness band', 'bike seat', 'boxing glove', 'sport racket']",2
Which of the following product categories best complement the product type boxing glove?,"['stapler', 'punching bag', 'toy figure', 'undergarment slip']",1
"Given product type hair dryer, which of the following product categories best complement the given product type?","['toothbrush', 'electric razor', 'hairband', 'nail dryer']",2
Which of the following product categories best complement the product type computer processor?,"['foam roller', 'hat', 'audio card', 'input-output card']",3
"Given product type computer chassis, which of the following product categories best complement the given product type?","['drawing tablet', 'steering wheel protector', 'power supply unit', 'charm']",2
"Suppose you have a product type pillowcase, which of the following types of products do you need to make the best use of it?","['tyre cover', 'remote controller', 'foam roller', 'blanket']",3
"Given product type input mouse, which of the following product categories best complement the given product type?","['mouse pad', 'luggage rack', 'tarpaulin', 'non-permanent tatttoo']",0
Which of the following product categories best complement the product type chair?,"['fishing reel', 'mp3 audio player', 'stool', 'pants']",2
Which of the following product categories best complement the product type stool seating?,"['piercing jewelry', 'table', 'label', 'bulletin board']",1
"Given product type mp3 player, which of the following product categories best complement the given product type?","['integrated stereo system', 'microphone', 'audio recorder', 'headphones']",3
"Given product type earring, which of the following product categories best complement the given product type?","['piercing jewelry', 'necklace', 'cuff link', 'shaving foam']",1
Which of the following product categories best complement the product type video card?,"['tripod', 'fishhook', 'central processing unit', 'overalls']",2
"Given product type electronic component fan, which of the following product categories best complement the given product type?","['emergency kit', 'disc player', 'power supply unit', 'fabric']",2
"Given product type light bulb, which of the following product categories best complement the given product type?","['pest control device', 'shoes', 'water cup', 'light fixture']",3
"Given product type leotard, which of the following product categories best complement the given product type?","['tracksuit', 'skirt', 'waist trimmer', 'arm sleeve']",2
Which of the following product categories best complement the product type leash?,"['shaving brush', 'pet clothing', 'elliptical machine', 'trampoline']",1
"Given product type leash, which of the following product categories best complement the given product type?","['electronic device cover', 'tracksuit', 'skirt', 'pet clothing']",3
"Given product type trailer hitch cover, which of the following product categories best complement the given product type?","['vehicle cover', 'tyre cover', 'steering wheel protector', 'luggage rack']",3
"Suppose you have a product type cargo strap, which of the following types of products do you need to make the best use of it?","['steering wheel protector', 'utility jack', 'car seat cover', 'luggage rack']",3
"Suppose you have a product type exercise mat, which of the following types of products do you need to make the best use of it?","['disk drive', 'bike wheel', 'tabletop sport', 'barbell']",3
"Given product type skirt, which of the following product categories best complement the given product type?","['tracksuit', 'robe', 'jewelry set', 'blazer']",2
"Given product type suit, which of the following product categories best complement the given product type?","['shirt', 'pants', 'skirt', 'corset']",2
Which of the following product categories best complement the product type telescope?,"['portable electronic device holder', 'tripod', 'freestanding shelter', 'electric razor']",1
"Given product type toothbrush head, which of the following product categories best complement the given product type?","['incontinence protector', 'teeth floss', 'earplug', 'astringent substance']",1
"Given product type toothbrush, which of the following product categories best complement the given product type?","['hair trimmer', 'nail dryer', 'toothbrush head', 'skin blemish remover']",2
"Given product type toothbrush head, which of the following product categories best complement the given product type?","['bathwater additive', 'medicine', 'toothbrush', 'mouthwash']",2
"Suppose you have a product type hair extension, which of the following types of products do you need to make the best use of it?","['sunless tanner', 'manual shaving razor', 'wig', 'artificial nail']",2
Which of the following product categories best complement the product type tabletop game?,"['toy figure', 'DV recorder', 'tablet computer', 'hair iron']",0
"Given product type toy figure, which of the following product categories best complement the given product type?","['face serum', 'golf club', 'tabletop game', 'BBQ grill']",2
"Suppose you have a product type fishing hook, which of the following types of products do you need to make the best use of it?","['audio card', 'DV recorder', 'sleeping mattress', 'fishing string']",3
"Suppose you have a product type tarp, which of the following types of products do you need to make the best use of it?","['material handling truck', 'hammock', 'utility cart wagon', 'coat hanger']",1
Which of the following product categories best complement the product type tarp?,"['cleaning brush', 'coat hanger', 'hammock', 'drink mat']",2
Which of the following product categories best complement the product type kick scooter?,"['sport target', 'pistol holster', 'sport helmet', 'ice cooler']",2
Which of the following product categories best complement the product type kick scooter?,"['wheel', 'sport fastener', 'skateboard', 'biometric monitor']",0
Which of the following product categories best complement the product type security camera?,"['writing tools', 'magnifier', 'flash memory', 'curtain']",2
"Given product type hair brush, which of the following product categories best complement the given product type?","['hair curler', 'shampoo', 'comb', 'topical hair regrowth treatment']",2
Which of the following product categories best complement the product type cycling wheel?,"['blade sharpener', 'home mirror', 'bike tyre', 'tie']",2
"Given product type decorative magnet, which of the following product categories best complement the given product type?","['hammock', 'home mirror', 'marker', 'furniture cover']",2
"Given product type sunglasses, which of the following product categories best complement the given product type?","['sport helmet', 'toothbrush head', 'tabletop sport', 'bike trailer']",0
"Given product type sunglasses, which of the following product categories best complement the given product type?","['lip moisturizer', 'safety goggles', 'keychain', 'sunless tanner']",1
"Given product type knife, which of the following product categories best complement the given product type?","['umbrella', 'screen shield', 'multi-purpose tool set', 'watch']",2
"Given product type sport target, which of the following product categories best complement the given product type?","['projectile bow', 'sport mitt', 'fitness band', 'elliptical machine']",0
Which of the following product categories best complement the product type weightlifting belt?,"['arm sleeve', 'license plate frames', 'barbell', 'piercing jewelry']",2
"Suppose you have a product type barbell, which of the following types of products do you need to make the best use of it?","['snowshoe', 'audio-video receiver', 'wildlife feeder', 'weightlifting belt']",3
"Suppose you have a product type earring, which of the following types of products do you need to make the best use of it?","['clipboard', 'tripod', 'ring', 'coat']",2
"Suppose you have a product type jewelry set, which of the following types of products do you need to make the best use of it?","['tote bag', 'bracelet', 'bike light', 'internet router']",1
"Given product type water pump, which of the following product categories best complement the given product type?","['winding reel', 'tweezer', 'saw', 'valve']",3
Which of the following product categories best complement the product type valve?,"['sweater', 'water pump', 'electromechanical gauge', 'gaming dice']",1
"Given product type bicycle, which of the following product categories best complement the given product type?","['clipboard', 'sport helmet', 'eyeglass frame', 'skipping rope']",1
"Given product type safety glasses, which of the following product categories best complement the given product type?","['car window shade', 'wheel', 'axe', 'bicycle']",3
"Given product type false nail, which of the following product categories best complement the given product type?","['hair weave', 'wig', 'nail polish', 'sunless tanner']",2
"Suppose you have a product type underpants, which of the following types of products do you need to make the best use of it?","['bra', 'jewelry container', 'skin blemish remover', 'elliptical machine']",0
"Given product type multiport hub, which of the following product categories best complement the given product type?","['luggage strap', 'foam roller', 'electronic device docking station', 'storage box']",2
"Given product type multiport hub, which of the following product categories best complement the given product type?","['outboard engine', 'shampoo', 'monitor', 'tv tuner card']",2
Which of the following product categories best complement the product type electronic wire?,"['monitor', 'electric circuit testing device', 'portable stove', 'swimsuit']",1
"Given product type eyebrow color, which of the following product categories best complement the given product type?","['valve', 'lipstick', 'face serum', 'saw']",1
"Suppose you have a product type mascara, which of the following types of products do you need to make the best use of it?","['shampoo', 'eyebrow color', 'flat screen display mount', 'input-output card']",1
"Suppose you have a product type hat, which of the following types of products do you need to make the best use of it?","['hairband', 'shirt', 'skirt', 'corset']",0
"Given product type animal harness, which of the following product categories best complement the given product type?","['tent', 'hair tie', 'internet router', 'pet clothing']",3
"Suppose you have a product type pet bed mat, which of the following types of products do you need to make the best use of it?","['snowshoe', 'scissors', 'outboard engine', 'leash']",3
Which of the following product categories best complement the product type transport rack?,"['luggage strap', 'tyre cover', 'vehicle cover', 'car window shade']",0
"Suppose you have a product type battery, which of the following types of products do you need to make the best use of it?","['battery charger', 'mouse pad', 'electronic device cover', 'antenna']",0
"Suppose you have a product type light bulb, which of the following types of products do you need to make the best use of it?","['GPS tracker', 'scissors', 'costume mask', 'lamp']",3
"Given product type lamp, which of the following product categories best complement the given product type?","['light fixture', 'fishing rod', 'mechanical bearing', 'tweezer']",0
"Suppose you have a product type shaving agent, which of the following types of products do you need to make the best use of it?","['wallet', 'bedding set', 'razor blade case', 'air pump']",2
"Suppose you have a product type manual shaving razor, which of the following types of products do you need to make the best use of it?","['artificial nail', 'razor blade case', 'nail polish', 'wig']",1
"Suppose you have a product type gun holster, which of the following types of products do you need to make the best use of it?","['bike seat', 'air gun', 'trampoline', 'tabletop sport']",1
Which of the following product categories best complement the product type exercise band?,"['tabletop sport', 'workout mat', 'fishing rod', 'sport fastener']",1
"Suppose you have a product type cycling tire, which of the following types of products do you need to make the best use of it?","['teeth floss', 'label', 'bike seat', 'slipper']",2
Which of the following product categories best complement the product type electronic cable?,"['sunless tanner', 'camcorder', 'electronic adapter', 'toggle switch']",2
Which of the following product categories best complement the product type charging adapter?,"['ice cooler', 'underwears', 'wallet', 'electronic cable']",3
Which of the following product categories best complement the product type power cord?,"['computer case', 'hair tie', 'personal fragrance', 'pepper spray']",0
"Suppose you have a product type electronic cable, which of the following types of products do you need to make the best use of it?","['pencil sharpener', 'input-output card', 'dress', 'capacitor']",1
"Suppose you have a product type skin cleaning agent, which of the following types of products do you need to make the best use of it?","['skin moisturizer', 'lip moisturizer', 'cleaning brush', 'dress']",2
"Given product type towel, which of the following product categories best complement the given product type?","['bed drop', 'cleaning brush', 'bedding set', 'blanket']",1
"Given product type robe, which of the following product categories best complement the given product type?","['swimsuit', 'dress', 'blanket', 'blazer']",1
Which of the following product categories best complement the product type watch band?,"['central processing unit', 'wearable computer', 'electronic wire', 'drawing tablet']",1
"Suppose you have a product type electronic cable, which of the following types of products do you need to make the best use of it?","['costume outfit', 'electronic component fan', 'scissors', 'ice cooler']",1
"Suppose you have a product type electronic cable, which of the following types of products do you need to make the best use of it?","['coat', 'power strip', 'trailer hitch cover', 'emergency kit']",1
Which of the following product categories best complement the product type projection screen?,"['video projector', 'flash memory', 'mouse pad', 'flat screen display mount']",0
"Given product type necktie, which of the following product categories best complement the given product type?","['sweater', 'shirt', 'suit', 'apparel pin']",3
"Given product type input pen, which of the following product categories best complement the given product type?","['computer mouse', 'fabric', 'glitter', 'knife']",0
"Suppose you have a product type pillowcase, which of the following types of products do you need to make the best use of it?","['hair dryer', 'pillow', 'face serum', 'hair dye']",1
"Suppose you have a product type pillowcase, which of the following types of products do you need to make the best use of it?","['storage box', 'car window shade', 'blazer', 'blanket']",3
"Given product type waist pack, which of the following product categories best complement the given product type?","['wallet', 'utility holsters', 'makeup case', 'shoe bag']",1
"Suppose you have a product type camera tripod, which of the following types of products do you need to make the best use of it?","['camera flashlight', 'luminance meter', 'flash memory', 'camera film']",2
Which of the following product categories best complement the product type personal fragrance?,"['DV recorder', 'camera', 'hair curler', 'skin moisturizer']",3
Which of the following product categories best complement the product type personal fragrance?,"['chair', 'overalls', 'body deodorant', 'hair clip']",2
"Suppose you have a product type input mouse, which of the following types of products do you need to make the best use of it?","['cooling fin', 'portable electronic device holder', 'pajamas', 'mechanical bearing']",1
"Suppose you have a product type monitor, which of the following types of products do you need to make the best use of it?","['keychain', 'waist trimmer', 'swimsuit', 'computer mouse']",3
"Suppose you have a product type fishing hook, which of the following types of products do you need to make the best use of it?","['charger adapter', 'tracksuit', 'rangefinder', 'fishing string']",3
"Suppose you have a product type fishing reel, which of the following types of products do you need to make the best use of it?","['steering wheel protector', 'utility cart wagon', 'trailer hitch cover', 'fishing rod']",3
Which of the following product categories best complement the product type fishing line?,"['tunic', 'fishhook', 'photo frame', 'nail polish remover']",1
"Suppose you have a product type electronic cable, which of the following types of products do you need to make the best use of it?","['input pen', 'corset', 'badge holder', 'tracksuit']",0
"Suppose you have a product type input pen, which of the following types of products do you need to make the best use of it?","['mouse pad', 'tablet computer', 'hair dryer', 'tweezer']",1
Which of the following product categories best complement the product type underpants?,"['eye mascara', 'bra', 'skincare mask', 'electromechanical gauge']",1
Which of the following product categories best complement the product type charging adapter?,"['bra', 'astringent substance', 'sheer tights', 'mobile device mount']",3
Which of the following product categories best complement the product type onboard camera?,"['blanket', 'handbag', 'vehicle safety camera', 'flash memory']",3
"Suppose you have a product type hair brush, which of the following types of products do you need to make the best use of it?","['hair curler', 'hair styling agent', 'shampoo', 'hair clip']",1
Which of the following product categories best complement the product type hair brush?,"['topical hair regrowth treatment', 'hair clip', 'comb', 'conditioner']",2
"Suppose you have a product type graphic tablet, which of the following types of products do you need to make the best use of it?","['input pen', 'skirt', 'leotard', 'wind chime']",0
"Given product type safety glasses, which of the following product categories best complement the given product type?","['artificial nail', 'swimsuit', 'air mattress', 'electric motor']",1
"Suppose you have a product type electronic cable, which of the following types of products do you need to make the best use of it?","['electronic adapter', 'badge holder', 'scarf', 'tuner']",0
"Suppose you have a product type charging adapter, which of the following types of products do you need to make the best use of it?","['electronic cable', 'robe', 'blade sharpener', 'shampoo']",0
"Suppose you have a product type leash, which of the following types of products do you need to make the best use of it?","['mechanical bearing', 'bike wheel', 'tuner', 'animal harness']",3
"Given product type blanket, which of the following product categories best complement the given product type?","['bed drop', 'bedding set', 'towel', 'pillow']",3
Which of the following product categories best complement the product type sport bat?,"['sport mitt', 'elliptical machine', 'traction cleat', 'bike seat']",0
"Suppose you have a product type air mattress, which of the following types of products do you need to make the best use of it?","['punching bag', 'tent', 'shoe bag', 'cooling fin']",1
"Given product type air mattress, which of the following product categories best complement the given product type?","['overalls', 'tent', 'vest', 'utility cart wagon']",1
"Suppose you have a product type air mattress, which of the following types of products do you need to make the best use of it?","['sleeping bag', 'printer', 'cabinet', 'furniture cover']",0
"Suppose you have a product type sleeping bag, which of the following types of products do you need to make the best use of it?","['storage rack', 'incontinence protector', 'air mattress', 'table']",2
Which of the following product categories best complement the product type networking router?,"['ring', 'coat hanger', 'antenna', 'television']",2
"Suppose you have a product type face shaping makeup, which of the following types of products do you need to make the best use of it?","['eyebrow color', 'eye mascara', 'eyelid color', 'face powder']",3
"Suppose you have a product type corset, which of the following types of products do you need to make the best use of it?","['tracksuit', 'tie', 'bra', 'sheer tights']",3
"Suppose you have a product type sofa, which of the following types of products do you need to make the best use of it?","['table', 'skirt', 'electric razor', 'body deodorant']",0
"Suppose you have a product type sofa, which of the following types of products do you need to make the best use of it?","['food bib', 'walking stick', 'chair', 'tweezer']",2
"Given product type bicycle light, which of the following product categories best complement the given product type?","['corset', 'drink mat', 'capacitor', 'air pump']",3
Which of the following product categories best complement the product type bicycle light?,"['fitness band', 'sheer tights', 'air pump', 'stool']",2
"Suppose you have a product type bicycle light, which of the following types of products do you need to make the best use of it?","['multi-purpose tool set', 'sport fastener', 'makeup case', 'tuner']",0
"Given product type bicycle light, which of the following product categories best complement the given product type?","['toothbrush head', 'dress', 'spanner', 'bicycle']",3
"Suppose you have a product type skin moisturizer, which of the following types of products do you need to make the best use of it?","['lip moisturizer', 'dress', 'body deodorant', 'blade sharpener']",0
"Suppose you have a product type watch band, which of the following types of products do you need to make the best use of it?","['screen shield', 'sleeping bag', 'coat', 'exercise bike']",0
Which of the following product categories best complement the product type watch?,"['wheel', 'umbrella', 'writing tools', 'watch band']",3
"Given product type axe, which of the following product categories best complement the given product type?","['pest control device', 'anchor stake', 'knife', 'wildlife feeder']",2
Which of the following product categories best complement the product type wall art?,"['animal sleeping pad', 'sport mitt', 'sticker decal', 'manual shaving razor']",2
"Suppose you have a product type storage box, which of the following types of products do you need to make the best use of it?","['portable toolkit', 'bottle', 'jewelry container', 'portable caddy']",3
Which of the following product categories best complement the product type writing instrument?,"['knife', 'wheel', 'pencil sharpener', 'umbrella']",2
"Suppose you have a product type candle, which of the following types of products do you need to make the best use of it?","['electronic wire', 'stapler', 'walking stick', 'banner']",3
"Given product type sunscreen, which of the following product categories best complement the given product type?","['television', 'skin moisturizer', 'car seat', 'hair tie']",1
"Suppose you have a product type astringent substance, which of the following types of products do you need to make the best use of it?","['earplug', 'medicine', 'sunscreen', 'teeth floss']",2
"Given product type skin cleaning agent, which of the following product categories best complement the given product type?","['skin moisturizer', 'candle', 'utility jack', 'electric fan']",0
Which of the following product categories best complement the product type skin treatment mask?,"['headphones', 'elliptical machine', 'sunscreen', 'bracelet']",2
"Suppose you have a product type skateboard, which of the following types of products do you need to make the best use of it?","['sport fastener', 'push scooter', 'knee protector', 'trampoline']",2
Which of the following product categories best complement the product type sport helmet?,"['skateboard', 'trampoline', 'pistol holster', 'bike seat']",0
Which of the following product categories best complement the product type electronic device docking station?,"['remote controller', 'antenna', 'electronic adapter', 'electronic device cover']",2
"Suppose you have a product type electronic adapter, which of the following types of products do you need to make the best use of it?","['walking stick', 'multiport hub', 'tv tuner card', 'portable toolkit']",1
"Suppose you have a product type camera tripod, which of the following types of products do you need to make the best use of it?","['background', 'camera film', 'microphone', 'camera cleaner']",2
"Suppose you have a product type fuel filter, which of the following types of products do you need to make the best use of it?","['spark plug', 'vehicle light assembly', 'car seat', 'vehicle mirror']",0
"Given product type lamp, which of the following product categories best complement the given product type?","['drink mat', 'body strap', 'skipping rope', 'light fixture']",3
Which of the following product categories best complement the product type light bulb?,"['graphics card', 'lamp', 'flat screen display mount', 'shorts']",1
Which of the following product categories best complement the product type charging adapter?,"['screen shield', 'bicycle', 'vest', 'hardware tubing']",0
"Given product type pants, which of the following product categories best complement the given product type?","['bra', 'leotard', 'arm sleeve', 'sweatshirt']",3
Which of the following product categories best complement the product type marking pen?,"['storage binder', 'face shaping makeup', 'leash', 'pet collar']",0
"Suppose you have a product type storage binder, which of the following types of products do you need to make the best use of it?","['writing tools', 'compressed air can', 'badge holder', 'ink fluid']",0
"Given product type flash memory, which of the following product categories best complement the given product type?","['flash drive', 'electronic device docking station', 'remote controller', 'antenna']",0
"Given product type electric circuit testing device, which of the following product categories best complement the given product type?","['undergarment slip', 'dry shampoo', 'spanner', 'push scooter']",2
"Given product type wrench, which of the following product categories best complement the given product type?","['water pump', 'tweezer', 'mechanical clamp vise', 'scissors']",2
Which of the following product categories best complement the product type tv tuner card?,"['power supply unit', 'microphone', 'mainboard', 'central processing unit']",1
"Suppose you have a product type bedding set, which of the following types of products do you need to make the best use of it?","['blanket', 'umbrella', 'bed drop', 'towel']",0
"Given product type av receiver, which of the following product categories best complement the given product type?","['handbag', 'stool', 'electronic cable', 'utility jack']",2
Which of the following product categories best complement the product type electronic cable?,"['luggage rack', 'radio', 'glitter', 'badge holder']",1
Which of the following product categories best complement the product type sleeping bag?,"['BBQ grill', 'swimsuit', 'bike light', 'sleeping mattress']",3
"Given product type skin cleaning agent, which of the following product categories best complement the given product type?","['bathwater additive', 'skin scrub', 'skin cleaning wipe', 'skin moisturizer']",0
"Suppose you have a product type backpack, which of the following types of products do you need to make the best use of it?","['safety strap', 'coat hanger', 'bottle', 'snowshoe']",2
"Given product type backpack, which of the following product categories best complement the given product type?","['tent', 'input-output card', 'lunchbox', 'utility cart wagon']",2
"Given product type electronic component fan, which of the following product categories best complement the given product type?","['pepper spray', 'central processing unit', 'digital photo frame', 'cuff link']",1
Which of the following product categories best complement the product type motherboard?,"['shoe bag', 'eyeglass case', 'central processing unit', 'hair clip']",2
Which of the following product categories best complement the product type hardware handle?,"['bike tyre', 'electronic component fan', 'signage', 'background']",0
"Suppose you have a product type bicycle seat, which of the following types of products do you need to make the best use of it?","['push scooter', 'air pump', 'sport fastener', 'bike tyre']",3
"Given product type hair comb, which of the following product categories best complement the given product type?","['conditioner', 'hair trimmer', 'hairband', 'hair curler']",1
"Given product type jump rope, which of the following product categories best complement the given product type?","['foam roller', 'mp3 audio player', 'suit', 'face powder']",0
"Given product type jump rope, which of the following product categories best complement the given product type?","['electronic wire', 'foam roller', 'bed sheet', 'electromechanical gauge']",1
"Given product type scarf, which of the following product categories best complement the given product type?","['rug', 'skin scrub', 'hat', 'trampoline']",2
"Given product type printer, which of the following product categories best complement the given product type?","['tuner', 'sunless tanner', 'storage binder', 'candle']",2
Which of the following product categories best complement the product type printer?,"['label', 'chair', 'vehicle bag', 'electric razor']",0
Which of the following product categories best complement the product type portable electronic device stand?,"['monitor', 'lipstick', 'sculpture', 'wallet']",0
Which of the following product categories best complement the product type portable electronic device mount?,"['hammock', 'vest', 'decor magnet', 'portable electronic device holder']",3
Which of the following product categories best complement the product type skin exfoliant?,"['wildlife feeder', 'jewelry set', 'skin moisturizer', 'videocassette recorder']",2
"Given product type skin treatment mask, which of the following product categories best complement the given product type?","['input-output card', 'razor blade case', 'thermometer', 'skin scrub']",3
Which of the following product categories best complement the product type vehicle seat cover?,"['license plate frames', 'luggage rack', 'steering wheel protector', 'luggage strap']",2
Which of the following product categories best complement the product type hair clip?,"['hairband', 'hair brush', 'hair styling agent', 'conditioner']",0
"Suppose you have a product type hairband, which of the following types of products do you need to make the best use of it?","['hair styling agent', 'hair tie', 'hair dye', 'shampoo']",1
"Given product type sport helmet, which of the following product categories best complement the given product type?","['sport goal', 'pistol holster', 'rollar skate', 'fishing reel']",2
"Suppose you have a product type roller skate, which of the following types of products do you need to make the best use of it?","['rowing machine', 'biometric monitor', 'sport target', 'knee protector']",3
"Suppose you have a product type traction cleat, which of the following types of products do you need to make the best use of it?","['punching bag', 'snowshoe', 'walking stick', 'biometric monitor']",1
"Suppose you have a product type sunscreen, which of the following types of products do you need to make the best use of it?","['sunless tanner', 'skin scrub', 'face serum', 'skincare mask']",0
"Suppose you have a product type animal harness, which of the following types of products do you need to make the best use of it?","['steering wheel protector', 'pistol holster', 'sport mitt', 'pet clothing']",3
"Given product type portable tool box, which of the following product categories best complement the given product type?","['portable caddy', 'jewelry container', 'saw', 'storage rack']",2
Which of the following product categories best complement the product type saw?,"['multi-purpose tool set', 'portable toolkit', 'water pump', 'scissors']",1
"Suppose you have a product type water pump, which of the following types of products do you need to make the best use of it?","['multi-purpose tool set', 'saw', 'scissors', 'valve']",3
"Suppose you have a product type valve, which of the following types of products do you need to make the best use of it?","['electric circuit testing device', 'mechanical clamp vise', 'microphone', 'topical hair regrowth treatment']",1
Which of the following product categories best complement the product type onboard camera?,"['bottle', 'camera flashlight', 'skin moisturizer', 'vehicle safety camera']",3
"Suppose you have a product type vehicle safety camera, which of the following types of products do you need to make the best use of it?","['animal harness', 'suitcase', 'skirt', 'driving recorder']",3
"Suppose you have a product type rug, which of the following types of products do you need to make the best use of it?","['incontinence protector', 'safety goggles', 'camera protector', 'curtain']",3
Which of the following product categories best complement the product type curtain?,"['rug', 'furniture cover', 'table', 'decor magnet']",0
Which of the following product categories best complement the product type transport rack?,"['luggage strap', 'steering wheel protector', 'utility jack', 'car window shade']",0
"Given product type tarp, which of the following product categories best complement the given product type?","['clock', 'luggage strap', 'coat hanger', 'drink mat']",1
"Suppose you have a product type fishing rod, which of the following types of products do you need to make the best use of it?","['bathwater additive', 'animal sleeping pad', 'driving recorder', 'fishhook']",3
"Given product type fishing hook, which of the following product categories best complement the given product type?","['fishing reel', 'power strip', 'trampoline', 'electric razor']",0
"Suppose you have a product type conditioner, which of the following types of products do you need to make the best use of it?","['hair tie', 'comb', 'hair styling agent', 'hair clip']",2
Which of the following product categories best complement the product type hair coloring agent?,"['hair curler', 'hair clip', 'skin cleanser', 'topical hair regrowth treatment']",2
"Suppose you have a product type skin cleaning agent, which of the following types of products do you need to make the best use of it?","['shampoo', 'skin scrub', 'sunscreen', 'skin cleaning wipe']",0
"Given product type tarp, which of the following product categories best complement the given product type?","['timer', 'mechanical lighter', 'utility cart wagon', 'anchor stake']",3
"Given product type wallet, which of the following product categories best complement the given product type?","['shoe bag', 'bottle', 'duffel bag', 'makeup case']",1
"Given product type meal holder, which of the following product categories best complement the given product type?","['handbag', 'scissors', 'blade sharpener', 'bike tyre']",0
"Suppose you have a product type gun holster, which of the following types of products do you need to make the best use of it?","['trampoline', 'air pump', 'walking stick', 'utility holsters']",3
"Given product type exercise band, which of the following product categories best complement the given product type?","['golf bag', 'pistol holster', 'skipping rope', 'tabletop sport']",2
"Given product type jump rope, which of the following product categories best complement the given product type?","['piercing jewelry', 'bike basket', 'bike wheel', 'fitness band']",3
"Given product type jump rope, which of the following product categories best complement the given product type?","['portable electronic device holder', 'book', 'storage rack', 'workout mat']",3
"Suppose you have a product type exercise mat, which of the following types of products do you need to make the best use of it?","['toothbrush', 'skipping rope', 'waist pack', 'bra']",1
"Suppose you have a product type hair styling agent, which of the following types of products do you need to make the best use of it?","['hair tie', 'hair brush', 'hair clip', 'hairband']",1
"Suppose you have a product type hair styling agent, which of the following types of products do you need to make the best use of it?","['hair dye', 'hair curler', 'comb', 'hairband']",0
"Given product type hair iron, which of the following product categories best complement the given product type?","['nail dryer', 'dental water flosser', 'skin blemish remover', 'hair dryer']",3
"Given product type utility holster pouch, which of the following product categories best complement the given product type?","['water sports suit', 'multi-purpose tool set', 'sport fastener', 'sport bat']",1
"Given product type golf club, which of the following product categories best complement the given product type?","['sonar fathometer', 'golf bag', 'fitness band', 'buoyancy device']",1
"Suppose you have a product type electric shaver, which of the following types of products do you need to make the best use of it?","['nail dryer', 'hair dryer', 'hair iron', 'hair trimmer']",3
"Given product type trash can, which of the following product categories best complement the given product type?","['shaving brush', 'electric razor', 'cleaning brush', 'signage']",2
Which of the following product categories best complement the product type vehicle interior shade?,"['tyre cover', 'steering wheel protector', 'utility jack', 'trailer hitch cover']",1
"Suppose you have a product type vehicle interior shade, which of the following types of products do you need to make the best use of it?","['luggage rack', 'trailer hitch cover', 'steering wheel protector', 'license plate frames']",2
"Given product type knife, which of the following product categories best complement the given product type?","['watch', 'umbrella', 'blade sharpener', 'wheel']",2
Which of the following product categories best complement the product type weightlifting belt?,"['barbell', 'modem', 'towel', 'electronic component fan']",0
Which of the following product categories best complement the product type nail polish?,"['hair weave', 'sunless tanner', 'artificial nail', 'nail polish remover']",2
"Given product type earmuff, which of the following product categories best complement the given product type?","['clasp', 'earplug', 'eyeglass case', 'body strap']",1
"Given product type exercise band, which of the following product categories best complement the given product type?","['sport target', 'workout mat', 'biometric monitor', 'air pump']",1
"Given product type sport helmet, which of the following product categories best complement the given product type?","['knee protector', 'air pump', 'buoyancy device', 'sport goal']",0
Which of the following product categories best complement the product type sport helmet?,"['push scooter', 'rollar skate', 'punching bag', 'sweatband']",1
"Suppose you have a product type caddy, which of the following types of products do you need to make the best use of it?","['portable toolkit', 'portable electronic device holder', 'jewelry container', 'storage box']",1
"Given product type antenna, which of the following product categories best complement the given product type?","['audio-video receiver', 'electronic device docking station', 'mouse pad', 'power converter']",0
"Given product type body strap, which of the following product categories best complement the given product type?","['clothing belt', 'eyeglass case', 'suspender', 'clasp']",1
"Suppose you have a product type power cord, which of the following types of products do you need to make the best use of it?","['tripod', 'utility cart wagon', 'power strip', 'cuff link']",2
"Given product type power cord, which of the following product categories best complement the given product type?","['bathwater additive', 'book', 'tunic', 'power strip']",3
Which of the following product categories best complement the product type cosmetic powder?,"['GPS tracker', 'DV recorder', 'camera flashlight', 'eye mascara']",3
"Given product type mascara, which of the following product categories best complement the given product type?","['magnifier', 'modem', 'pet collar', 'lipstick']",3
Which of the following product categories best complement the product type blanket?,"['bed drop', 'pillow', 'bed sheet', 'bedding set']",3
"Suppose you have a product type bedding set, which of the following types of products do you need to make the best use of it?","['bed drop', 'blanket', 'pillow', 'towel']",1
Which of the following product categories best complement the product type camera support?,"['background', 'camera cleaner', 'flash memory', 'camera flashlight']",2
"Suppose you have a product type camera support, which of the following types of products do you need to make the best use of it?","['background', 'luminance meter', 'camera cleaner', 'flash memory']",3
"Given product type hairband, which of the following product categories best complement the given product type?","['sweatband', 'hair curler', 'comb', 'hair clip']",0
Which of the following product categories best complement the product type radar detector?,"['drawing tablet', 'sport target', 'input-output card', 'driving recorder']",3
"Suppose you have a product type water flotation device, which of the following types of products do you need to make the best use of it?","['push scooter', 'tabletop sport', 'traction cleat', 'swimsuit']",3
"Suppose you have a product type gift wrap, which of the following types of products do you need to make the best use of it?","['water sports suit', 'printer', 'battery', 'computer mouse']",1
"Suppose you have a product type gift wrap, which of the following types of products do you need to make the best use of it?","['printer', 'bed sheet', 'eyebrow color', 'hardware knob']",0
"Given product type eyebrow color, which of the following product categories best complement the given product type?","['eyelid color', 'face powder', 'lipstick', 'eye mascara']",0
"Given product type tweezer, which of the following product categories best complement the given product type?","['mechanical clamp vise', 'eyelid color', 'spanner', 'water pump']",1
"Suppose you have a product type leotard, which of the following types of products do you need to make the best use of it?","['sheer tights', 'shorts', 'food bib', 'hat']",0
Which of the following product categories best complement the product type skirt?,"['sweater', 'sheer tights', 'shorts', 'food bib']",1
Which of the following product categories best complement the product type hair trimmer?,"['hair iron', 'electric razor', 'nail dryer', 'comb']",3
Which of the following product categories best complement the product type camera support?,"['camera cleaner', 'background', 'tripod', 'camera film']",2
Which of the following product categories best complement the product type camera tripod?,"['camera flashlight', 'flash memory', 'camera protector', 'camera film']",1
"Suppose you have a product type cosmetic powder, which of the following types of products do you need to make the best use of it?","['sunless tanner', 'face shaping makeup', 'drink mat', 'label']",1
Which of the following product categories best complement the product type mascara?,"['hair dye', 'car seat', 'disk drive', 'lipstick']",3
"Suppose you have a product type battery, which of the following types of products do you need to make the best use of it?","['flash memory', 'battery charger', 'cord management cover', 'projector screen']",1
"Given product type signage, which of the following product categories best complement the given product type?","['wall decor', 'toothbrush head', 'mouse pad', 'sport bat']",0
Which of the following product categories best complement the product type projection screen?,"['video projector', 'electronic device cover', 'flat screen display mount', 'power converter']",0
"Suppose you have a product type sport helmet, which of the following types of products do you need to make the best use of it?","['golf bag', 'sweatband', 'sport racket', 'hat']",3
Which of the following product categories best complement the product type coat?,"['sport helmet', 'skirt', 'blazer', 'overalls']",0
"Suppose you have a product type toy figure, which of the following types of products do you need to make the best use of it?","['blazer', 'sculpture', 'topical hair regrowth treatment', 'anchor stake']",1
"Given product type toy figure, which of the following product categories best complement the given product type?","['hanging decoration', 'teeth floss', 'animal sleeping pad', 'digital photo frame']",0
"Suppose you have a product type digital video recorder, which of the following types of products do you need to make the best use of it?","['camcorder', 'video projector', 'videocassette recorder', 'surveillance camera']",3
Which of the following product categories best complement the product type candle?,"['handbag', 'banner', 'gaming dice', 'sunless tanner']",1
"Given product type candle, which of the following product categories best complement the given product type?","['multi-purpose tool set', 'banner', 'internet router', 'body deodorant']",1
Which of the following product categories best complement the product type necktie?,"['suspender', 'coat', 'shorts', 'food bib']",0
Which of the following product categories best complement the product type skin moisturizer?,"['scissors', 'face serum', 'weigh scale', 'hair dye']",1
Which of the following product categories best complement the product type skin treatment mask?,"['fishing reel', 'skin scrub', 'leotard', 'luggage rack']",1
Which of the following product categories best complement the product type sweatshirt?,"['necklace', 'coat', 'sacco chair', 'decor magnet']",1
"Given product type coat, which of the following product categories best complement the given product type?","['leotard', 'tie', 'shoes', 'vest']",2
"Given product type skin serum, which of the following product categories best complement the given product type?","['skincare mask', 'pet clothing', 'shampoo', 'writing tools']",0
"Given product type skin moisturizer, which of the following product categories best complement the given product type?","['vehicle cover', 'saw', 'biometric monitor', 'skincare mask']",3
"Suppose you have a product type earplug, which of the following types of products do you need to make the best use of it?","['astringent substance', 'foam roller', 'toothbrush head', 'ear cover']",3
Which of the following product categories best complement the product type sport racket?,"['buoyancy device', 'punching bag', 'tabletop sport', 'sonar fathometer']",2
"Given product type bicycle light, which of the following product categories best complement the given product type?","['food bib', 'bike seat', 'surveillance camera', 'foam roller']",1
Which of the following product categories best complement the product type bicycle seat?,"['golf club', 'bike light', 'sport mitt', 'golf bag']",1
"Given product type costume outfit, which of the following product categories best complement the given product type?","['writing tools', 'shirt', 'elliptical machine', 'banner']",1
"Given product type skirt, which of the following product categories best complement the given product type?","['suit', 'leotard', 'shorts', 'pants']",1
"Given product type golf club, which of the following product categories best complement the given product type?","['golf bag', 'water sports suit', 'walking stick', 'rangefinder']",0
"Suppose you have a product type flash drive, which of the following types of products do you need to make the best use of it?","['apparel pin', 'flash memory', 'coat', 'electromechanical gauge']",1
"Given product type flash memory, which of the following product categories best complement the given product type?","['flat screen display mount', 'remote controller', 'electronic device cover', 'flash drive']",3
"Given product type knife sharpener, which of the following product categories best complement the given product type?","['knife', 'winding reel', 'bed sheet', 'sleeping bag']",0
"Suppose you have a product type electronic cable, which of the following types of products do you need to make the best use of it?","['screen shield', 'undergarment slip', 'dry shampoo', 'headphones']",3
"Suppose you have a product type headphones, which of the following types of products do you need to make the best use of it?","['charger adapter', 'integrated stereo system', 'tuner', 'mp3 audio player']",0
"Suppose you have a product type dress, which of the following types of products do you need to make the best use of it?","['vest', 'corset', 'robe', 'tracksuit']",3
Which of the following product categories best complement the product type track suit?,"['shorts', 'sweatshirt', 'coat', 'pants']",1
Which of the following product categories best complement the product type toggle switch?,"['light fixture', 'exercise bike', 'animal harness', 'vehicle light assembly']",3
"Given product type handbag, which of the following product categories best complement the given product type?","['vest', 'suit', 'skirt', 'suitcase']",3
"Given product type shoe bag, which of the following product categories best complement the given product type?","['audio-video receiver', 'flash memory', 'car seat', 'tote bag']",3
"Given product type underpants, which of the following product categories best complement the given product type?","['stool', 'traction cleat', 'shaving foam', 'pajamas']",3
"Given product type pajamas, which of the following product categories best complement the given product type?","['sculpture', 'sheer tights', 'towel', 'lip moisturizer']",1
"Suppose you have a product type temporary tattoo, which of the following types of products do you need to make the best use of it?","['manual shaving razor', 'shaving brush', 'nail polish', 'writing tools']",3
Which of the following product categories best complement the product type liquid ink?,"['writing tools', 'pencil sharpener', 'badge holder', 'stapler']",0
Which of the following product categories best complement the product type table?,"['bike basket', 'spanner', 'makeup case', 'chair']",3
"Suppose you have a product type chair, which of the following types of products do you need to make the best use of it?","['book', 'body deodorant', 'flash memory', 'table']",3
"Given product type bathwater additive, which of the following product categories best complement the given product type?","['foam roller', 'emergency kit', 'earplug', 'water pump']",3
Which of the following product categories best complement the product type hardware tubing?,"['table', 'bathwater additive', 'sport racket', 'tabletop sport']",1
"Suppose you have a product type electronic device skin, which of the following types of products do you need to make the best use of it?","['satellite receiver', 'remote controller', 'flash memory', 'electronic device docking station']",0
"Given product type spark plug, which of the following product categories best complement the given product type?","['vehicle light assembly', 'fuel filter', 'battery charger', 'vehicle mirror']",2
"Given product type table, which of the following product categories best complement the given product type?","['driving recorder', 'shoes', 'stool', 'toggle switch']",2
"Given product type chair, which of the following product categories best complement the given product type?","['audio recorder', 'foam roller', 'trampoline', 'table']",3
"Given product type sweatshirt, which of the following product categories best complement the given product type?","['shirt', 'modem', 'rangefinder', 'vehicle brake disc']",0
"Given product type costume outfit, which of the following product categories best complement the given product type?","['pillowcase', 'skin blemish remover', 'mp3 audio player', 'coat']",3
"Suppose you have a product type vehicle brake pad, which of the following types of products do you need to make the best use of it?","['spark plug', 'vehicle mirror', 'vehicle light assembly', 'car seat']",0
"Given product type pet bed mat, which of the following product categories best complement the given product type?","['hair weave', 'pet clothing', 'portable electronic device holder', 'sunscreen']",1
Which of the following product categories best complement the product type eyelid color?,"['signage', 'hair trimmer', 'watch band', 'lipstick']",3
"Given product type lip balm, which of the following product categories best complement the given product type?","['eyebrow color', 'skin scrub', 'skin cleanser', 'skin cleaning wipe']",0
Which of the following product categories best complement the product type monitor?,"['winding reel', 'graphics card', 'clothing belt', 'nail polish remover']",1
"Given product type video card, which of the following product categories best complement the given product type?","['incontinence protector', 'remote controller', 'bike trailer', 'electronic component fan']",3
Which of the following product categories best complement the product type input mouse?,"['tablet computer', 'videocassette recorder', 'electric fan', 'mechanical lighter']",0
Which of the following product categories best complement the product type tablet computer?,"['saw', 'lip moisturizer', 'input pen', 'storage rack']",2
"Given product type mouse pad, which of the following product categories best complement the given product type?","['computer mouse', 'electronic device docking station', 'cord management cover', 'electronic device cover']",0
"Suppose you have a product type input mouse, which of the following types of products do you need to make the best use of it?","['headphones', 'hat', 'spanner', 'mobile device mount']",0
"Given product type knife, which of the following product categories best complement the given product type?","['umbrella', 'writing tools', 'scissors', 'watch']",2
"Given product type knife, which of the following product categories best complement the given product type?","['screen shield', 'watch', 'writing tools', 'pencil sharpener']",3
"Suppose you have a product type knee pad, which of the following types of products do you need to make the best use of it?","['headphones', 'power converter', 'storage box', 'boxing glove']",3
"Suppose you have a product type vest, which of the following types of products do you need to make the best use of it?","['arm sleeve', 'skirt', 'hat', 'knee protector']",3
Which of the following product categories best complement the product type boxing glove?,"['knee protector', 'water sports suit', 'projectile bow', 'costume mask']",0
Which of the following product categories best complement the product type camera flash?,"['luminance meter', 'camera cleaner', 'background', 'tripod']",3
"Given product type camera flash, which of the following product categories best complement the given product type?","['background', 'body strap', 'camera film', 'camera cleaner']",1
Which of the following product categories best complement the product type material handling truck?,"['tarpaulin', 'timer', 'push scooter', 'mechanical lighter']",2
"Suppose you have a product type material handling truck, which of the following types of products do you need to make the best use of it?","['coat hanger', 'push scooter', 'tarpaulin', 'sculpture']",1
"Suppose you have a product type marking pen, which of the following types of products do you need to make the best use of it?","['pet clothing', 'input-output card', 'mainboard', 'writing tools']",3
"Suppose you have a product type pajamas, which of the following types of products do you need to make the best use of it?","['sport goal', 'skirt', 'leash', 'remote controller']",1
Which of the following product categories best complement the product type costume outfit?,"['shampoo', 'winding reel', 'wig', 'fishing rod']",2
"Given product type watch band, which of the following product categories best complement the given product type?","['electronic component fan', 'shorts', 'watch', 'fuel filter']",2
"Given product type tights, which of the following product categories best complement the given product type?","['power cable', 'shirt', 'wildlife feeder', 'mess kit']",1
"Suppose you have a product type knife, which of the following types of products do you need to make the best use of it?","['blade sharpener', 'watch', 'wheel', 'umbrella']",0
"Given product type traction cleat, which of the following product categories best complement the given product type?","['elliptical machine', 'tabletop sport', 'axe', 'rangefinder']",2
"Given product type video disc player, which of the following product categories best complement the given product type?","['satellite receiver', 'camcorder', 'television', 'DV recorder']",2
Which of the following product categories best complement the product type pillowcase?,"['luggage rack', 'headphones', 'curtain', 'non-permanent tatttoo']",2
"Suppose you have a product type pillow, which of the following types of products do you need to make the best use of it?","['curtain', 'bed drop', 'blanket', 'towel']",0
Which of the following product categories best complement the product type nail polish remover?,"['razor blade case', 'sunless tanner', 'shaving brush', 'artificial nail']",3
"Given product type nail polish, which of the following product categories best complement the given product type?","['hair weave', 'artificial nail', 'non-permanent tatttoo', 'wig']",1
Which of the following product categories best complement the product type skin moisturizer?,"['body deodorant', 'camera', 'mechanical bearing', 'sleeping bag']",0
"Suppose you have a product type skin moisturizer, which of the following types of products do you need to make the best use of it?","['bracelet', 'hammock', 'skin cleanser', 'power cable']",2
Which of the following product categories best complement the product type boxing glove?,"['knee protector', 'sweatband', 'utility cart wagon', 'tripod']",0
"Given product type shorts, which of the following product categories best complement the given product type?","['robe', 'slipper', 'food bib', 'bra']",1
"Suppose you have a product type shirt, which of the following types of products do you need to make the best use of it?","['blazer', 'swimsuit', 'slipper', 'food bib']",2
Which of the following product categories best complement the product type winding reel?,"['saw', 'multi-purpose tool set', 'mechanical clamp vise', 'hardware tubing']",3
Which of the following product categories best complement the product type winding reel?,"['saw', 'water pump', 'multi-purpose tool set', 'valve']",3
Which of the following product categories best complement the product type bedding set?,"['fitness band', 'hair brush', 'blanket', 'home mirror']",2
"Given product type blanket, which of the following product categories best complement the given product type?","['suitcase', 'pillowcase', 'mp3 audio player', 'banner']",1
Which of the following product categories best complement the product type conditioner?,"['hair curler', 'comb', 'topical hair regrowth treatment', 'dry shampoo']",3
"Given product type hair styling agent, which of the following product categories best complement the given product type?","['topical hair regrowth treatment', 'hair dye', 'dry shampoo', 'comb']",2
"Suppose you have a product type memory card reader, which of the following types of products do you need to make the best use of it?","['animal harness', 'flash memory', 'lunchbox', 'tote bag']",1
"Suppose you have a product type memory card reader, which of the following types of products do you need to make the best use of it?","['body strap', 'mechanical lighter', 'electronic device cover', 'flash memory']",3
"Given product type portable stove, which of the following product categories best complement the given product type?","['printer', 'tent', 'flat screen display mount', 'bike light']",1
"Suppose you have a product type tent, which of the following types of products do you need to make the best use of it?","['sport bat', 'mess kit', 'wiring assembly', 'fishing string']",1
Which of the following product categories best complement the product type stool seating?,"['suit', 'water pump', 'charm', 'chair']",3
Which of the following product categories best complement the product type table?,"['portable caddy', 'electronic adapter', 'headphones', 'stool']",3
"Given product type monitor, which of the following product categories best complement the given product type?","['tablet computer', 'electronic device docking station', 'clipboard', 'elliptical machine']",1
Which of the following product categories best complement the product type camera tripod?,"['camera flashlight', 'camera cleaner', 'luminance meter', 'camera support']",3
"Suppose you have a product type hardware handle, which of the following types of products do you need to make the best use of it?","['multi-purpose tool set', 'vehicle mirror', 'hammock', 'saw']",1
Which of the following product categories best complement the product type vehicle light assembly?,"['car seat', 'steering wheel', 'vehicle brake disc', 'vehicle mirror']",3
"Given product type storage rack, which of the following product categories best complement the given product type?","['jewelry container', 'storage box', 'portable toolkit', 'portable caddy']",1
Which of the following product categories best complement the product type vehicle interior shade?,"['car seat cover', 'tyre cover', 'luggage rack', 'trailer hitch cover']",2
"Given product type portable video disc player, which of the following product categories best complement the given product type?","['hair dye', 'face shaping makeup', 'cleaning brush', 'e-book reader']",3
"Suppose you have a product type chair, which of the following types of products do you need to make the best use of it?","['workout mat', 'cabinet', 'hair weave', 'leash']",1
"Suppose you have a product type cabinet, which of the following types of products do you need to make the best use of it?","['blade sharpener', 'cuff link', 'audio card', 'chair']",3
"Given product type mouthwash, which of the following product categories best complement the given product type?","['teeth floss', 'earplug', 'emergency kit', 'foam roller']",0
"Given product type dental floss, which of the following product categories best complement the given product type?","['bathwater additive', 'mouthwash', 'medicine', 'emergency kit']",1
"Suppose you have a product type electronic component fan, which of the following types of products do you need to make the best use of it?","['cooling fin', 'snowshoe', 'videocassette recorder', 'wind chime']",0
"Given product type ladder, which of the following product categories best complement the given product type?","['drink mat', 'cleaning brush', 'trampoline', 'magnifier']",2
"Given product type anchor stake, which of the following product categories best complement the given product type?","['freestanding shelter', 'axe', 'pest control device', 'trampoline']",3
"Given product type wallet, which of the following product categories best complement the given product type?","['suitcase', 'duffel bag', 'shoe bag', 'handbag']",3
"Given product type backpack, which of the following product categories best complement the given product type?","['sweater', 'water pump', 'wallet', 'suspender']",2
"Given product type manual shaving razor, which of the following product categories best complement the given product type?","['nail polish remover', 'artificial nail', 'razor blade case', 'shaving brush']",2
"Suppose you have a product type manual shaving razor, which of the following types of products do you need to make the best use of it?","['nail polish', 'nail polish remover', 'razor blade case', 'non-permanent tatttoo']",2
Which of the following product categories best complement the product type pet apparel?,"['utility jack', 'GPS tracker', 'microphone', 'animal harness']",3
Which of the following product categories best complement the product type vehicle cover?,"['luggage strap', 'steering wheel protector', 'car window shade', 'car seat']",3
Which of the following product categories best complement the product type table?,"['lamp', 'safety strap', 'marker', 'body deodorant']",0
"Given product type lamp, which of the following product categories best complement the given product type?","['fishing rod', 'barbell', 'table', 'remote controller']",2
Which of the following product categories best complement the product type multiport hub?,"['steering wheel protector', 'storage box', 'monitor', 'video projector']",2
Which of the following product categories best complement the product type electronic device docking station?,"['monitor', 'projector screen', 'cord management cover', 'remote controller']",0
"Suppose you have a product type conditioner, which of the following types of products do you need to make the best use of it?","['topical hair regrowth treatment', 'shampoo', 'hair curler', 'hair brush']",1
"Suppose you have a product type conditioner, which of the following types of products do you need to make the best use of it?","['hair brush', 'hair styling agent', 'comb', 'hair tie']",1
Which of the following product categories best complement the product type camera support?,"['camera flashlight', 'camera protector', 'background', 'camera']",3
"Given product type photographic film, which of the following product categories best complement the given product type?","['camera flashlight', 'luminance meter', 'camera', 'camera cleaner']",2
"Given product type sonar fathometer, which of the following product categories best complement the given product type?","['outboard engine', 'trampoline', 'golf club', 'sport bat']",0
"Suppose you have a product type camera support, which of the following types of products do you need to make the best use of it?","['camcorder', 'camera cleaner', 'camera film', 'luminance meter']",0
Which of the following product categories best complement the product type camera support?,"['background', 'camera flashlight', 'tripod', 'camera cleaner']",2
"Given product type golf club bag, which of the following product categories best complement the given product type?","['air pump', 'pistol holster', 'biometric monitor', 'golf club']",3
"Given product type pet apparel, which of the following product categories best complement the given product type?","['tarpaulin', 'electric fan', 'leash', 'cord management cover']",2
"Suppose you have a product type leash, which of the following types of products do you need to make the best use of it?","['lip moisturizer', 'bottle', 'electric fan', 'animal sleeping pad']",3
"Given product type fuel filter, which of the following product categories best complement the given product type?","['spark plug', 'vehicle mirror', 'car seat', 'vehicle light assembly']",0
Which of the following product categories best complement the product type eyelid color?,"['surveillance camera', 'tarpaulin', 'teeth floss', 'face powder']",3
"Suppose you have a product type mascara, which of the following types of products do you need to make the best use of it?","['videocassette recorder', 'skin moisturizer', 'clock', 'ink fluid']",1
Which of the following product categories best complement the product type camera support?,"['background', 'camera cleaner', 'camera protector', 'camera film']",0
Which of the following product categories best complement the product type backdrop?,"['luminance meter', 'camera cleaner', 'camera film', 'tripod']",3
"Suppose you have a product type label, which of the following types of products do you need to make the best use of it?","['stapler', 'sticker decal', 'bulletin board', 'clipboard']",1
Which of the following product categories best complement the product type fuel filter?,"['steering wheel', 'vehicle brake disc', 'vehicle light assembly', 'spark plug']",3
"Suppose you have a product type manual shaving razor, which of the following types of products do you need to make the best use of it?","['razor blade case', 'shaving brush', 'hair removal agent', 'sunless tanner']",2
"Given product type necklace, which of the following product categories best complement the given product type?","['bracelet', 'apparel pin', 'earring', 'ring']",0
"Suppose you have a product type charm, which of the following types of products do you need to make the best use of it?","['apparel pin', 'jewelry set', 'bracelet', 'earring']",2
Which of the following product categories best complement the product type sport racket?,"['sonar fathometer', 'golf club', 'sport target', 'projectile bow']",1
"Given product type electronic cable, which of the following product categories best complement the given product type?","['disk drive', 'handbag', 'shirt', 'computer mouse']",3
"Given product type computer processor, which of the following product categories best complement the given product type?","['cooling fin', 'computer mouse', 'personal fragrance', 'bike tyre']",1
Which of the following product categories best complement the product type bracelet?,"['piercing jewelry', 'apparel pin', 'ring', 'jewelry set']",2
Which of the following product categories best complement the product type earring?,"['jewelry set', 'cuff link', 'bracelet', 'apparel pin']",2
Which of the following product categories best complement the product type waist cincher?,"['wearable computer', 'corset', 'leotard', 'exercise bike']",2
"Given product type leotard, which of the following product categories best complement the given product type?","['tie', 'undergarment slip', 'shirt', 'pants']",1
Which of the following product categories best complement the product type screen protector?,"['electronic device cover', 'wheel', 'umbrella', 'writing tools']",0
"Given product type sweater, which of the following product categories best complement the given product type?","['tracksuit', 'suit', 'shirt', 'swimsuit']",2
Which of the following product categories best complement the product type tunic?,"['record player', 'curtain', 'buoyancy device', 'shirt']",3
"Given product type pants, which of the following product categories best complement the given product type?","['hat', 'coat', 'sweater', 'shorts']",1
"Suppose you have a product type wrench, which of the following types of products do you need to make the best use of it?","['portable toolkit', 'saw', 'winding reel', 'multi-purpose tool set']",0
"Suppose you have a product type leash, which of the following types of products do you need to make the best use of it?","['pet collar', 'shoes', 'vehicle bag', 'tabletop game']",0
Which of the following product categories best complement the product type sport table game?,"['projectile bow', 'snowshoe', 'sport racket', 'skateboard']",2
"Suppose you have a product type bottle, which of the following types of products do you need to make the best use of it?","['water cup', 'portable caddy', 'jewelry container', 'storage box']",0
"Given product type hair trimmer, which of the following product categories best complement the given product type?","['skin blemish remover', 'toothbrush', 'hair iron', 'electric razor']",2
"Suppose you have a product type hair iron, which of the following types of products do you need to make the best use of it?","['hair trimmer', 'nail dryer', 'electric razor', 'dental water flosser']",0
Which of the following product categories best complement the product type system power device?,"['cord management cover', 'central processing unit', 'camera flashlight', 'elliptical machine']",1
"Suppose you have a product type motherboard, which of the following types of products do you need to make the best use of it?","['digital photo frame', 'central processing unit', 'wall decor', 'projectile bow']",1
"Suppose you have a product type sunscreen, which of the following types of products do you need to make the best use of it?","['lip moisturizer', 'skin cleaning wipe', 'face serum', 'skincare mask']",2
Which of the following product categories best complement the product type skin cleaning agent?,"['skin scrub', 'face serum', 'skin cleaning wipe', 'skincare mask']",1
"Given product type storage rack, which of the following product categories best complement the given product type?","['jewelry container', 'portable caddy', 'storage box', 'bottle']",1
"Given product type sunglasses, which of the following product categories best complement the given product type?","['safety goggles', 'telescope', 'valve', 'pants']",0
Which of the following product categories best complement the product type exercise band?,"['elliptical machine', 'utility holsters', 'golf club', 'rollar skate']",0
"Given product type elliptical trainer, which of the following product categories best complement the given product type?","['sport target', 'workout mat', 'sport goal', 'utility holsters']",1
"Suppose you have a product type sweater, which of the following types of products do you need to make the best use of it?","['shirt', 'suit', 'vest', 'arm sleeve']",0
"Suppose you have a product type dress, which of the following types of products do you need to make the best use of it?","['blazer', 'tie', 'bra', 'pants']",3
"Suppose you have a product type candle, which of the following types of products do you need to make the best use of it?","['timer', 'mechanical lighter', 'luminance meter', 'nail polish remover']",1
"Given product type video card, which of the following product categories best complement the given product type?","['blade sharpener', 'arm sleeve', 'lipstick', 'power supply unit']",3
"Suppose you have a product type electronic component fan, which of the following types of products do you need to make the best use of it?","['foam roller', 'blanket', 'computer case', 'camcorder']",2
"Suppose you have a product type blanket, which of the following types of products do you need to make the best use of it?","['slipper', 'bedding set', 'bed sheet', 'pillow']",0
Which of the following product categories best complement the product type towel?,"['bedding set', 'bed sheet', 'bed drop', 'blanket']",3
"Suppose you have a product type vehicle interior shade, which of the following types of products do you need to make the best use of it?","['utility jack', 'steering wheel protector', 'luggage strap', 'vehicle mirror']",3
Which of the following product categories best complement the product type vehicle cover?,"['vehicle mirror', 'tyre cover', 'license plate frames', 'luggage rack']",0
Which of the following product categories best complement the product type knife sharpener?,"['saw', 'artificial nail', 'headphones', 'fuel filter']",0
Which of the following product categories best complement the product type radio?,"['audio recorder', 'tuner', 'headphones', 'antenna']",3
"Given product type exercise mat, which of the following product categories best complement the given product type?","['power strip', 'exercise bike', 'sport fastener', 'nail polish']",1
"Given product type wallet, which of the following product categories best complement the given product type?","['waist pack', 'duffel bag', 'keychain', 'suitcase']",2
Which of the following product categories best complement the product type monitor?,"['mobile device mount', 'power converter', 'carpets', 'cord management cover']",3
"Given product type cord management cover, which of the following product categories best complement the given product type?","['power converter', 'electronic device cover', 'flash memory', 'flat screen display mount']",3
Which of the following product categories best complement the product type earring?,"['razor blade case', 'mechanical bearing', 'dress', 'bracelet']",3
Which of the following product categories best complement the product type earring?,"['audio recorder', 'fishing string', 'skin cleanser', 'ring']",3
Which of the following product categories best complement the product type shirt?,"['tracksuit', 'swimsuit', 'arm sleeve', 'dress']",3
Which of the following product categories best complement the product type underpants?,"['water pump', 'sweater', 'projectile bow', 'mechanical lighter']",1
Which of the following product categories best complement the product type cycling tire?,"['watch', 'air pump', 'leotard', 'portable DVD player']",1
Which of the following product categories best complement the product type lock?,"['sunless tanner', 'clipboard', 'hardware knob', 'portable electronic device holder']",2
"Suppose you have a product type camera support, which of the following types of products do you need to make the best use of it?","['camera film', 'tripod', 'camera flashlight', 'camera protector']",1
"Suppose you have a product type camera support, which of the following types of products do you need to make the best use of it?","['camcorder', 'camera film', 'luminance meter', 'camera flashlight']",0
"Given product type shampoo, which of the following product categories best complement the given product type?","['hair dye', 'hair tie', 'hair clip', 'hair styling agent']",3
Which of the following product categories best complement the product type shampoo?,"['hair clip', 'hair tie', 'hairband', 'hair styling agent']",3
"Given product type sweatshirt, which of the following product categories best complement the given product type?","['bike wheel', 'water sports suit', 'golf bag', 'tracksuit']",3
Which of the following product categories best complement the product type tarp?,"['sculpture', 'portable stove', 'cleaning brush', 'clock']",1
"Suppose you have a product type mess kit, which of the following types of products do you need to make the best use of it?","['conditioner', 'sport helmet', 'portable stove', 'pest control device']",2
Which of the following product categories best complement the product type wall art?,"['eyeglass case', 'photo frame', 'charm', 'pet collar']",1
"Suppose you have a product type label, which of the following types of products do you need to make the best use of it?","['writing tools', 'stapler', 'storage binder', 'badge holder']",0
Which of the following product categories best complement the product type microphone?,"['audio recorder', 'radio', 'record player', 'headphones']",0
"Given product type shirt, which of the following product categories best complement the given product type?","['tie', 'shorts', 'skirt', 'swimsuit']",1
Which of the following product categories best complement the product type sweater?,"['shorts', 'blazer', 'arm sleeve', 'swimsuit']",0
"Suppose you have a product type air mattress, which of the following types of products do you need to make the best use of it?","['pet collar', 'sculpture', 'drink mat', 'tent']",3
Which of the following product categories best complement the product type air mattress?,"['bike basket', 'audio recorder', 'sleeping bag', 'coffee machine']",2
Which of the following product categories best complement the product type bicycle basket?,"['skincare mask', 'bike light', 'apparel pin', 'fitness band']",1
"Given product type vehicle bag, which of the following product categories best complement the given product type?","['bike light', 'wig', 'wireless signal booster', 'hardware tubing']",0
"Given product type costume outfit, which of the following product categories best complement the given product type?","['camera support', 'costume mask', 'skin cleanser', 'bathwater additive']",1
"Given product type blazer, which of the following product categories best complement the given product type?","['coat', 'suit', 'vest', 'overalls']",1
"Suppose you have a product type microphone, which of the following types of products do you need to make the best use of it?","['audio recorder', 'electronic cable', 'radio', 'tuner']",1
Which of the following product categories best complement the product type microphone?,"['record player', 'mp3 audio player', 'integrated stereo system', 'mobile device mount']",3
Which of the following product categories best complement the product type valve?,"['glitter', 'hardware tubing', 'basketball hoop', 'electric razor']",1
Which of the following product categories best complement the product type hardware tubing?,"['carpets', 'luminance meter', 'fishhook', 'valve']",3
Which of the following product categories best complement the product type lip color?,"['lock', 'electronic wire', 'eyelid color', 'stapler']",2
Which of the following product categories best complement the product type lip color?,"['foam roller', 'hair iron', 'tweezer', 'eyelid color']",3
Which of the following product categories best complement the product type fishing reel?,"['fishhook', 'backpack', 'watch', 'swimsuit']",0
"Given product type fishing hook, which of the following product categories best complement the given product type?","['rug', 'bed drop', 'fishing reel', 'table']",2
Which of the following product categories best complement the product type vehicle interior shade?,"['luggage rack', 'vehicle mirror', 'tyre cover', 'trailer hitch cover']",1
"Given product type vehicle bag, which of the following product categories best complement the given product type?","['vehicle light assembly', 'flat screen display mount', 'topical hair regrowth treatment', 'undergarment slip']",0
"Given product type suitcase, which of the following product categories best complement the given product type?","['makeup case', 'utility holsters', 'battery charger', 'fishing string']",0
Which of the following product categories best complement the product type suitcase?,"['license plate frames', 'makeup case', 'coffee machine', 'glitter']",1
Which of the following product categories best complement the product type television?,"['flat screen display mount', 'DV recorder', 'videocassette recorder', 'video projector']",0
"Suppose you have a product type saw, which of the following types of products do you need to make the best use of it?","['spanner', 'tweezer', 'water pump', 'hardware tubing']",3
Which of the following product categories best complement the product type saw?,"['water pump', 'scissors', 'tweezer', 'mechanical clamp vise']",3
"Suppose you have a product type bracelet, which of the following types of products do you need to make the best use of it?","['cuff link', 'necklace', 'apparel pin', 'piercing jewelry']",1
Which of the following product categories best complement the product type charm?,"['cuff link', 'jewelry set', 'apparel pin', 'bracelet']",3
Which of the following product categories best complement the product type charging adapter?,"['electronic wire', 'animal harness', 'pencil sharpener', 'portable toolkit']",0
"Suppose you have a product type charging adapter, which of the following types of products do you need to make the best use of it?","['bike wheel', 'power converter', 'dental water flosser', 'camera flashlight']",1
Which of the following product categories best complement the product type vehicle seat cover?,"['vehicle cover', 'utility jack', 'license plate frames', 'trailer hitch cover']",0
Which of the following product categories best complement the product type vehicle bag?,"['digital photo frame', 'bike wheel', 'car window shade', 'flat screen display mount']",2
Which of the following product categories best complement the product type traction cleat?,"['sport goal', 'rollar skate', 'tabletop sport', 'walking stick']",3
Which of the following product categories best complement the product type mouthwash?,"['body deodorant', 'foam roller', 'emergency kit', 'incontinence protector']",0
"Suppose you have a product type body deodorant, which of the following types of products do you need to make the best use of it?","['wearable computer', 'dry shampoo', 'toothbrush', 'sport racket']",2
"Suppose you have a product type pillowcase, which of the following types of products do you need to make the best use of it?","['television', 'foam roller', 'pillow', 'writing tools']",2
Which of the following product categories best complement the product type pet bed mat?,"['animal harness', 'pet clothing', 'wildlife feeder', 'pet collar']",2
"Suppose you have a product type backdrop, which of the following types of products do you need to make the best use of it?","['camera cleaner', 'camera protector', 'wall decor', 'tripod']",2
"Given product type wall art, which of the following product categories best complement the given product type?","['banner', 'ink fluid', 'sweater', 'lunchbox']",0
"Given product type oral irrigator, which of the following product categories best complement the given product type?","['toothbrush', 'skin blemish remover', 'toothbrush head', 'electric razor']",2
"Given product type toy figure, which of the following product categories best complement the given product type?","['portable electronic device holder', 'spark plug', 'tabletop game', 'skateboard']",2
Which of the following product categories best complement the product type false nail?,"['hair weave', 'non-permanent tatttoo', 'nail polish', 'nail polish remover']",2
"Given product type fishing line, which of the following product categories best complement the given product type?","['mobile device mount', 'fishing rod', 'bra', 'pajamas']",1
"Given product type fishing reel, which of the following product categories best complement the given product type?","['hair dye', 'manual shaving razor', 'video projector', 'fishing string']",3
"Given product type skirt, which of the following product categories best complement the given product type?","['leotard', 'bra', 'hat', 'handbag']",0
"Suppose you have a product type corset, which of the following types of products do you need to make the best use of it?","['skirt', 'pants', 'arm sleeve', 'coat']",0
Which of the following product categories best complement the product type skin cleaning agent?,"['hair styling agent', 'hair iron', 'coffee machine', 'skin moisturizer']",3
"Given product type astringent substance, which of the following product categories best complement the given product type?","['foam roller', 'emergency kit', 'skin scrub', 'bathwater additive']",2
"Given product type toy figure, which of the following product categories best complement the given product type?","['jewelry container', 'eye mascara', 'tabletop game', 'valve']",2
"Suppose you have a product type skin cleaning wipe, which of the following types of products do you need to make the best use of it?","['incontinence protector', 'skin cleanser', 'skincare mask', 'face serum']",0
Which of the following product categories best complement the product type networking router?,"['makeup case', 'wireless signal booster', 'watch band', 'electronic signal converter']",1
Which of the following product categories best complement the product type cycling tire?,"['record player', 'hair removal agent', 'axe', 'wheel']",3
Which of the following product categories best complement the product type hair styling agent?,"['hair dye', 'hairband', 'hair clip', 'hair brush']",0
"Given product type hair styling agent, which of the following product categories best complement the given product type?","['hair curler', 'conditioner', 'hair brush', 'hair dye']",3
"Given product type caddy, which of the following product categories best complement the given product type?","['winding reel', 'flat screen display mount', 'air pump', 'table']",3
"Given product type cabinet, which of the following product categories best complement the given product type?","['scissors', 'storage rack', 'shaving brush', 'stapler']",1
"Suppose you have a product type hanging ornament, which of the following types of products do you need to make the best use of it?","['furniture cover', 'curtain', 'hammock', 'gift wrap']",3
"Suppose you have a product type gift wrap, which of the following types of products do you need to make the best use of it?","['blazer', 'car seat', 'fabric', 'ring']",2
Which of the following product categories best complement the product type writing instrument?,"['watch', 'wheel', 'ink fluid', 'knife']",2
Which of the following product categories best complement the product type marking pen?,"['BBQ grill', 'mainboard', 'ink fluid', 'dental water flosser']",2
"Suppose you have a product type sport mitt, which of the following types of products do you need to make the best use of it?","['pistol holster', 'sonar fathometer', 'sport bat', 'tabletop sport']",2
"Given product type skin cleaning agent, which of the following product categories best complement the given product type?","['skincare mask', 'shampoo', 'face serum', 'skin cleaning wipe']",1
Which of the following product categories best complement the product type body deodorant?,"['sheer tights', 'skin cleanser', 'astringent substance', 'book']",1
"Suppose you have a product type liquid ink, which of the following types of products do you need to make the best use of it?","['badge holder', 'compressed air can', 'storage binder', 'writing tools']",3
"Suppose you have a product type writing instrument, which of the following types of products do you need to make the best use of it?","['knife', 'watch', 'ink fluid', 'umbrella']",2
"Suppose you have a product type cosmetic case, which of the following types of products do you need to make the best use of it?","['duffel bag', 'waist pack', 'wallet', 'face shaping makeup']",3
Which of the following product categories best complement the product type eyebrow color?,"['mechanical clamp vise', 'face shaping makeup', 'binocular', 'pest control device']",1
"Suppose you have a product type overalls, which of the following types of products do you need to make the best use of it?","['hat', 'vest', 'tracksuit', 'leotard']",3
"Suppose you have a product type coat, which of the following types of products do you need to make the best use of it?","['arm sleeve', 'pants', 'dress', 'leotard']",3
"Given product type scarf, which of the following product categories best complement the given product type?","['underwears', 'body strap', 'air pump', 'hat']",3
"Given product type jewelry storage, which of the following product categories best complement the given product type?","['bed drop', 'hardware knob', 'BBQ grill', 'portable caddy']",3
Which of the following product categories best complement the product type storage box?,"['mobile device mount', 'portable caddy', 'corset', 'marker']",1
"Given product type modem, which of the following product categories best complement the given product type?","['hardware knob', 'internet router', 'toothbrush', 'tweezer']",1
Which of the following product categories best complement the product type sound card?,"['animal sleeping pad', 'foam roller', 'facial tissue', 'microphone']",3
Which of the following product categories best complement the product type robe?,"['suit', 'shorts', 'towel', 'tracksuit']",2
Which of the following product categories best complement the product type hair extension?,"['nail polish remover', 'manual shaving razor', 'non-permanent tatttoo', 'wig']",3
"Suppose you have a product type hair extension, which of the following types of products do you need to make the best use of it?","['nail polish', 'manual shaving razor', 'sunless tanner', 'wig']",3
Which of the following product categories best complement the product type nail polish remover?,"['nail polish', 'shaving brush', 'manual shaving razor', 'sunless tanner']",0
Which of the following product categories best complement the product type gun holster?,"['rollar skate', 'sport bat', 'golf bag', 'traction cleat']",1
"Suppose you have a product type gun holster, which of the following types of products do you need to make the best use of it?","['snowshoe', 'sport bat', 'sport goal', 'sport helmet']",1
"Given product type saw, which of the following product categories best complement the given product type?","['winding reel', 'spanner', 'water pump', 'mechanical clamp vise']",3
"Suppose you have a product type handbag, which of the following types of products do you need to make the best use of it?","['vest', 'keychain', 'shorts', 'leotard']",1
"Given product type handbag, which of the following product categories best complement the given product type?","['tracksuit', 'coat', 'keychain', 'blazer']",2
"Suppose you have a product type hardware clamp vise, which of the following types of products do you need to make the best use of it?","['multi-purpose tool set', 'winding reel', 'saw', 'water pump']",2
"Suppose you have a product type hardware clamp vise, which of the following types of products do you need to make the best use of it?","['scissors', 'saw', 'water pump', 'winding reel']",1
Which of the following product categories best complement the product type stool seating?,"['hardware tubing', 'eyebrow color', 'mess kit', 'table']",3
Which of the following product categories best complement the product type stool seating?,"['power supply unit', 'chair', 'computer case', 'blanket']",1
Which of the following product categories best complement the product type trash can?,"['cleaning brush', 'medicine', 'face powder', 'tv tuner card']",0
