question,choices,answer
Which of these has a seat and is primarily human-powered?,"['Scooter', 'Kick scooter', 'Push scooter', 'Bicycle']",3
Which of these is a more modern device that allows you to record videos digitally rather than on magnetic tape?,"['Video cassette recorder', 'VCR', 'Video recorder', 'Digital video recorder']",3
Which of the following products is designed for a different purpose than promoting healthy hair?,"['Hair care product', 'Hair product', 'Hair care agent', 'Nail polish']",3
"Cosmetics and makeup are synonyms. Which of the following products shares similarities with cosmetics but also has key differences in aspects like design, usage or features?","['Perfume', 'Skin care', 'Hair care', 'Makeup']",0
Which of these fitness machines relies on a rotational motion rather than a rowing motion?,"['Rowing machine', 'Dry land rowing machine', 'Indoor rowing machine', 'Stationary bike']",3
Which of the following is designed to be worn on the face but is not primarily used for vision correction?,"['Optical frame', 'Eyeglass frame', 'Ophthalmic frame', 'Sunglasses']",3
Which of the following devices is designed mainly for listening to audio content rather than watching video?,"['Portable video player', 'Portable disc player', 'Portable video disc player', 'MP3 player']",3
Which of these options would be best suited for providing temporary protection from the elements to humans?,"['Shelter', 'Hideout', 'Animal shelter', 'Tent']",3
Which of these is designed to have wheels and be pulled rather than carried?,"['Suitcase set', 'tote bag', 'Backpack', 'Duffel bag']",0
Which of these options has a fundamentally different design and usage compared to the others?,"['Internal computer memory', 'Internal memory', 'Computer internal memory', 'USB flash drive']",3
Which of these is fundamentally different in how data is read/written compared to the others?,"['Optical disc drive', 'ODD', 'Optical drive', 'USB flash drive']",3
Which of these is designed to be worn over other clothing for protection or warmth?,"['Dress', 'Frock dress', 'Dress frock', 'Coat']",3
Which of the following is designed for a different purpose than coloring the eyelid?,"['Eyelid color', 'Eyelid color makeup', 'Eyelid color cosmetic', 'Mascara']",3
Which of the following captures images electronically but is optimized for video recording and usually has a flip-out viewfinder screen?,"['Digital camera', 'Digital still camera', 'Digicam', 'Camcorder']",3
Which of the following is designed to transport multiple bikes on a vehicle and features trays or arms to hold bikes upright?,"['Bike rack', 'Bicycle rack', 'Bike cargo rack', 'Bike trailer']",3
Which of these products is designed mainly for individual viewing rather than group viewing?,"['projection screen', 'video projection screen', 'screen for projector', 'computer monitor']",3
Which of the following cardiovascular exercise machines has a different design that allows the user to move their arms in a rowing motion?,"['Elliptical trainer', 'Elliptical exerciser', 'Elliptical machine', 'Rowing machine']",3
"Which of these is typically more rigid and structured, with compartments and sleeves for organization?","['Duffel', 'Holdall bag', 'Overnight bag', 'Backpack']",3
Which of the following products is synonymous with lip color?,"['Lip balm', 'Lip gloss', 'Lip pigment', 'Lip liner']",2
Which of the following is designed to protect a specific part of the vehicle interior rather than the entire seat?,"['Protective seat cover for vehicle', 'Vehicle seat cover', 'Vehicle seat protector', 'Steering wheel cover']",3
Which of the following has a handle and wheels for easy movement but is much smaller and used for carrying smaller loads?,"['Utility cart', 'Utility wagon', 'Utility cart wagon', 'Hand truck']",3
Which of these is designed to be worn for athletic activities in the water rather than leisure swimming?,"['Swimwear', 'Bathing suit', 'Swimsuit', 'Wetsuit']",3
Which of these is designed to provide more cushioning and support for the body during floor exercises?,"['sleeping mat', 'pet bed mat', 'air mattress', 'Yoga mat']",3
Which of these is designed for a different primary purpose than the others?,"['Bow', 'Archery bow', 'Projectile bow', 'Fishing rod']",3
Which of the following is designed for indoor use and serves more of an aesthetic function rather than just displaying information?,"['Sign decoration', 'Decorative signage', 'Sign decor', 'Wall art']",3
Which of the following products helps darken skin tone but does so through natural exposure to UV rays from the sun rather than chemicals that stain the skin?,"['Sunless tanner', 'Sunless tan', 'Self tanner', 'Sunscreen']",3
Which of the following products is designed to mask odors in a room rather than on fabrics?,"['Textile deodorizer', 'Fabric freshener', 'Fabric deodorizer', 'Air freshener']",3
Which of the following is designed to be a portable personal computer with limited functionality compared to a full-featured laptop computer?,"['Notebook PC', 'Laptop computer', 'Laptop', 'Tablet']",3
Which of these products is designed to cleanse and nourish the hair and scalp rather than just condition the hair?,"['Conditioner', 'Hair conditioner', 'Cream rinse', 'Shampoo']",3
Which of the following devices displays images but is not designed solely for displaying digital photos?,"['Digital media frame', 'Digital picture frame', 'Digital photo frame', 'Tablet computer']",3
Which of the following is designed to hold small personal items securely while allowing easy access?,"['Mobile case', 'Phone case', 'Protector case', 'Wallet']",3
Which of these is designed to be worn around the waist but is thicker and more rigid than the others?,"['Clothing belt', 'Belt', 'Apparel belt', 'Weightlifting belt']",3
Which of these is made from a different type of fabric and serves a different primary function than the others?,"['Jammies', 'Pajamas', 'PJs', 'Swimsuit']",3
Which of these is designed differently than the others for sporting activities?,"['Trousers', 'Pants', 'Slacks', 'Shorts']",3
Which of these devices has a larger screen and can display magazines and newspapers in addition to books?,"['E-book reader', 'Electronic book device', 'Electronic reader', 'Tablet computer']",3
Which of the following is designed differently than the others for a specific purpose?,"['Razor blade cartridge', 'Razor blade head refill', 'Razor head refill', 'Electric razor']",3
Which of the following is different from the others in that it is an expansion card that provides additional connectivity and features beyond basic input/output?,"['Input/output card', 'Port card', 'I/O port card', 'Sound card']",3
Which of the following audio devices is designed to be worn on the head and allows hands-free operation?,"['Mic', 'Microphone', 'Mike', 'Headphones']",3
Which of these lower body garments is not designed to cover only part of the leg?,"['Short pants', 'Half pants', 'Shorts', 'Pants']",3
Which of the following products contains a different scope of products than the other ones?,"['computer power supply', 'PSU', 'power supply unit', 'computer processor']",3
Which of the following products contains a different scope of products than the other ones?,"['placard', 'sign', 'Signage', 'decor magnet']",3
Which of these products does not have a similar meaning to the others?,"['bike basket', 'vehicle rack', 'Transport Rack', 'automotive rack']",0
Which of these products does not have a similar meaning to the others?,"['photography flash', 'flash for camera', 'flash', 'flash memory']",3
"Among the following products, which of them has distinct meanings than the other three?","['Fishing Reel', 'reel for fishing', 'reel for fishing rod', 'winding reel']",3
"Among the following products, which of them has distinct meanings than the other three?","['hair conditioner', 'Conditioner', 'body deodorant', 'cream rinse']",2
"Among the following products, which of them has distinct meanings than the other three?","['scooter', 'outboard motor', 'Kick Scooter', 'push scooter']",1
Which of these products does not have a similar meaning to the others?,"['pedal bike', 'Bicycle', 'scooter', 'pedal cycle']",2
Which of the following products contains a different scope of products than the other ones?,"['bicycle sear', 'vehicle seat protector', 'Vehicle Seat Cover', 'protective seat cover for vehicle']",0
Which of these products does not have a similar meaning to the others?,"['Stool Seating', 'stool', 'sofa', 'stool seat']",2
Which of the following products contains a different scope of products than the other ones?,"['blemish remover', 'tweezer', 'skin blemish remover', 'Skin Blemish Removal Tool']",1
Which of these products does not have a similar meaning to the others?,"['backpack', 'makeup pouch', 'makeup organizer bag', 'toiletry bag']",0
Which of the following products contains a different scope of products than the other ones?,"['Backdrop', 'screen backdrop', 'background', 'backpack']",3
Which of these products does not have a similar meaning to the others?,"['pet mat', 'mattress', 'mat for pet', 'pet bed']",1
Which of the following products contains a different scope of products than the other ones?,"['fanny pack', 'belt', 'bumbag', 'belly bag']",1
Which of these products does not have a similar meaning to the others?,"['clothing suspender', 'clothes hanger', 'apparel suspender', 'Suspender']",1
Which of these products does not have a similar meaning to the others?,"['water thermos', 'bottle', 'thermos water bottle', 'thermos bottle']",1
Which of the following products contains a different scope of products than the other ones?,"['power cord', 'DAC', 'Electronic Signal Converter', 'digital-to-analog converter']",0
Which of the following products contains a different scope of products than the other ones?,"['ground stake', 'weightlifting belt', 'Anchor Stake', 'ground spike']",1
Which of the following products contains a different scope of products than the other ones?,"['writing tool', 'writing implement', 'tablet computer', 'Writing Instrument']",2
"Among the following products, which of them has distinct meanings than the other three?","['Electric Circuit Testing Device', 'electrical circuit meter', 'electromechanical gauge', 'electrical circuit tester']",2
Which of the following products contains a different scope of products than the other ones?,"['lip butter', 'lip ointment', 'lip color', 'Lip Balm']",2
"Among the following products, which of them has distinct meanings than the other three?","['ice cooler', 'Ice Chest', 'cooler', 'thermos']",3
Which of the following products contains a different scope of products than the other ones?,"['contour cosmetic', 'Face Shaping Makeup', 'skin moisturizer', 'contour makeup']",2
Which of the following products contains a different scope of products than the other ones?,"['additive for bathwater', 'Bathwater Additive', 'bath soak', 'conditioner']",3
Which of these products does not have a similar meaning to the others?,"['docking station', 'power chord', 'Electronic Device Docking Station', 'dock']",1
Which of the following products contains a different scope of products than the other ones?,"['audio recorder', 'camera', 'sound recording device', 'sound recorder']",1
Which of these products does not have a similar meaning to the others?,"['multitool', 'knob', 'grip', 'pull']",0
Which of these products does not have a similar meaning to the others?,"['Optical Disc Drive', 'flash drive', 'ODD', 'optical drive']",1
Which of the following products contains a different scope of products than the other ones?,"['camera flash', 'Camera Enclosure', 'camera housing', 'enclosure for camera']",0
Which of the following products contains a different scope of products than the other ones?,"['bed ruffle', 'Bed Skirt', 'pillow', 'dust ruffle bed skirt']",2
Which of the following products contains a different scope of products than the other ones?,"['clothing for pet', 'pet clothes', 'Pet Apparel', 'pet mat']",3
Which of the following products contains a different scope of products than the other ones?,"['thermos', 'beverage glass', 'cup', 'Drinking Cup']",0
Which of these products does not have a similar meaning to the others?,"['sunglasses', 'eyewear case', 'eyeglass box', 'Eyeglass Case']",0
Which of the following products contains a different scope of products than the other ones?,"['monitor for computer', 'computer monitor', 'health monitor', 'computer display']",2
Which of these products does not have a similar meaning to the others?,"['hair styling iron', 'Hair Iron', 'hair tie', 'hair wand']",2
Which of these products does not have a similar meaning to the others?,"['tie', 'cable', 'electric cable', 'Electronic Cable']",0
Which of these products does not have a similar meaning to the others?,"['weight balance', 'scale for body weight', 'mass scale', 'weightlifting belt']",3
"Among the following products, which of them has distinct meanings than the other three?","['memory card drive', 'internal memory', 'flash card drive', 'flash memory reader']",1
Which of the following products contains a different scope of products than the other ones?,"['massage roller', 'yoga mat', 'Muscle Roller', 'foam roller']",1
"Among the following products, which of them has distinct meanings than the other three?","['dress frock', 'skirt', 'frock dress', 'Dress']",1
Which of these products does not have a similar meaning to the others?,"['fishing rod', 'racquet', 'sport racquet', 'Sport Racket']",0
Which of the following products contains a different scope of products than the other ones?,"['bedclothes', 'Bed Linen', 'blanket', 'bedding']",2
Which of the following products contains a different scope of products than the other ones?,"['Steering Wheel', 'hand wheel', 'driving wheel', 'fishing reel']",3
Which of the following products contains a different scope of products than the other ones?,"['trouser', 'shirt', 'Pants', 'slacks']",1
Which of the following products contains a different scope of products than the other ones?,"['eyeglass frame', 'eyebrow color  cosmetic', 'Eyebrow Color', 'eyebrow color makeup']",0
Which of the following products contains a different scope of products than the other ones?,"['film for camera', 'Photographic Film', 'camera film', 'camera']",3
Which of these products does not have a similar meaning to the others?,"['av receiver', 'port expansion card', 'I/O port card', 'port card']",0
Which of the following products contains a different scope of products than the other ones?,"['pharmaceutical drug', 'fabric', 'medicine', 'drug']",1
Which of the following products contains a different scope of products than the other ones?,"['Steering Wheel Cover', 'vehicle seat', 'steering cover', 'hand wheel cover']",1
Which of these products does not have a similar meaning to the others?,"['Trailer Hitch Cover', 'hitch cover', 'vehicle brake pad', 'tow hitch cover']",2
Which of the following products contains a different scope of products than the other ones?,"['half pants', 'Shorts', 'trousers', 'short pants']",2
"Among the following products, which of them has distinct meanings than the other three?","['Hair Removal Agent', 'hair dye', 'depilatory agent', 'depilatory']",1
Which of these products does not have a similar meaning to the others?,"['Wearable Computer', 'body-borne computer', 'wearable', 'tablet computer']",3
Which of the following products contains a different scope of products than the other ones?,"['Exercise Mat', 'workout mat', 'sport mitt', 'yoga mat']",2
Which of these products does not have a similar meaning to the others?,"['rower machine', 'Rowing Machine', 'dry land rowing machine', 'bicycle']",3
Which of the following products contains a different scope of products than the other ones?,"['polish remover', 'Nail Polish Remover', 'false nail', 'nail enamel remover']",2
"Among the following products, which of them has distinct meanings than the other three?","['sofa couch', 'Sofa', 'stool', 'couch']",2
Which of the following products contains a different scope of products than the other ones?,"['TV stand bracket', 'flat screen mounting bracket', 'Flat Screen Display Mount', 'monitor']",3
"Among the following products, which of them has distinct meanings than the other three?","['digital frame', 'digital photo display device', 'eyeglass frame', 'digital photo frame']",2
Which of the following products contains a different scope of products than the other ones?,"['jammies', 'pyjama', 'blouse', 'Pajamas']",2
"Among the following products, which of them has distinct meanings than the other three?","['Animal Harness', 'pet harness', 'pet apparel', 'harness']",2
Which of the following products contains a different scope of products than the other ones?,"['backpack', 'overnight bag', 'weekend bag', 'duffle bag']",0
Which of the following products contains a different scope of products than the other ones?,"['Sunglasses', 'sunscreen', 'shade glasses', 'sunnies']",1
"Among the following products, which of them has distinct meanings than the other three?","['bike machine', 'stationary bike', 'Stationary Bicycle', 'rowing machine']",3
"Among the following products, which of them has distinct meanings than the other three?","['pair of scissors', 'knife', 'Scissors', 'shears']",1
Which of the following products contains a different scope of products than the other ones?,"['satellite television receiver', 'Satellite Receiver', 'television', 'satellite TV descrambler']",2
"Among the following products, which of them has distinct meanings than the other three?","['tripod', 'security camera', 'optic tripod', 'stand tripod']",1
"Among the following products, which of them has distinct meanings than the other three?","['key finder', 'electronic tracker', 'Electronic Finder', 'rangefinder']",3
Which of these products does not have a similar meaning to the others?,"['electronic reader', 'E-book device', 'digital book device', 'tablet computer']",3
"Among the following products, which of them has distinct meanings than the other three?","['monitor', 'video projection screen', 'screen for projector', 'projector screen']",0
Which of these products does not have a similar meaning to the others?,"['headband', 'Hairband', 'alice band', 'exercise band']",3
"Among the following products, which of them has distinct meanings than the other three?","['elliptical training machine', 'boxing glove', 'elliptical exercise machine', 'elliptical']",1
Which of the following products contains a different scope of products than the other ones?,"['traction spike', 'crampon', 'traction stud', 'track suit']",3
Which of these products does not have a similar meaning to the others?,"['Hair Coloring Agent', 'hair color', 'hair dye kit', 'hair roller']",3
Which of the following products contains a different scope of products than the other ones?,"['clamp', 'clipboard', 'vise', 'Hardware Clamp Vise']",1
Which of the following products contains a different scope of products than the other ones?,"['signal booster', 'wireless range extender', 'wireless extender', 'modem']",3
"Among the following products, which of them has distinct meanings than the other three?","['speed detector ', 'satellite receiver', 'radar gun', 'speed trap gun']",1
Which of the following products contains a different scope of products than the other ones?,"['license plate frame', 'License Plate Attachment', 'license plate cover', 'picture frame']",3
"Among the following products, which of them has distinct meanings than the other three?","['rod for fishing', 'fishing pole', 'hook', 'Fishing Rod']",2
Which of the following products contains a different scope of products than the other ones?,"['golf caddy bag', 'duffel bag', 'caddy bag for golf', 'Golf Club Bag']",1
Which of these products does not have a similar meaning to the others?,"['display card', 'Video Card', 'graphics card', 'computer processor']",3
Which of these products does not have a similar meaning to the others?,"['candle set', 'light bulb', 'candles pack', 'Candle']",1
"Among the following products, which of them has distinct meanings than the other three?","['television tuner card', 'TV card', 'video card', 'TV Tuner Card']",2
Which of the following products contains a different scope of products than the other ones?,"['bicycle lighting', 'Bicycle Light', 'light for bike', 'light fixture']",3
Which of these products does not have a similar meaning to the others?,"['Safety Glasses', 'safety goggles', 'goggles', 'eyeclass frame']",3
"Among the following products, which of them has distinct meanings than the other three?","['basketball hoop', 'bike mounted basket', 'Bicycle Basket', 'basket for bike']",0
"Among the following products, which of them has distinct meanings than the other three?","['snowshoe', 'bag for shoe', 'Shoe Bag', 'shoe sack']",0
"Among the following products, which of them has distinct meanings than the other three?","['Marking Pen', 'felt pen', 'photographic light meter', 'felt marker']",2
Which of the following products contains a different scope of products than the other ones?,"['GPS tracker', 'GPS tracking unit', 'global positioning system', 'electronic finder']",3
Which of the following products contains a different scope of products than the other ones?,"['witch hazel', 'toner', 'Astringent Substance', 'body deodorant']",3
"Among the following products, which of them has distinct meanings than the other three?","['Skin Cleaning Agent', 'skin cleansing agent', 'skin exfoliant', 'skin cleaner']",2
Which of these products does not have a similar meaning to the others?,"['piping', 'pipe', 'pump', 'tube']",2
Which of these products does not have a similar meaning to the others?,"['Personal Fragrance', 'fragrance', 'area deodorizer', 'perfume']",2
Which of these products does not have a similar meaning to the others?,"['device skin', 'scratch guard', 'screen guard', 'protective screen']",0
Which of the following is a synonymous term for the product TV Tuner Card?,"['contour makeup', 'anchoring stake', 'television tuner card', 'material handling truck']",2
Which of the following products is synonymous with the product 'box cart'?,"['id holder', 'trundler', 'suitcase set', 'blazer']",1
Which of the following products is synonymous with the product 'stockings'?,"['sweatband', 'weightlifting belt', 'Tights', 'fitness roller']",2
Which of the following products is synonymous with the product 'Portable Video Disc Player'?,"['house shoe', 'air mattress', 'video projector', 'portable disc player']",3
Which of the following products has the closest meaning to the product 'license plate cover'?,"['sport coat', 'bike seat', 'License Plate Attachment', 'dry land rowing machine']",2
Which of the following products has the closest meaning to the product 'bed shoe'?,"['costume outfit', 'Slipper', 'underpants', 'optical frame']",1
Which of the following is a synonymous term for the product belly wrap?,"['shorts', 'bed in the bag', 'girdle', 'cord cover']",2
Which of the following products is synonymous with the product 'drapery'?,"['Curtain', 'magnifier', 'wireless router', 'light for bike']",0
Which of the following is a synonymous term for the product hook for fishing?,"['electronic cable', 'punching bag', 'ink', 'Fishing Hook']",3
Which of the following products is synonymous with the product 'Utility Holster Pouch'?,"['utility holster', 'ladder', 'video camera', 'electrical circuit testing device']",0
Which of the following is a synonymous term for the product depilatory agent?,"['Hair Removal Agent', 'signal extender', 'bathing suit', 'swimwear']",0
Which of the following is a synonymous term for the product gift wrapper?,"['wrapping for gift', 'dac', 'exfoliant', 'boxing glove']",0
Which of the following products is synonymous with the product 'spinning bike'?,"['pedal cycle', 'fitness bike', 'usb flash drive', 'bicycle']",1
Which of the following is a synonymous term for the product corset top?,"['food holder', 'toiletry bag', 'Corset', 'spanner']",2
Which of the following is a synonymous term for the product digital photo display device?,"['eyelid color makeup', 'tubing', 'weekender bag', 'digital frame']",3
Which of the following products is synonymous with the product 'bearing'?,"['cleaning brush', 'duffel', 'visual display unit', 'Hardware Bearing']",3
Which of the following is a synonymous term for the product electric cable?,"['photographic flash', 'monitor for exercise', 'electrical cable', 'weight balance']",2
Which of the following products has the closest meaning to the product 'Cosmetic Powder'?,"['barbecue', 'face powder', 'earring', 'saw']",1
Which of the following products is synonymous with the product 'hair styling iron'?,"['sound recording device', 'hair wand', 'utility pouch', 'resistance tube']",1
Which of the following is a synonymous term for the product caddy organizer?,"['vise', 'planar board', 'Caddy', 'sleeping mat']",2
Which of the following is a synonymous term for the product MIC?,"['capacitor', 'mike', 'radar detector', 'mess kit']",1
Which of the following products has the closest meaning to the product 'ink'?,"['pajamas', 'multiport hub', 'toy figure', 'Liquid Ink']",3
Which of the following products is synonymous with the product 'electronic connector'?,"['antenna', 'basketball hoop', 'Electronic Adapter', 'flash card drive']",2
Which of the following is a synonymous term for the product cloth?,"['textile', 'video camera', 'makeup case', 'cookware mess kit']",0
Which of the following products has the closest meaning to the product 'cover for vehicle'?,"['aerial', 'tent', 'body cover for vehicle', 'portable video player']",2
Which of the following products is synonymous with the product 'scale for body weight'?,"['topical hair growth treatment', 'bed in bag', 'balance', 'pjs']",2
Which of the following products has the closest meaning to the product 'blind spot camera'?,"['back up camera for vehicle', 'record player', 'alice band', 'push scooter']",0
Which of the following products has the closest meaning to the product 'DAC'?,"['cpu cabinet', 'eyeglass case', 'digital-to-analog converter', 'knee guard']",2
Which of the following is a synonymous term for the product bicycle tire?,"['skin moisturizer', 'archery bow', 'survival kit', 'Cycling Tire']",3
Which of the following products is synonymous with the product 'pipe'?,"['speed trap gun', 'hose', 'power bar', 'hair clippers']",1
Which of the following products is synonymous with the product 'Home Mirror'?,"['mirror', 'serum for skin', 'lip color', 'electronic device docking station']",0
Which of the following products is synonymous with the product 'Computer Chassis'?,"['marker pen', 'emollient', 'cleaning wipe for skin', 'PC cabinet']",3
Which of the following is a synonymous term for the product Charging Adapter?,"['power adapter', 'animal collar', 'hairband', 'weightlifting belt']",0
Which of the following products is synonymous with the product 'drug'?,"['medicine', 'apparel belt', 'duffle bag', 'air bed']",0
Which of the following is a synonymous term for the product Conditioner?,"['vehicle seat', 'camera film', 'hair conditioner', 'vehicle mirror']",2
Which of the following products has the closest meaning to the product 'device skin'?,"['facial skin serum', 'Electronic Device Skin', 'table', 'toothbrush head']",1
Which of the following products is synonymous with the product 'Bicycle Trailer'?,"['witch hazel', 'bike trailer', 'saw', 'cable']",1
Which of the following products has the closest meaning to the product 'background'?,"['hanger for clothing', 'wire assembly', 'screen backdrop', 'lip butter']",2
Which of the following is a synonymous term for the product Portable Electronic Device Mount?,"['mount for portable electronic device', 'dental floss', 'animal apparel', 'caddy']",0
Which of the following products is synonymous with the product 'E-reader'?,"['projector screen', 'sack barrow', 'nail varnish remover', 'E-book reader']",3
Which of the following products is synonymous with the product 'enclosure for camera'?,"['computer power supply', 'camera housing', 'video recorder', 'earring']",1
Which of the following products has the closest meaning to the product 'arm cover'?,"['pencil sharpener', 'Arm Sleeve', 'bed in a bag', 'dolly']",1
Which of the following is a synonymous term for the product Multitool?,"['multipurpose tool', 'background screen', 'transport rack', 'wiring assembly']",0
Which of the following products has the closest meaning to the product 'suntan lotion'?,"['system board', 'Sunscreen', 'rack for storage', 'electronic tracker']",1
Which of the following products has the closest meaning to the product 'shooting target'?,"['push scooter', 'dolly', 'Sport Target', 'bed set']",2
Which of the following products has the closest meaning to the product 'Barbell'?,"['flat screen mounting bracket', 'coffee machine', 'knife sharpener', 'weighted bar']",3
Which of the following products has the closest meaning to the product 'racket'?,"['bottle', 'recharger', 'Sport Racket', 'seat for bike']",2
Which of the following is a synonymous term for the product docking station?,"['bathwater additive', 'waste basket', 'electronic connector', 'dock']",3
Which of the following is a synonymous term for the product Body Deodorant?,"['barbell with weights', 'nail lacquer remover', 'deodorant', 'sticker']",2
Which of the following products has the closest meaning to the product 'shoestring'?,"['vehicle mirror', 'thermos flask', 'Shoelace', 'video card']",2
Which of the following is a synonymous term for the product light for bike?,"['cable harness assembly', 'bike light', 'shampoo', 'rowing machine']",1
Which of the following is a synonymous term for the product computer screen?,"['PC screen', 'watch', 'duffle bag', 'remote']",0
Which of the following is a synonymous term for the product Underpants?,"['hair styling agent', 'cleaning wipe for skin', 'light assembly', 'undies']",3
Which of the following products has the closest meaning to the product 'satellite television decoder'?,"['thumb drive', 'satellite decoder', 'clothing pin', 'optic tripod']",1
Which of the following is a synonymous term for the product Writing Instrument?,"['skin exfoliant', 'writing implement', 'backpack', 'suit coat']",1
Which of the following products is synonymous with the product 'Vehicle Interior Shade'?,"['vehicle sunshade', 'hip pack', 'hardware clamp', 'wetsuit']",0
Which of the following products has the closest meaning to the product 'Camcorder'?,"['utility wagon', 'camera support', 'organizer rack', 'video camera']",3
Which of the following products has the closest meaning to the product 'Label'?,"['key ring', 'pillowcase', 'range extender', 'tag label']",3
Which of the following products has the closest meaning to the product 'shaving cream brush'?,"['toothbrush replacement head', 'brush for shaving cream', 'dry land rowing machine', 'tow hitch cover']",1
Which of the following products is synonymous with the product 'ice cooler'?,"['warm-up suit', 'felt tip pen', 'handcart', 'Ice Chest']",3
Which of the following is a synonymous term for the product Video Card?,"['wifi router', 'graphics card', 'undies', 'watch']",1
Which of the following is a synonymous term for the product eyeglass box?,"['electrical wire', 'input pen', 'bed linen', 'Eyeglass Case']",3
Which of the following products is synonymous with the product 'Keychain'?,"['stationary bike', 'self tanner', 'film for camera', 'key ring']",3
Which of the following products is synonymous with the product 'Cleaning Brush'?,"['eyelid color cosmetic', 'rod for fishing', 'scrub brush', 'light fixture']",2
Which of the following products has the closest meaning to the product 'Exercise Band'?,"['computer screen', 'flash memory reader', 'knee pad', 'resistance strap']",3
Which of the following products has the closest meaning to the product 'Mess Kit'?,"['bike trailer', 'shade glasses', 'cookware mess kit', 'dust ruffle']",2
Which of the following is a synonymous term for the product protective cover for furniture?,"['cover for furniture', 'trouser', 'shears', 'waist trimmer']",0
Which of the following is a synonymous term for the product yoga mat?,"['background', 'scale for body weight', 'Exercise Mat', 'closet hanger']",2
Which of the following is a synonymous term for the product slip?,"['headphones', 'global positioning system', 'coffee brewer', 'Undergarment Slip']",3
Which of the following products has the closest meaning to the product 'tie down strap'?,"['Cargo Strap', 'electrical circuit tester', 'skincare mask', 'magnet decoration']",0
Which of the following products has the closest meaning to the product 'witch hazel'?,"['skin toner', 'pipage', 'bulletin board', 'sport wetsuit']",0
Which of the following products has the closest meaning to the product 'vehicle seat protector'?,"['protective seat cover for vehicle', 'screen backdrop', 'vehicle sunshade', 'cycling light']",0
Which of the following is a synonymous term for the product blemish remover?,"['water flosser', 'waist wrap', 'device skin', 'skin blemish remover']",3
Which of the following products is synonymous with the product 'exfoliant'?,"['outboard motor', 'air mattress', 'tights', 'Skin Exfoliant']",3
Which of the following products is synonymous with the product 'Cord Management Cover'?,"['apparel belt', 'knee pad', 'cord cover', 'cycling light']",2
Which of the following products is synonymous with the product 'Watch'?,"['topical hair regrowth treatment', 'bumbag', 'personal watch', 'placard']",2
Which of the following products has the closest meaning to the product 'Anchor Stake'?,"['air pump', 'firearm holster', 'stake', 'incontinence underwear']",2
Which of the following products has the closest meaning to the product 'screen guard'?,"['protective screen', 'satellite tv receiver', 'costume outfit', 'contour cosmetic']",0
Which of the following is a synonymous term for the product hitch cover?,"['tow hitch cover', 'id badge holder', 'topical hair loss treatment', 'wearable']",0
Which of the following products has the closest meaning to the product 'Camera Flash'?,"['personal fragrance', 'drapery', 'undies', 'photographic flash']",3
Which of the following products has the closest meaning to the product 'portable media player'?,"['PMP', 'traction spike', 'tights', 'food carrier']",0
Which of the following is a synonymous term for the product lifting belt?,"['shooting target', 'Weightlifting Belt', 'battery charger', 'multiple plug outlet']",1
Which of the following products has the closest meaning to the product 'Hair Comb'?,"['clock', 'spanner', 'replacement battery', 'comb']",3
Which of the following products has the closest meaning to the product 'bib'?,"['stationary exercise cycle', 'location tracker', 'satellite television receiver', 'Food Bib']",3
Which of the following products has the closest meaning to the product 'nail paint'?,"['beverage glass', 'bbq grill', 'activity monitor', 'nail varnish']",3
Which of the following is a synonymous term for the product Kick Scooter?,"['pet harness', 'holdall bags', 'table', 'scooter']",3
Which of the following products has the closest meaning to the product 'Tablet Computer'?,"['blemish remover', 'tablet', 'elliptical machine', 'usb stick']",1
Which of the following is a synonymous term for the product Remote Control?,"['remote', 'towel', 'bed skirt', 'inflatable mattress']",0
Which of the following products is synonymous with the product 'Battery'?,"['video projection screen', 'replacement battery', 'seat for vehicle', 'archery bow']",1
Which of the following products has the closest meaning to the product 'vehicle rack'?,"['signal repeater', 'Transport Rack', 'cable', 'fitness tracker']",1
Which of the following products has the closest meaning to the product 'Projectile Bow'?,"['archery bow', 'skin cleaning agent', 'light bulb', 'fishing hook']",0
Which of the following products is synonymous with the product 'life saver'?,"['remote', 'swimsuit', 'buoyancy aid', 'thermos']",2
Which of the following products has the closest meaning to the product 'Knife Sharpener'?,"['skin treatment mask', 'emergency kit', 'sharpening tool', 'boxing glove']",2
Which of the following products has the closest meaning to the product 'dress frock'?,"['gift wrapper', 'frock dress', 'light bulb', 'handcart']",1
Which of the following is a synonymous term for the product basket for bike?,"['first aid kit', 'skin cleaning agent', 'bicycle mounted basket', 'spin bike']",2
Which of the following products is synonymous with the product 'fitness monitor'?,"['pants', 'stool seat', 'ophthalmic frame', 'Biometric Monitor']",3
Which of the following is a synonymous term for the product tripod?,"['photographic film', 'candle', 'utility cart wagon', 'Camera Tripod']",3
Which of the following products is synonymous with the product 'port card'?,"['jewelry set', 'mouthwash', 'port expansion card', 'memory card drive']",2
Which of the following products has the closest meaning to the product 'Bicycle'?,"['pedal cycle', 'pest control device', 'flash memory reader', 'stool seat']",0
Which of the following is a synonymous term for the product basketball goal?,"['tripod stand', 'body jewelry', 'Basketball Hoop', 'outlet strip']",2
