question,choices,answer
"Which of the following product categories is most related to the query ""womens small lightweight pants""?","['pants', 'skirt', 'dress', 'overalls']",0
"A user has made a query ""farm animal plush set"". What kind of product is he probably looking for?","['table', 'toy figure', 'golf club', 'sticker decal']",1
"Which of the following product categories is most related to the query ""hushpuppies derby shoes men""?","['slipper', 'shoes', 'buoyancy device', 'mess kit']",1
"A user has made a query ""reshiram gx pokémon cards"". What kind of product is he probably looking for?","['gaming dice', 'mainboard', 'tabletop game', 'snow pant']",2
"Which of the following product categories is most related to the query ""babyliss pro fx8700""?","['dental water flosser', 'skin blemish remover', 'hair dryer', 'hair iron']",3
"Which of the following product categories is most related to the query ""bathroom led light color""?","['light fixture', 'lamp', 'candle', 'microphone']",0
"A user has made a query ""hausse 2 pack fake horned owl decoy"". What kind of product is he probably looking for?","['timer', 'sculpture', 'utility cart wagon', 'drink mat']",1
"Which of the following product categories is most related to the query ""blue color shoes 6number""?","['shoes', 'slipper', 'tarpaulin', 'personal fragrance']",0
"A user has made a query ""3 channel motherboard msi"". What kind of product is he probably looking for?","['power supply unit', 'input-output card', 'central processing unit', 'mainboard']",3
"Which of the following product categories is most related to the query ""veja campo white natural femme""?","['slipper', 'shoes', 'knife', 'buoyancy device']",1
"Which of the following product categories is most related to the query ""blue ray disc player sony model bdp-s3500""?","['disc player', 'videocassette recorder', 'television', 'DV recorder']",0
"Which of the following product categories is most related to the query ""gold mount plate""?","['power converter', 'battery', 'projector screen', 'flash memory']",1
"Which of the following product categories is most related to the query ""stainless steel bracelet pearl heart""?","['apparel pin', 'jewelry set', 'piercing jewelry', 'bracelet']",3
"A user has made a query ""timotheee chalamet blanket"". What kind of product is he probably looking for?","['blanket', 'bed sheet', 'pillow', 'bed drop']",0
"Which of the following product categories is most related to the query ""ms scaffolding set""?","['drink mat', 'timer', 'ladder', 'tarpaulin']",2
"Which of the following product categories is most related to the query ""rgb light phillips""?","['lunchbox', 'light bulb', 'utility jack', 'power converter']",1
"Which of the following product categories is most related to the query ""monitor gaming 144 hz curvo""?","['wearable computer', 'camera', 'monitor', 'valve']",2
"A user has made a query ""shoes type sandal for girls stylish without heel"". What kind of product is he probably looking for?","['slipper', 'electronic signal converter', 'shoes', 'fishhook']",2
"Which of the following product categories is most related to the query ""eyebrow straight blade razor for women""?","['shaving brush', 'razor blade case', 'manual shaving razor', 'hair weave']",1
"A user has made a query ""iron man dress for boys 8 years old"". What kind of product is he probably looking for?","['costume mask', 'skin blemish remover', 'hair brush', 'costume outfit']",3
"A user has made a query ""itty bitty harry potter charecters"". What kind of product is he probably looking for?","['keychain', 'clasp', 'body strap', 'suspender']",0
"A user has made a query ""urban classics bomberjacke herren 5xl"". What kind of product is he probably looking for?","['coat', 'sweater', 'leotard', 'overalls']",0
"Which of the following product categories is most related to the query ""blue lower 10 years old brand""?","['pants', 'blazer', 'sweater', 'swimsuit']",0
"Which of the following product categories is most related to the query ""80’s costume for women""?","['costume mask', 'storage box', 'costume outfit', 'safety strap']",2
"Which of the following product categories is most related to the query ""youth green and red shirt""?","['trampoline', 'glitter', 'monitor', 'sweatshirt']",3
"A user has made a query ""tn dickensons witch hazel wipes"". What kind of product is he probably looking for?","['skin cleaning wipe', 'sunscreen', 'lip moisturizer', 'face serum']",0
"A user has made a query ""paw patrol toys set 99th"". What kind of product is he probably looking for?","['keychain', 'sweater', 'knife', 'toy figure']",3
"A user has made a query ""men long sleeve shirt of cotton"". What kind of product is he probably looking for?","['shorts', 'arm sleeve', 'shirt', 'overalls']",2
"Which of the following product categories is most related to the query ""hp two in one casual bag""?","['razor blade case', 'wall decor', 'backpack', 'record player']",2
"A user has made a query ""crystal gem knobs"". What kind of product is he probably looking for?","['hardware knob', 'lock', 'writing tools', 'corset']",0
"A user has made a query ""hydrating korean face masks beauty"". What kind of product is he probably looking for?","['sunscreen', 'skin scrub', 'face serum', 'skincare mask']",3
"A user has made a query ""cable ethernet cat7, 25 metro cable de red con conector rj45 (10 gigabit, 600mhz, lan cable blindad"". What kind of product is he probably looking for?","['wiring assembly', 'electronic wire', 'lipstick', 'electronic cable']",3
"A user has made a query ""trinity and madison toys"". What kind of product is he probably looking for?","['steering wheel', 'suitcase', 'toy figure', 'body deodorant']",2
"Which of the following product categories is most related to the query ""womens 4 in chino shorts""?","['corset', 'robe', 'overalls', 'shorts']",3
"Which of the following product categories is most related to the query ""office chair for kids with back support""?","['table', 'sofa', 'chair', 'stool']",2
"Which of the following product categories is most related to the query ""sweaters jackets for heavy winter for all size for women""?","['power strip', 'monitor', 'skin blemish remover', 'sweatshirt']",3
"A user has made a query ""front cover car shade"". What kind of product is he probably looking for?","['trailer hitch cover', 'car window shade', 'vehicle cover', 'luggage rack']",1
"A user has made a query ""nail extension design black ,pink or grey colour"". What kind of product is he probably looking for?","['hair weave', 'nail polish remover', 'non-permanent tatttoo', 'artificial nail']",3
"Which of the following product categories is most related to the query ""a4 style storage box""?","['storage box', 'storage rack', 'portable toolkit', 'jewelry container']",0
"Which of the following product categories is most related to the query ""tank tops crop with bra""?","['skirt', 'coat', 'shirt', 'swimsuit']",2
"A user has made a query ""gear shifter for stick shift car"". What kind of product is he probably looking for?","['hardware knob', 'lock', 'knee protector', 'printer']",0
"A user has made a query ""charger laptop li-ion 8800ah"". What kind of product is he probably looking for?","['battery', 'handbag', 'charger adapter', 'skipping rope']",2
"Which of the following product categories is most related to the query ""peluches. de. angry. birs""?","['biometric monitor', 'sweatband', 'cleaning brush', 'toy figure']",3
"Which of the following product categories is most related to the query ""white stackable box""?","['portable caddy', 'jewelry container', 'storage box', 'portable toolkit']",2
"A user has made a query ""router cable extender m to f"". What kind of product is he probably looking for?","['wiring assembly', 'electronic wire', 'car seat', 'electronic cable']",3
"A user has made a query ""car mobile charger 43w"". What kind of product is he probably looking for?","['charger adapter', 'battery charger', 'astringent substance', 'blazer']",0
"Which of the following product categories is most related to the query ""screenprotector lenovo tab 2 a10-30""?","['watch', 'screen shield', 'umbrella', 'writing tools']",1
"Which of the following product categories is most related to the query ""support jogging bottoms for women""?","['tie', 'handbag', 'pants', 'dress']",2
"Which of the following product categories is most related to the query ""anker life auriculares hibridos""?","['headphones', 'audio recorder', 'tuner', 'mp3 audio player']",0
"Which of the following product categories is most related to the query ""curtains for master bedroom 63inch""?","['curtain', 'furniture cover', 'hammock', 'hanging decoration']",0
"Which of the following product categories is most related to the query ""rele moto frecce led honda""?","['steering wheel', 'car seat', 'fuel filter', 'vehicle light assembly']",3
"Which of the following product categories is most related to the query ""room lock with lock""?","['lock', 'jewelry set', 'hardware knob', 'tunic']",2
"A user has made a query ""aphison owl wallet"". What kind of product is he probably looking for?","['waist pack', 'wallet', 'duffel bag', 'suitcase']",1
"A user has made a query ""woman coats wool"". What kind of product is he probably looking for?","['coat', 'sweater', 'tracksuit', 'corset']",0
"Which of the following product categories is most related to the query ""funko pop hannibal lecter chase""?","['shampoo', 'toy figure', 'pet clothing', 'wall decor']",1
"A user has made a query ""cortina black out cerez"". What kind of product is he probably looking for?","['curtain', 'home mirror', 'hammock', 'hanging decoration']",0
"Which of the following product categories is most related to the query ""garage ficher price""?","['audio-video receiver', 'toy figure', 'scarf', 'binocular']",1
"A user has made a query ""huion hs610"". What kind of product is he probably looking for?","['computer mouse', 'drawing tablet', 'multiport hub', 'input pen']",1
"A user has made a query ""fountain nozzle head 1 1/4"". What kind of product is he probably looking for?","['valve', 'scissors', 'bra', 'signage']",0
"Which of the following product categories is most related to the query ""club room stripe sweater for men""?","['arm sleeve', 'coat', 'skirt', 'sweater']",3
"Which of the following product categories is most related to the query ""wicker cushions brylane tufted""?","['bedding set', 'bed drop', 'bed sheet', 'pillow']",3
"A user has made a query ""girls dress 5-6 years 5 to 6 year girls gown"". What kind of product is he probably looking for?","['skirt', 'arm sleeve', 'tracksuit', 'dress']",3
"A user has made a query ""boy school style bag"". What kind of product is he probably looking for?","['backpack', 'sleeping bag', 'clock', 'sweatband']",0
"Which of the following product categories is most related to the query ""dvd bluray rack""?","['bottle', 'storage rack', 'storage box', 'portable caddy']",1
"A user has made a query ""ceiling lamp shade living room"". What kind of product is he probably looking for?","['light fixture', 'lamp', 'candle', 'buoyancy device']",0
"Which of the following product categories is most related to the query ""tube led 88""?","['bike tyre', 'light bulb', 'voltage converter', 'DV recorder']",1
"Which of the following product categories is most related to the query ""biat earphones for mobile with mic""?","['integrated stereo system', 'radio', 'record player', 'headphones']",3
"A user has made a query ""microphone 192khz"". What kind of product is he probably looking for?","['integrated stereo system', 'microphone', 'headphones', 'radio']",1
"Which of the following product categories is most related to the query ""imitation chain stylish girls""?","['jewelry set', 'charm', 'apparel pin', 'ring']",0
"A user has made a query ""memory card cf"". What kind of product is he probably looking for?","['antenna', 'electronic device docking station', 'power converter', 'flash memory']",3
"Which of the following product categories is most related to the query ""chinese waving cat 8”""?","['hanging decoration', 'curtain', 'decor magnet', 'furniture cover']",0
"A user has made a query ""stetson hats for men straw cowboy 7 1/2"". What kind of product is he probably looking for?","['coat', 'hat', 'vest', 'shorts']",1
"Which of the following product categories is most related to the query ""trash bag holder coutlet""?","['wiring assembly', 'animal harness', 'wind chime', 'garbage bin']",3
"Which of the following product categories is most related to the query ""heavy duty chaislong garden furniture cover""?","['hammock', 'curtain', 'decor magnet', 'furniture cover']",3
"A user has made a query ""small pump bottle for lotion"". What kind of product is he probably looking for?","['shoe bag', 'duffel bag', 'makeup case', 'waist pack']",2
"A user has made a query ""sony 65xh8096"". What kind of product is he probably looking for?","['television', 'videocassette recorder', 'disc player', 'video projector']",0
"A user has made a query ""wide belt swiss army knife pouch"". What kind of product is he probably looking for?","['utility holsters', 'golf club', 'sport mitt', 'sweatband']",0
"Which of the following product categories is most related to the query ""horlogebandje galaxy watch active 2 leer""?","['underwears', 'watch band', 'license plate frames', 'wallet']",1
"Which of the following product categories is most related to the query ""ipad air 4 anker charging cable""?","['wiring assembly', 'electronic wire', 'portable stove', 'electronic cable']",3
"A user has made a query ""baby girl bonnet newborn prime"". What kind of product is he probably looking for?","['hat', 'sweater', 'bra', 'blazer']",0
"A user has made a query ""galaxy a wireless charging"". What kind of product is he probably looking for?","['battery charger', 'e-book reader', 'tie', 'charger adapter']",3
"Which of the following product categories is most related to the query ""toshiba laptop charger satelite""?","['battery charger', 'pistol holster', 'charger adapter', 'decor magnet']",2
"A user has made a query ""mask face barcelona"". What kind of product is he probably looking for?","['shirt', 'tracksuit', 'arm sleeve', 'vest']",0
"Which of the following product categories is most related to the query ""annnwzzd 8k hdmi 2.1 cable – 10-foot""?","['wiring assembly', 'electronic wire', 'makeup case', 'electronic cable']",3
"Which of the following product categories is most related to the query ""router ho mobile sim""?","['wireless signal booster', 'internet router', 'skin cleanser', 'mouthwash']",1
"Which of the following product categories is most related to the query ""black and blue silicone mens womens matching wedding bands""?","['apparel pin', 'necklace', 'piercing jewelry', 'ring']",3
"Which of the following product categories is most related to the query ""life smartwatch""?","['camera', 'monitor', 'wearable computer', 'storage binder']",2
"A user has made a query ""shorts a long sleeve pajamas"". What kind of product is he probably looking for?","['corset', 'coat', 'shirt', 'suit']",2
"A user has made a query ""organic cotton towels"". What kind of product is he probably looking for?","['bed sheet', 'blanket', 'towel', 'bedding set']",2
"Which of the following product categories is most related to the query ""large map of italy""?","['satellite receiver', 'multi-purpose tool set', 'wall decor', 'electric motor']",2
"A user has made a query ""white casual trousers slim fit for men"". What kind of product is he probably looking for?","['handbag', 'tie', 'shirt', 'pants']",3
"A user has made a query ""arty mind"". What kind of product is he probably looking for?","['sleeping mattress', 'weightlifting belt', 'rug', 'graphics card']",2
"Which of the following product categories is most related to the query ""magnetic door window curtain 21x35""?","['curtain', 'hanging decoration', 'furniture cover', 'decor magnet']",0
"A user has made a query ""e12 15w incandescent candelabra chandelier light bulb"". What kind of product is he probably looking for?","['modem', 'light bulb', 'coffee machine', 'bike wheel']",1
"A user has made a query ""long short kurta latest 200"". What kind of product is he probably looking for?","['bra', 'shirt', 'tracksuit', 'dress']",3
"A user has made a query ""sensor light for shower daylight"". What kind of product is he probably looking for?","['light fixture', 'lamp', 'candle', 'camera support']",0
"A user has made a query ""teal ans orange curtains"". What kind of product is he probably looking for?","['hanging decoration', 'hammock', 'curtain', 'decor magnet']",2
"A user has made a query ""love yourself jacket bts"". What kind of product is he probably looking for?","['sweatshirt', 'integrated stereo system', 'piercing jewelry', 'table']",0
"A user has made a query ""women arcteryx sweater"". What kind of product is he probably looking for?","['robe', 'sweater', 'coat', 'corset']",2
"Which of the following product categories is most related to the query ""affiche bar""?","['mouse pad', 'wall decor', 'bathwater additive', 'buoyancy device']",1
"Which of the following product categories is most related to the query ""cross trail bici""?","['bike tyre', 'bike wheel', 'bicycle', 'camera cleaner']",0
"Which of the following product categories is most related to the query ""clear boxes for storage 20l""?","['portable toolkit', 'portable caddy', 'jewelry container', 'storage box']",3
"Which of the following product categories is most related to the query ""portable battery powered flood lights""?","['lamp', 'candle', 'light fixture', 'drawing tablet']",2
"A user has made a query ""gigabyte h310m s2h 2.0 motherboard intel 1151 d4 m-atx"". What kind of product is he probably looking for?","['mainboard', 'power supply unit', 'central processing unit', 'input-output card']",0
"Which of the following product categories is most related to the query ""led solar power callapsable lantern""?","['light fixture', 'candle', 'calendar', 'lamp']",3
"A user has made a query ""triangular wood bedside lamp"". What kind of product is he probably looking for?","['lamp', 'light fixture', 'candle', 'tuner']",1
"Which of the following product categories is most related to the query ""tent dor pick up truck""?","['sleeping bag', 'tent', 'sleeping mattress', 'mess kit']",1
"Which of the following product categories is most related to the query ""lightweight light up shoes for toddler boys""?","['slipper', 'coat', 'traction cleat', 'shoes']",3
"A user has made a query ""alexa echo dot 3rd generation speaker"". What kind of product is he probably looking for?","['hair iron', 'mobile device mount', 'scissors', 'snow pant']",1
"A user has made a query ""wooden wireless earphones"". What kind of product is he probably looking for?","['radio', 'integrated stereo system', 'headphones', 'mp3 audio player']",2
"A user has made a query ""night ware t-shirt & pants for women stylish latest 3xl"". What kind of product is he probably looking for?","['pants', 'corset', 'leotard', 'bra']",0
"Which of the following product categories is most related to the query ""thandles chrome set""?","['tweezer', 'scissors', 'spanner', 'winding reel']",2
"A user has made a query ""cover chiavi keyless 500x"". What kind of product is he probably looking for?","['projector screen', 'remote controller', 'electronic device cover', 'electronic device docking station']",1
"A user has made a query ""the balad of the song of birds and snakes"". What kind of product is he probably looking for?","['book', 'calendar', 'sport goal', 'survival kit']",1
"Which of the following product categories is most related to the query ""qube by fort collins mens bomber jacket""?","['arm sleeve', 'coat', 'blazer', 'suit']",1
"Which of the following product categories is most related to the query ""cam pc win10""?","['satellite receiver', 'camcorder', 'video projector', 'DV recorder']",1
"Which of the following product categories is most related to the query ""spy ninja kit chad wild clay ariel squishy balls""?","['wheel', 'writing tools', 'screen shield', 'watch']",1
"Which of the following product categories is most related to the query ""cadre stealth bomber""?","['bicycle', 'bike wheel', 'bike tyre', 'storage box']",0
"Which of the following product categories is most related to the query ""plastic waller""?","['wallet', 'waist pack', 'shoe bag', 'suitcase']",0
"Which of the following product categories is most related to the query ""tshirt garcon 9 ans groot""?","['food bib', 'shirt', 'vest', 'corset']",1
"Which of the following product categories is most related to the query ""hene tingura""?","['hair dye', 'shampoo', 'hair curler', 'hair styling agent']",0
"Which of the following product categories is most related to the query ""sling mobile money bags for women""?","['handbag', 'hat', 'overalls', 'shorts']",0
"Which of the following product categories is most related to the query ""hi-tec shoes slip on""?","['slipper', 'bulletin board', 'shoes', 'fishing reel']",2
"Which of the following product categories is most related to the query ""jurressic park t-rex""?","['leotard', 'magnifier', 'charm', 'toy figure']",3
"Which of the following product categories is most related to the query ""45th birthday t shirt""?","['leotard', 'shirt', 'coat', 'swimsuit']",1
"A user has made a query ""dog clothes heads up for tails"". What kind of product is he probably looking for?","['pet collar', 'pet clothing', 'animal harness', 'leash']",1
"Which of the following product categories is most related to the query ""forever kiss force repair""?","['hair styling agent', 'hair curler', 'hair clip', 'conditioner']",3
"Which of the following product categories is most related to the query ""usb c headphones with microphone for phone""?","['headphones', 'audio recorder', 'radio', 'tuner']",0
"A user has made a query ""baby room grey black out curtains"". What kind of product is he probably looking for?","['furniture cover', 'hanging decoration', 'decor magnet', 'curtain']",3
"Which of the following product categories is most related to the query ""polymer leads 0,7mm""?","['knife', 'writing tools', 'umbrella', 'watch']",1
"Which of the following product categories is most related to the query ""spigen glass tr fit screen protector pour iphone xs""?","['knife', 'writing tools', 'screen shield', 'wheel']",2
"A user has made a query ""hero4 waterproof camera"". What kind of product is he probably looking for?","['DV recorder', 'video projector', 'disc player', 'camcorder']",3
"Which of the following product categories is most related to the query ""t shirt for woman style""?","['vest', 'overalls', 'shirt', 'pants']",2
"A user has made a query ""10k white gold band"". What kind of product is he probably looking for?","['ring', 'bracelet', 'piercing jewelry', 'apparel pin']",0
"A user has made a query ""green tea blackhead deep cleansing mask"". What kind of product is he probably looking for?","['skin cleanser', 'skin cleaning wipe', 'skincare mask', 'sunscreen']",2
"Which of the following product categories is most related to the query ""use3.0 type c cable matter""?","['power cable', 'marker', 'electronic adapter', 'car window shade']",2
"A user has made a query ""bibliotheque 60 par 200"". What kind of product is he probably looking for?","['bottle', 'storage box', 'portable toolkit', 'storage rack']",1
"A user has made a query ""westcaot"". What kind of product is he probably looking for?","['vest', 'sweater', 'tracksuit', 'bra']",0
"Which of the following product categories is most related to the query ""chubiee labels child""?","['badge holder', 'stapler', 'label', 'storage binder']",2
"A user has made a query ""cat 7 25 ft ethernet cable matters"". What kind of product is he probably looking for?","['wiring assembly', 'electronic wire', 'electronic cable', 'tweezer']",2
"Which of the following product categories is most related to the query ""photo and drone bag""?","['sunless tanner', 'backpack', 'electric circuit testing device', 'printer']",1
"A user has made a query ""goody comb clip"". What kind of product is he probably looking for?","['hair brush', 'hair clip', 'hair dye', 'comb']",3
"A user has made a query ""teach watch for child to under 100"". What kind of product is he probably looking for?","['wheel', 'screen shield', 'knife', 'watch']",3
"Which of the following product categories is most related to the query ""playmobil history class""?","['suspender', 'pants', 'toy figure', 'earplug']",2
"Which of the following product categories is most related to the query ""popart quadri wander woman""?","['sacco chair', 'wall decor', 'hairband', 'BBQ grill']",1
"Which of the following product categories is most related to the query ""cursive letters stickers and""?","['fabric', 'sticker decal', 'spark plug', 'microphone']",1
"A user has made a query ""nix professional makeup sfx setting powder"". What kind of product is he probably looking for?","['lipstick', 'eye mascara', 'face shaping makeup', 'face powder']",3
"A user has made a query ""licorne bike 26 inches disk brakes"". What kind of product is he probably looking for?","['bike wheel', 'bike tyre', 'freestanding shelter', 'bicycle']",3
"A user has made a query ""girls shoes style 16 17 years led lite"". What kind of product is he probably looking for?","['slipper', 'sleeping bag', 'television', 'shoes']",3
"Which of the following product categories is most related to the query ""party wear off shoulder tops for women western""?","['suit', 'hat', 'shirt', 'coat']",2
"A user has made a query ""frame to fit world map 32""x50"""". What kind of product is he probably looking for?","['sofa', 'stool', 'table', 'cabinet']",3
"Which of the following product categories is most related to the query ""tablet fire 10 pulgadas android 9.0 2ghz""?","['tablet computer', 'audio card', 'graphics card', 'printer']",0
"Which of the following product categories is most related to the query ""baby bat halloween costume 24 months""?","['costume mask', 'non-permanent tatttoo', 'trampoline', 'costume outfit']",3
"A user has made a query ""mens sorganic hampoo"". What kind of product is he probably looking for?","['shampoo', 'conditioner', 'hair dye', 'topical hair regrowth treatment']",0
"Which of the following product categories is most related to the query ""memory card 128gb micro sd with housing for computer""?","['projector screen', 'battery', 'flash memory', 'electronic device cover']",2
"A user has made a query ""crystal flyer puppe"". What kind of product is he probably looking for?","['water pump', 'toy figure', 'book', 'vehicle bag']",1
"A user has made a query ""stickers for wall decoration attractive"". What kind of product is he probably looking for?","['fabric', 'fishhook', 'portable toolkit', 'sticker decal']",3
"A user has made a query ""brown to blonde hair lightener"". What kind of product is he probably looking for?","['hair dye', 'conditioner', 'topical hair regrowth treatment', 'hair clip']",0
"A user has made a query ""portatil con amd threadripper"". What kind of product is he probably looking for?","['tv tuner card', 'input-output card', 'central processing unit', 'mainboard']",2
"A user has made a query ""lady bug and cat noor dolls"". What kind of product is he probably looking for?","['license plate frames', 'storage binder', 'curtain', 'toy figure']",3
"Which of the following product categories is most related to the query ""work hard postermotivation""?","['lunchbox', 'rollar skate', 'camera film', 'wall decor']",3
"A user has made a query ""tcl 43ep644 led-tv"". What kind of product is he probably looking for?","['disc player', 'satellite receiver', 'videocassette recorder', 'television']",3
"Which of the following product categories is most related to the query ""t shirt women""?","['shirt', 'vest', 'swimsuit', 'corset']",0
"Which of the following product categories is most related to the query ""logicool anywhere 2s""?","['computer mouse', 'multiport hub', 'drawing tablet', 'input pen']",0
"A user has made a query ""barbie tooth brussh for girls 8 years"". What kind of product is he probably looking for?","['nail dryer', 'toothbrush', 'hair dryer', 'hair iron']",1
"A user has made a query ""wagon r tail light right side outer part"". What kind of product is he probably looking for?","['vehicle mirror', 'steering wheel', 'vehicle light assembly', 'spark plug']",2
"Which of the following product categories is most related to the query ""body scrub deep cleam""?","['lip moisturizer', 'skin cleanser', 'face serum', 'skin cleaning wipe']",1
"Which of the following product categories is most related to the query ""renpho body fat scale smart bmi""?","['weigh scale', 'thermometer', 'electric circuit testing device', 'electromechanical gauge']",0
"A user has made a query ""turtle womens muscle tank"". What kind of product is he probably looking for?","['blazer', 'shirt', 'tracksuit', 'food bib']",1
"Which of the following product categories is most related to the query ""light pink sweatbands""?","['rollar skate', 'sweatband', 'punching bag', 'pepper spray']",1
"Which of the following product categories is most related to the query ""babylis t831e""?","['hair iron', 'dental water flosser', 'electric razor', 'nail dryer']",2
"A user has made a query ""deck box 250 cards"". What kind of product is he probably looking for?","['portable toolkit', 'jewelry container', 'bottle', 'storage box']",3
"Which of the following product categories is most related to the query ""scooter winx""?","['knife', 'toy figure', 'leash', 'eyelid color']",1
"Which of the following product categories is most related to the query ""correa apple watch mujer 42mm""?","['sleeping bag', 'portable stove', 'watch band', 'blazer']",2
"A user has made a query ""damen capri-hose 7/4-shorts"". What kind of product is he probably looking for?","['arm sleeve', 'shorts', 'food bib', 'hat']",1
"Which of the following product categories is most related to the query ""microfibre bath rug set""?","['rug', 'fuel filter', 'sport fastener', 'ring']",0
"Which of the following product categories is most related to the query ""standard horizon mmb-97""?","['light fixture', 'lamp', 'candle', 'eyeglass frame']",0
"Which of the following product categories is most related to the query ""pants thailand men cotton""?","['vest', 'hat', 'pants', 'handbag']",2
"Which of the following product categories is most related to the query ""red vintage sqeater""?","['food bib', 'corset', 'shorts', 'sweater']",3
"A user has made a query ""the north face kadın bordo"". What kind of product is he probably looking for?","['food bib', 'coat', 'blazer', 'skirt']",1
"A user has made a query ""mens shorts hair clippers phillips norelco"". What kind of product is he probably looking for?","['dental water flosser', 'hair trimmer', 'electric razor', 'hair dryer']",2
"Which of the following product categories is most related to the query ""batteria 7.4v 2s wltoys""?","['flash memory', 'battery', 'antenna', 'power converter']",1
"A user has made a query ""fully silicone african american a toddler washable"". What kind of product is he probably looking for?","['shaving foam', 'charger adapter', 'camera', 'toy figure']",3
"A user has made a query ""wingtip bow tie"". What kind of product is he probably looking for?","['corset', 'food bib', 'hat', 'shirt']",3
"Which of the following product categories is most related to the query ""sally miracle gel nail polish top""?","['sunless tanner', 'wig', 'artificial nail', 'nail polish']",3
"A user has made a query ""really useful 35l xl"". What kind of product is he probably looking for?","['bottle', 'storage box', 'portable toolkit', 'jewelry container']",1
"A user has made a query ""vesa mounting plate bracket"". What kind of product is he probably looking for?","['electronic device cover', 'battery', 'flat screen display mount', 'antenna']",2
"Which of the following product categories is most related to the query ""painting butterfly stencils for walls""?","['fabric', 'knife', 'television', 'sticker decal']",3
"Which of the following product categories is most related to the query ""halloween man shot fragrance""?","['personal fragrance', 'air mattress', 'fuel filter', 'tracksuit']",0
"A user has made a query ""capa kindle paperwhite origami couro"". What kind of product is he probably looking for?","['screen shield', 'umbrella', 'wheel', 'writing tools']",0
"A user has made a query ""redness solutions daily protectiv"". What kind of product is he probably looking for?","['skincare mask', 'lip moisturizer', 'skin moisturizer', 'skin cleaning wipe']",2
"A user has made a query ""keyboard hebrew cover macbook pro"". What kind of product is he probably looking for?","['electronic device docking station', 'electronic device cover', 'cord management cover', 'flash memory']",1
"Which of the following product categories is most related to the query ""beron long wavy soft synthetic wig orange bangs""?","['razor blade case', 'shaving brush', 'manual shaving razor', 'wig']",3
"A user has made a query ""paper party polka dot lantern decorations hanging"". What kind of product is he probably looking for?","['portable stove', 'coffee machine', 'toaster oven', 'electric fan']",3
"Which of the following product categories is most related to the query ""mouthwash mit alcohol""?","['astringent substance', 'emergency kit', 'toothbrush head', 'mouthwash']",3
"Which of the following product categories is most related to the query ""babyliss prodigital 6000e""?","['nail dryer', 'hair dryer', 'electric razor', 'dental water flosser']",1
"A user has made a query ""costume for monkey"". What kind of product is he probably looking for?","['costume mask', 'mobile device mount', 'modem', 'costume outfit']",3
"A user has made a query ""magick year planner"". What kind of product is he probably looking for?","['book', 'teeth floss', 'calendar', 'hair dryer']",2
"Which of the following product categories is most related to the query ""freya wild frill halter""?","['vest', 'tie', 'swimsuit', 'tracksuit']",2
"Which of the following product categories is most related to the query ""black earrings clip on for women""?","['ring', 'earring', 'apparel pin', 'bracelet']",1
"Which of the following product categories is most related to the query ""fluke networks microscanner 2""?","['wiring assembly', 'electronic wire', 'skin scrub', 'electronic cable']",3
"Which of the following product categories is most related to the query ""loreal magic retouch white roots to light blonde""?","['hair dye', 'topical hair regrowth treatment', 'hair tie', 'hair styling agent']",0
"A user has made a query ""earbuds soundcore"". What kind of product is he probably looking for?","['record player', 'integrated stereo system', 'headphones', 'mp3 audio player']",2
"A user has made a query ""galaxy s7 charger cable 90 degrees"". What kind of product is he probably looking for?","['electronic cable', 'wiring assembly', 'electronic wire', 'sport goal']",0
"Which of the following product categories is most related to the query ""im a stoner shirt fire""?","['shirt', 'blazer', 'robe', 'corset']",0
"Which of the following product categories is most related to the query ""beach women turkish kafta""?","['robe', 'bra', 'swimsuit', 'hat']",2
"Which of the following product categories is most related to the query ""columbia rugged path parka""?","['tie', 'food bib', 'coat', 'skirt']",2
"A user has made a query ""chaqueta members only hombre"". What kind of product is he probably looking for?","['coat', 'corset', 'food bib', 'overalls']",0
"A user has made a query ""framed art mounting tape"". What kind of product is he probably looking for?","['fabric', 'sticker decal', 'sport helmet', 'facial tissue']",0
"Which of the following product categories is most related to the query ""tank tops son of anarchy""?","['shirt', 'arm sleeve', 'pants', 'swimsuit']",0
"Which of the following product categories is most related to the query ""souke sports shirt""?","['tie', 'food bib', 'shirt', 'robe']",2
"A user has made a query ""pans with caps"". What kind of product is he probably looking for?","['writing tools', 'umbrella', 'screen shield', 'knife']",0
"A user has made a query ""usb multicontacto playstation"". What kind of product is he probably looking for?","['input pen', 'drawing tablet', 'multiport hub', 'computer mouse']",2
"A user has made a query ""womens sun hat with bug netting"". What kind of product is he probably looking for?","['overalls', 'hat', 'shirt', 'suit']",1
"Which of the following product categories is most related to the query ""best pillow ever bamboo""?","['bed drop', 'pillow', 'bedding set', 'towel']",1
"Which of the following product categories is most related to the query ""philips kids on ear shk""?","['mp3 audio player', 'microphone', 'audio recorder', 'headphones']",3
"A user has made a query ""folding natural cotton storage box"". What kind of product is he probably looking for?","['jewelry container', 'bottle', 'storage box', 'portable toolkit']",2
"Which of the following product categories is most related to the query ""boys cap""?","['corset', 'sweater', 'arm sleeve', 'hat']",3
"Which of the following product categories is most related to the query ""brother p-touch 1090""?","['stapler', 'label', 'ink fluid', 'compressed air can']",1
"A user has made a query ""hair wigs for women red medium length"". What kind of product is he probably looking for?","['manual shaving razor', 'wig', 'razor blade case', 'hair weave']",1
"A user has made a query ""vatsin front and back guard for realme x3"". What kind of product is he probably looking for?","['watch', 'writing tools', 'screen shield', 'knife']",2
"A user has made a query ""size 4 womens pull on pants"". What kind of product is he probably looking for?","['blazer', 'overalls', 'pants', 'leotard']",2
"A user has made a query ""rond 11cm"". What kind of product is he probably looking for?","['tarpaulin', 'cleaning brush', 'drink mat', 'material handling truck']",2
"Which of the following product categories is most related to the query ""sofa set covers 3 sofa seat covers multicolour cotton with flowers printed""?","['curtain', 'furniture cover', 'decor magnet', 'hammock']",1
"Which of the following product categories is most related to the query ""18th inches ring light with stand""?","['luminance meter', 'camera flashlight', 'camera cleaner', 'background']",1
"A user has made a query ""green leaf art with frames"". What kind of product is he probably looking for?","['vehicle brake disc', 'bra', 'boxing glove', 'wall decor']",3
"Which of the following product categories is most related to the query ""hair rebonding cream 1kg pack""?","['topical hair regrowth treatment', 'hair clip', 'conditioner', 'hair styling agent']",3
"A user has made a query ""xtra small body harness with leash for puppies"". What kind of product is he probably looking for?","['animal harness', 'leash', 'animal sleeping pad', 'pet collar']",0
"Which of the following product categories is most related to the query ""yellow trash can""?","['garbage bin', 'dress', 'tweezer', 'driving recorder']",0
"Which of the following product categories is most related to the query ""wacom stylet bamboo sketch""?","['input pen', 'drawing tablet', 'multiport hub', 'computer mouse']",0
"A user has made a query ""frigidare door screw"". What kind of product is he probably looking for?","['lock', 'hardware knob', 'writing tools', 'wheel']",1
"A user has made a query ""snall neon yellow sns dipping powder"". What kind of product is he probably looking for?","['nail polish remover', 'manual shaving razor', 'shaving brush', 'nail polish']",3
"A user has made a query ""powery bateria para würth modelo 0700956730"". What kind of product is he probably looking for?","['power converter', 'battery', 'cord management cover', 'electronic device docking station']",1
"A user has made a query ""pokemon fire gx"". What kind of product is he probably looking for?","['gaming dice', 'hat', 'tabletop game', 'sofa']",2
"Which of the following product categories is most related to the query ""white heather perfume""?","['personal fragrance', 'utility holsters', 'camera protector', 'garbage bin']",0
"A user has made a query ""wall decals tile"". What kind of product is he probably looking for?","['fabric', 'outboard engine', 'snow pant', 'sticker decal']",3
"Which of the following product categories is most related to the query ""plastic name badge holders with clips""?","['badge holder', 'clipboard', 'compressed air can', 'ink fluid']",0
"A user has made a query ""biscits by post"". What kind of product is he probably looking for?","['table', 'cabinet', 'chair', 'sofa']",1
"A user has made a query ""frock for 15-16 year girl"". What kind of product is he probably looking for?","['coat', 'dress', 'shirt', 'overalls']",1
"Which of the following product categories is most related to the query ""parfum heren creed""?","['hat', 'rangefinder', 'sleeping mattress', 'personal fragrance']",3
"A user has made a query ""cool gift to stay warm"". What kind of product is he probably looking for?","['blanket', 'bed sheet', 'bed drop', 'towel']",0
"Which of the following product categories is most related to the query ""freeman clay and cucumber""?","['sunscreen', 'skincare mask', 'face serum', 'skin cleanser']",1
"Which of the following product categories is most related to the query ""purse kids harry potter cheap""?","['makeup case', 'waist pack', 'duffel bag', 'wallet']",3
"Which of the following product categories is most related to the query ""ds fashion shorts for women""?","['shirt', 'leotard', 'shorts', 'tie']",2
"A user has made a query ""ps4 pro stand vertical"". What kind of product is he probably looking for?","['portable DVD player', 'e-book reader', 'portable electronic device holder', 'monitor']",2
"Which of the following product categories is most related to the query ""wqhd 27inch type c""?","['wearable computer', 'camera', 'cleaning brush', 'monitor']",3
