question,choices,answer
Which of the following brands provides the most similar products to the brand L LAVAREDO in the product category watch?,"['TheraBreath', 'Disney Frozen', 'CREATIVE', 'Philips']",1
Which of the following brands is the most similar to the brand BY BENYAR in the product category watch?,"['JSAUX', 'Contigo', 'Casio', 'COMMOUDS']",2
Which of the following brands is the most similar to the brand SOCICO in the product category watch?,"['Timex', 'Nuduko', 'Sun Bum', 'SCEPTRE']",0
Consider the product type onboard camera and the brand Kingslim. Which of the following brand is the most similar or related to it?,"['PUSOKEI', '70mai', 'HEAD', 'Cloudray']",1
Consider the product type onboard camera and the brand Blueskysea. Which of the following brand is the most similar or related to it?,"['3DActive', 'EKEN', 'Midland', 'INNOVV']",3
Which of the following brands is the most similar to the brand 70mai in the product category onboard camera?,"['ssontong', 'Kahopy', 'NIIMBOT', 'SanDisk']",0
Which of the following brands is the most similar to the brand Bioworld in the product category hat?,"['amscan', 'Oral-B', 'CONFU', 'Simocked']",3
Which of the following brands provides the most similar products to the brand Juvale in the product category hat?,"['AliveCor', 'PRITOM', 'Vinpower Digital', 'HYZRZ']",3
Which of the following brands is the most similar to the brand Bioworld in the product category hat?,"['GEANBAYE', 'Hotcool', 'Spring Notion', 'Sun Bum']",0
Which of the following brands is the most similar to the brand Lianshp in the product category shorts?,"['Artist Unknown', 'STRETCH IS COMFORT', 'LEG AVENUE', 'MAYBELLINE']",1
Which of the following brands is the most similar to the brand Amazon Essentials in the product category shorts?,"['Champion', 'DEPSTECH', 'TIMMKOO', 'MKBOO']",0
Consider the product type shorts and the brand OQQ. Which of the following brand is the most similar or related to it?,"['Soothfeel', 'OFVENS', 'DITHIN', 'THEFACESHOP']",0
Which of the following brands provides the most similar products to the brand COOFANDY in the product category coat?,"['JieSuDa', 'Jennov', 'TACVASEN', 'MAYBELLINE']",2
Which of the following brands is the most similar to the brand Allegra K in the product category coat?,"['NOW', 'Moshify', 'Zeagoo', 'Fantronics']",2
Consider the product type coat and the brand FROGG TOGGS. Which of the following brand is the most similar or related to it?,"['HWK', 'Breville', 'Tombow', 'DEPSTECH']",0
Which of the following brands provides the most similar products to the brand Dearfoams in the product category slipper?,"['Hanes', 'Neutrogena', 'Lavender Violets', 'Victrola']",0
Consider the product type slipper and the brand Comwarm. Which of the following brand is the most similar or related to it?,"['Makukke', 'Dearfoams', 'DRJ', 'Coleman']",1
Which of the following brands provides the most similar products to the brand Tbestmax in the product category slipper?,"['Juvale', 'Linksys', 'NETGEAR', ""Uncle Harry's""]",0
Consider the product type bra and the brand Smart & Sexy. Which of the following brand is the most similar or related to it?,"['Wacoal', 'MAYBELLINE', 'Champion', 'Techcify']",0
Which of the following brands is the most similar to the brand PUMA in the product category bra?,"['SOJOS', 'omzer', 'RUNNING GIRL', 'GOODFUL']",2
Which of the following brands provides the most similar products to the brand Hanes in the product category bra?,"['Marycrafts', 'LIJIANI', 'Fruit of the Loom', 'HelloBaby']",2
Which of the following brands provides the most similar products to the brand CIBIRICH in the product category necklace?,"['Plugable', 'Avashine', 'Utopia Kitchen', 'M MOOHAM']",3
Which of the following brands is the most similar to the brand Meow Star in the product category necklace?,"['Sllaiss', 'Moshify', 'Amazfit', 'Handmade Heroes']",0
Consider the product type necklace and the brand IEFLIFE. Which of the following brand is the most similar or related to it?,"['Fcebsty', 'Joycuff', 'FineDine', 'Resinta']",1
Which of the following brands provides the most similar products to the brand d'alba Piedmont in the product category sunscreen?,"['COSRX', 'SUNLU', 'iiwey', 'Linksys']",0
Which of the following brands provides the most similar products to the brand ELTA MD in the product category sunscreen?,"['Rioddas', 'Howard Leight', 'Coppertone', 'MonBaby']",2
Which of the following brands provides the most similar products to the brand Babyganics in the product category sunscreen?,"['LLi Cufite', 'RARJSM', '4URPC', 'Aveeno']",3
Consider the product type electric shaver and the brand PRITECH. Which of the following brand is the most similar or related to it?,"['Tyler', 'Melitta', 'Oyuiasle', 'Remington']",3
Which of the following brands is the most similar to the brand kensen in the product category electric shaver?,"['FLYMEI', 'AZNECK', 'FINISHING TOUCH', 'VENTION']",2
Which of the following brands provides the most similar products to the brand Philips in the product category electric shaver?,"['Avoogue', 'Stanley', 'YOWHICK', 'PRITECH']",3
Which of the following brands provides the most similar products to the brand LAFEGEN in the product category shoes?,"['Senston', 'E-FAK', 'PRO SPIN', 'SanDisk']",1
Which of the following brands is the most similar to the brand New Balance in the product category shoes?,"['PILLANI', 'Homemory', 'Thestron', 'T TAKMLY']",2
Consider the product type shoes and the brand Skechers. Which of the following brand is the most similar or related to it?,"['Ulensy', 'COSIDRAM', 'Dollger', 'KissTies']",1
Which of the following brands provides the most similar products to the brand Threadheads in the product category backpack?,"['Milliard', 'Vicien', 'SaphiRose', '3DActive']",1
Consider the product type backpack and the brand Lenovo. Which of the following brand is the most similar or related to it?,"['OAREA', 'AMULISS', 'Patelai', ""The Children's Place""]",0
Which of the following brands is the most similar to the brand SEGA in the product category backpack?,"['Westinghouse', 'ELEPHAS', 'KYY', 'SUPER MARIO']",3
Consider the product type writing instrument and the brand Dritz. Which of the following brand is the most similar or related to it?,"['Gigastone', 'NETGEAR', 'Plackers', 'Brusarth']",3
Consider the product type writing instrument and the brand Chalk City. Which of the following brand is the most similar or related to it?,"['La Crosse Technology', '720-S', 'Kate Spade New York', 'ArtCreativity']",3
Which of the following brands is the most similar to the brand ESSSHOP in the product category writing instrument?,"['DHC', 'molshine', 'Concept One', 'OZO Fitness']",1
Consider the product type remote control and the brand ZSSElec. Which of the following brand is the most similar or related to it?,"['Idealforce', 'TheCoolCube', 'Altitude Boutique', 'TOPESEL']",1
Consider the product type remote control and the brand Sewell. Which of the following brand is the most similar or related to it?,"['DRAGUN BEAUTY', 'TNP Products', 'Facepos', 'TCL']",1
Consider the product type remote control and the brand Gvirtue. Which of the following brand is the most similar or related to it?,"['UPTARD', 'GIGABYTE', 'PDP', 'Carpe']",2
Consider the product type lamp and the brand GooingTop. Which of the following brand is the most similar or related to it?,"['Mailink', 'LORDEM', 'PUNEHOD', 'Super Z Outlet']",1
Which of the following brands is the most similar to the brand Dpower in the product category lamp?,"['attodigit@l', 'LEPOWER', 'SAPLOS', 'ENVY BODY SHOP']",1
Consider the product type lamp and the brand GooingTop. Which of the following brand is the most similar or related to it?,"['MAYBELLINE', 'Arm & Hammer', 'LBW', 'Citizen']",2
Which of the following brands is the most similar to the brand culivis in the product category wallet?,"['Native', 'Oakley', 'Esbio Ssem', 'BFYTN']",2
Consider the product type wallet and the brand Peacocktion. Which of the following brand is the most similar or related to it?,"['WAHL', 'APHISON', 'AnNido', 'Holy rose']",1
Which of the following brands is the most similar to the brand ACdream in the product category wallet?,"['UICINOY', 'Doulove', 'Maple Holistics', 'AIMONOCIN']",1
Which of the following brands is the most similar to the brand FIBO STEEL in the product category earring?,"['Original Stationery', 'Wssxc', 'EZDIY-FAB', 'Amazon Basics']",1
Which of the following brands is the most similar to the brand Balanced Co. in the product category earring?,"['KAPVOE', 'Cosywell', 'Clairol', 'AOBOCO']",3
Which of the following brands provides the most similar products to the brand WEVENI in the product category earring?,"['BROTHER', 'SEIRAA', 'Scosche', 'PAW PATROL']",1
Which of the following brands is the most similar to the brand softvox in the product category earplug?,"['Maydahui', 'e4Hats.com', 'SUNYIK', ""Mack's""]",3
Which of the following brands provides the most similar products to the brand Flents in the product category earplug?,"['Quality Plugs by Rips', 'SACE LADY', 'Amicool', 'ZOSI']",0
Which of the following brands provides the most similar products to the brand Loop in the product category earplug?,"['RunningSnail', 'isotoner', 'WAHL', 'LYSIAN']",3
Consider the product type sunglasses and the brand SERENGETI. Which of the following brand is the most similar or related to it?,"['sidefeel', 'Gonex', 'FEISEDY', 'Muryobao']",2
Which of the following brands provides the most similar products to the brand FEISEDY in the product category sunglasses?,"['MiroPure', 'Jiose', 'Dollger', 'TAILONZ PNEUMATIC']",2
Which of the following brands is the most similar to the brand MEETSUN in the product category sunglasses?,"['DoSmarter', 'e.l.f.', 'Goodr', 'Cetaphil']",2
Which of the following brands is the most similar to the brand AKEWEI in the product category pants?,"['NoCry', 'Kryptek', 'The Outdoor Optimist', 'Rimmel London']",1
Which of the following brands is the most similar to the brand Hanes in the product category pants?,"['Idtswch', 'Oshima Tsubaki', 'Kingslim', 'GlocalMe']",0
Consider the product type pants and the brand Hioinieiy. Which of the following brand is the most similar or related to it?,"['Vinsguir', 'RESHE', 'HAOSUN', 'AMIKA:']",1
Which of the following brands provides the most similar products to the brand COVERGIRL in the product category mascara?,"['Gillette', 'atolla', 'essence cosmetics', 'MANSPOT']",2
Which of the following brands provides the most similar products to the brand Vivienne Sabó in the product category mascara?,"['NIDAGE', 'TOWODE', 'MAYBELLINE', 'EKEN']",2
Which of the following brands provides the most similar products to the brand Physicians Formula in the product category mascara?,"['Hiseeu', 'COVERGIRL', 'KECHIO', 'DAKINE']",1
Which of the following brands is the most similar to the brand Royalbaby in the product category bicycle?,"['Skechers', 'Linksys', 'KSOIT', 'JOYSTAR']",3
Which of the following brands provides the most similar products to the brand Heybike in the product category bicycle?,"['FINETOO', 'ENGWE', 'Speidel', 'POMIACAM']",1
Consider the product type bicycle and the brand Strider. Which of the following brand is the most similar or related to it?,"['JOYSTAR', 'Kajeer', 'NYX PROFESSIONAL MAKEUP', 'Fafeicy']",0
Which of the following brands provides the most similar products to the brand Disney in the product category underpants?,"['MooMoo Baby', 'Neutrogena', 'Amcrest', 'Lucky Brand']",0
Consider the product type underpants and the brand Inspired Comforts. Which of the following brand is the most similar or related to it?,"['MorePro', 'MERKUR', 'TP-Link', 'CARER Healthcare Incontinence Pregnancy']",3
Which of the following brands is the most similar to the brand Calvin Klein in the product category underpants?,"['Fruit of the Loom', 'ENVEL', 'I Jewels', 'The Natural Dentist']",0
Which of the following brands provides the most similar products to the brand MENTODO in the product category skin blemish removal tool?,"['THE NORTH FACE', 'Shott Tech', 'AUUXVA', 'Samsali']",3
Which of the following brands provides the most similar products to the brand Utopia Care in the product category skin blemish removal tool?,"['FREESHOW', 'SIMIYA', 'Flents', 'Oral-B']",0
Which of the following brands is the most similar to the brand Utopia Care in the product category skin blemish removal tool?,"['Jacob Alexander', 'Keary', 'Gillette', 'FREESHOW']",3
Consider the product type skin moisturizer and the brand Westin. Which of the following brand is the most similar or related to it?,"['Popglory', 'NIVEA', 'LifeStride', 'Microsoft']",1
Which of the following brands provides the most similar products to the brand L'OREAL PARIS in the product category skin moisturizer?,"['WILLIT', 'PUMA', 'Clarins', 'OMAIC']",2
Which of the following brands is the most similar to the brand PURE EMU in the product category skin moisturizer?,"['uni', 'Hemp Emu', 'Linksys', 'Touchstone']",1
Which of the following brands provides the most similar products to the brand Cloudstyle in the product category suit?,"['SWEATBLOCK', 'HeMarIsle', 'EVGA', 'Rettru']",1
Which of the following brands provides the most similar products to the brand IyMoo in the product category suit?,"['SHEA MOISTURE', 'Dove', 'isotoner', 'YUNCLOS']",3
Which of the following brands provides the most similar products to the brand Salimdy in the product category suit?,"['Venturer', 'SUSIELADY', 'Kachita Spell', 'FANGOR']",1
Consider the product type sweatshirt and the brand Barlver. Which of the following brand is the most similar or related to it?,"['Scurtain', 'PINKMSTYLE', 'YOUEL', 'Dell']",1
Which of the following brands is the most similar to the brand GURUNVANI in the product category sweatshirt?,"['YUNCHI', 'Clairol Professional', 'e.l.f.', 'Yuccalley']",3
Which of the following brands is the most similar to the brand GINKANA in the product category sweatshirt?,"['Aomago', 'Oral-B', 'Bhome', 'Signature by Levi Strauss & Co. Gold']",2
Which of the following brands provides the most similar products to the brand Samsonite in the product category handbag?,"['Targus', 'POLONO', 'Medique', 'Aveeno']",0
Consider the product type handbag and the brand Lubardy. Which of the following brand is the most similar or related to it?,"['ECOSUSI', 'REDKEN', 'SCOBUTY', 'Batiste']",0
Consider the product type handbag and the brand ORIGINAL COLLECTIONS. Which of the following brand is the most similar or related to it?,"['Acogedor', 'COTON POSE', 'Boogie Board', 'Ulensy']",1
Which of the following brands provides the most similar products to the brand EAZYRUN in the product category safety glasses?,"['PRITOM', 'SMITH & WESSON', 'Vansuny', 'Thestron']",1
Which of the following brands is the most similar to the brand Aegend in the product category safety glasses?,"['Philips', 'FREESHOW', ""Let's Make Memories"", 'Seago']",3
Consider the product type safety glasses and the brand MAGID. Which of the following brand is the most similar or related to it?,"['AMOJI', 'NIIMBOT', 'Petutu', 'Dewalt']",3
Which of the following brands provides the most similar products to the brand Philips in the product category hair trimmer?,"['Barry.Wang', 'RINKUOLYO', 'SIHOHAN', 'Panasonic']",3
Which of the following brands is the most similar to the brand WAHL in the product category hair trimmer?,"['Brushmo', 'REVLON', 'FERNIDA', 'SweatyRocks']",2
Which of the following brands provides the most similar products to the brand Reazeal in the product category hair trimmer?,"['MAYBELLINE', 'MoHern', 'RUIZU', 'BANANA BOAT']",1
Consider the product type wearable computer and the brand cjc. Which of the following brand is the most similar or related to it?,"['JrTrack', 'GOLDWORLD', 'HP', 'JADENS']",0
Which of the following brands is the most similar to the brand Garmin in the product category wearable computer?,"['Amazfit', 'MR. COFFEE', 'biotène', 'Hanes']",0
Consider the product type wearable computer and the brand Popglory. Which of the following brand is the most similar or related to it?,"['KALINCO', 'Chelmon', 'joyliveCY', ""Tom's OF MAINE""]",0
Consider the product type cosmetic case and the brand ECOSUSI. Which of the following brand is the most similar or related to it?,"['VOIKUKKA', 'ASkinds', 'Lambcare', 'XTU']",1
Which of the following brands is the most similar to the brand TSOTMO in the product category cosmetic case?,"['Gatorade', 'ETUDE HOUSE', 'Bliss', 'BDPWSS']",3
Consider the product type cosmetic case and the brand BonyTek. Which of the following brand is the most similar or related to it?,"['NIUTA', 'Kate Blanc Cosmetics', 'Dearfoams', 'HZMAN']",0
Which of the following brands is the most similar to the brand Biolage in the product category shampoo?,"['Alpine Hearing Protection', 'YOCUR', 'CmaaDu', 'NaturVital']",3
Which of the following brands provides the most similar products to the brand Avalon Organics in the product category shampoo?,"['Ufree', 'JASON', 'Wosports', 'ELAIMEI']",1
Which of the following brands provides the most similar products to the brand TRESemmé in the product category shampoo?,"['CAMTOP', 'Moshify', 'Davines', 'molezu']",2
Which of the following brands is the most similar to the brand NewYall in the product category valve?,"['TRYVAT', 'Johnnie Lene', 'SanDisk', 'Quicksilver']",3
Consider the product type valve and the brand Holstein Parts. Which of the following brand is the most similar or related to it?,"['EZDIY-FAB', 'Intel', 'Wild Willies', 'ACDelco']",3
Which of the following brands provides the most similar products to the brand McKillans in the product category valve?,"['Werena', 'Tool Daily', 'Too Cool For School', 'e.l.f.']",1
Which of the following brands is the most similar to the brand Anker in the product category multiport hub?,"['Mr.Van', '3DActive', 'Acasis', 'REVLON']",2
Consider the product type multiport hub and the brand Rosonway. Which of the following brand is the most similar or related to it?,"['SABRENT', 'ULTRAIDEAS', 'Biolage', 'SCOBUTY']",0
Which of the following brands is the most similar to the brand Anker in the product category multiport hub?,"[""Mack's"", 'UCandy', 'OLLGEN', 'SLUYNZ']",2
Which of the following brands provides the most similar products to the brand Kalolary in the product category eyelid color?,"['MAKEMECHIC', 'Dayllon', 'Allwon', 'Hilitand']",2
Which of the following brands is the most similar to the brand Beth Bender Beauty in the product category eyelid color?,"['ASUS', 'UtechSmart', 'TailaiMei', 'Global Vision']",2
Which of the following brands is the most similar to the brand Rimmel London in the product category eyelid color?,"['Proraso', 'Batiste', 'TBMPOY', 'L.A. COLORS']",3
Consider the product type skin cleaning agent and the brand Neutrogena. Which of the following brand is the most similar or related to it?,"['Dr Song', 'TheraBreath', 'Senyum', 'Carfia']",0
Which of the following brands provides the most similar products to the brand JOESOEF SKIN CARE in the product category skin cleaning agent?,"['BOLDIFY', 'Derma-Nu', 'UOUDIO', 'Ningdow']",1
Consider the product type skin cleaning agent and the brand Summer's Eve. Which of the following brand is the most similar or related to it?,"['OLAPLEX', 'Andis', 'SEBAMED', 'Yarra-Decor']",2
Which of the following brands is the most similar to the brand DIVINEEAGLE in the product category security camera?,"['Rettru', 'niupipo', 'bagsmart', 'JmGO']",0
Which of the following brands provides the most similar products to the brand YI in the product category security camera?,"['Kasa', 'TAYTHI', 'SanDisk', 'Red Devil']",0
Consider the product type security camera and the brand Aode. Which of the following brand is the most similar or related to it?,"['Oral-B', 'Simple Mobile', 'Zalmoxe', 'DIVINEEAGLE']",3
Consider the product type costume mask and the brand Zagone Studios. Which of the following brand is the most similar or related to it?,"['Ginkago', 'AGPTEK', 'PHOINIKAS', 'Essential Oxygen']",0
Which of the following brands is the most similar to the brand VANVENE in the product category costume mask?,"['Noctua', 'HXDZFX', 'CRZ YOGA', 'Vakly']",1
Which of the following brands provides the most similar products to the brand PartyHop in the product category costume mask?,"['Pantene', 'Amazon', 'Stegosaurus', 'NEW YORK BIOLOGY THE ULTIMATE COSMECEUTICALS']",2
Which of the following brands is the most similar to the brand SoftLips in the product category lip balm?,"['Computer Upgrade King', 'iOCHOW', 'eos', ""O'Keeffe's""]",2
Consider the product type lip balm and the brand Aquaphor. Which of the following brand is the most similar or related to it?,"['Home Prefer', 'Salimdy', 'ChapStick', 'ZURURU']",2
Which of the following brands provides the most similar products to the brand Rebels Refinery in the product category lip balm?,"['NATURE’S BEES', 'Loritta', 'Hot Tools', 'Hanes']",0
Which of the following brands provides the most similar products to the brand REVLON in the product category hair dryer?,"['TAKEYA', 'Apple', 'firstfly', 'BaBylissPRO']",3
Consider the product type hair dryer and the brand Andis. Which of the following brand is the most similar or related to it?,"['BaBylissPRO', 'Hitron', 'WOSODA', 'Badger']",0
Which of the following brands provides the most similar products to the brand Beautimeter in the product category hair dryer?,"['MiroPure', 'Panasonic', 'Salimdy', 'DreamSky']",0
Consider the product type boxing glove and the brand Sanabul. Which of the following brand is the most similar or related to it?,"['SaikerMan', 'Retrospec', 'KODAK', 'RDX']",3
Which of the following brands provides the most similar products to the brand Jayefo in the product category boxing glove?,"['RDX', 'REVETRO', 'Playstation', 'attodigit@l']",0
Consider the product type boxing glove and the brand RDX. Which of the following brand is the most similar or related to it?,"['DISCOUNT PROMOS', 'eos', 'VASOUN', 'Liberlupus']",3
Consider the product type conditioner and the brand Peach not Plastic. Which of the following brand is the most similar or related to it?,"['Freyry', ""L'OREAL PARIS"", 'NINE WEST', 'Ethique']",3
Consider the product type conditioner and the brand Ethique. Which of the following brand is the most similar or related to it?,"['KGMCARE', 'Ralehong', 'YHTAUTO', 'HIBAR']",3
Which of the following brands provides the most similar products to the brand QLV in the product category conditioner?,"[""L'OREAL PARIS"", '70mai', 'SOME BY MI', 'Venture Pal']",0
Consider the product type flash drive and the brand Aiibe. Which of the following brand is the most similar or related to it?,"['Moroccan Magic', 'Gellen', 'SanDisk', 'aiworth']",2
Which of the following brands provides the most similar products to the brand SanDisk in the product category flash drive?,"['THE ART OF SHAVING', 'GL.iNET', 'FEWINA', 'Listerine']",2
Which of the following brands is the most similar to the brand KEXIN in the product category flash drive?,"['SamData', 'DEGREE', 'Australian Botanical Soap', 'Pacifica']",0
Which of the following brands is the most similar to the brand e.l.f. in the product category face shaping makeup?,"['COVERGIRL', 'TIMMOR MAGIC', ""Mack's"", 'Philips']",0
Consider the product type face shaping makeup and the brand e.l.f.. Which of the following brand is the most similar or related to it?,"['COVERGIRL', 'LUXSURE', 'Steripod', 'Carryown']",0
Consider the product type face shaping makeup and the brand e.l.f.. Which of the following brand is the most similar or related to it?,"['NYX PROFESSIONAL MAKEUP', 'Geotae Zerun', 'ACT', 'SUNTRSI']",0
Which of the following brands provides the most similar products to the brand Elimiic in the product category mp3 player?,"['ZIONOR', 'ROVE', 'Milisente', 'Move2Play']",3
Which of the following brands is the most similar to the brand Sony in the product category mp3 player?,"['Apple', 'Desert Essence', 'adidas', 'Venturer']",0
Consider the product type mp3 player and the brand aiworth. Which of the following brand is the most similar or related to it?,"['Neutrogena', 'RUIZU', 'Christina Moss Naturals', 'INLAND']",1
Which of the following brands is the most similar to the brand Etekcity in the product category air pump?,"['SanDisk', 'Hanes', 'FLEXTAILGEAR', 'Aquasonic']",2
Which of the following brands provides the most similar products to the brand SPORTBIT in the product category air pump?,"['Huffy', 'ShineWorld', 'REVIVL', 'Veidoo']",2
Which of the following brands provides the most similar products to the brand Goplus in the product category air pump?,"['TOODOO', 'American Line', 'Leather CPR', 'Advanced Elements']",3
Which of the following brands provides the most similar products to the brand TAKEYA in the product category coffee maker?,"['Under Armour', 'GOODFUL', 'PAPER MATE', 'Caramella Bubble']",1
Consider the product type coffee maker and the brand TAKEYA. Which of the following brand is the most similar or related to it?,"['MOKiN', 'Oxo', 'GGBuy', 'SCEPTRE']",1
Which of the following brands provides the most similar products to the brand bodum in the product category coffee maker?,"['Replenix', 'LIVLOV', 'Veken', 'CeraVe']",2
Consider the product type computer chassis and the brand Cooler Master. Which of the following brand is the most similar or related to it?,"[""Dr. Brown's"", 'RENPURE', 'Nzxt', 'Peacocktion']",2
Consider the product type computer chassis and the brand AXOTEN. Which of the following brand is the most similar or related to it?,"['New Balance', 'attodigit@l', 'Shark', 'HELOIA']",3
Which of the following brands is the most similar to the brand Vilros in the product category computer chassis?,"['Everlast', 'COLOR WOW', 'Dental Fresh', 'iUniker']",3
Which of the following brands is the most similar to the brand ELECROW in the product category monitor?,"['GuruNanda', 'HMTECH', 'FANGOR', 'Teagas']",1
Consider the product type monitor and the brand LG. Which of the following brand is the most similar or related to it?,"['Liberty Imports', 'AGPTEK', 'IKOZVI', 'ACER']",3
Which of the following brands provides the most similar products to the brand WESTREE in the product category monitor?,"['Xinluying', 'Doulove', 'SIMPLE HOUSEWARE', 'Rimmel London']",2
Consider the product type shaving agent and the brand Lather & Wood Shaving Co. Which of the following brand is the most similar or related to it?,"['Clarks', 'Jayefo', 'Taylor of Old Bond Street', 'XBERSTAR']",2
Which of the following brands provides the most similar products to the brand Skintimate in the product category shaving agent?,"['Motorola', ""L'OREAL PARIS"", 'Neutrogena', 'Kiss My Face']",3
Consider the product type shaving agent and the brand Tree Hut. Which of the following brand is the most similar or related to it?,"['VAN DER HAGEN', 'Disney', 'YUNCLOS', 'Yasoca']",0
Which of the following brands provides the most similar products to the brand Rimmel London in the product category lip color?,"['Newmind', 'CAT', 'CHI', 'REVLON']",3
Which of the following brands provides the most similar products to the brand Rimmel London in the product category lip color?,"['NYX PROFESSIONAL MAKEUP', 'Fitbit', 'UMYOGO', 'Lexar']",0
Consider the product type lip color and the brand Peripera. Which of the following brand is the most similar or related to it?,"['moroinriz', 'COVERGIRL', 'rom&nd', 'RADIUS']",2
Which of the following brands provides the most similar products to the brand MBHAIR in the product category hair iron?,"['FUJIFILM', '7AM2M', 'sixthreezero', 'Hot Tools']",3
Which of the following brands is the most similar to the brand REVLON in the product category hair iron?,"['Aokosor', 'Madison Reed', 'Aleath', 'SUPCEAT']",2
Which of the following brands is the most similar to the brand CHI in the product category hair iron?,"['Kingwin', 'xigua', 'HSI Professional', 'BELLIVERA']",2
Consider the product type hair coloring agent and the brand MANIC PANIC. Which of the following brand is the most similar or related to it?,"['Dreyoo', 'VisionTek', 'PHOINIKAS', ""L'OREAL PARIS""]",3
Which of the following brands is the most similar to the brand L'OREAL PARIS in the product category hair coloring agent?,"['ChapStick', 'Clairol', 'DEGREE', 'Popglory']",1
Which of the following brands provides the most similar products to the brand KERACOLOR in the product category hair coloring agent?,"['FOCALLURE', 'PixelFlash', 'modelones', 'Got2B']",3
Which of the following brands provides the most similar products to the brand THAYERS in the product category astringent substance?,"['LEPOWER', 'Lexar', ""Dickinson's"", 'evpct']",2
Which of the following brands provides the most similar products to the brand Pixi in the product category astringent substance?,"['REDTIGER', 'PNY', 'SOME BY MI', 'Bioderma']",2
Which of the following brands provides the most similar products to the brand Zongle Therapeutics in the product category astringent substance?,"['EPSON', 'PIVHH', 'Timex', ""Dickinson's""]",3
Which of the following brands provides the most similar products to the brand Thermoflask in the product category thermos?,"['Apricorn', 'Brooke & Jess Designs', 'FURTALK', 'niupipo']",1
Which of the following brands is the most similar to the brand H2 HYDROLOGY in the product category thermos?,"['WYZE', 'SENDESTAR', 'Anker', 'Searik']",1
Consider the product type thermos and the brand DREAMING MY DREAM. Which of the following brand is the most similar or related to it?,"['LIARTY', 'wansview', 'womfenn', 'ALAZA']",3
Which of the following brands provides the most similar products to the brand A-Team Performance Parts in the product category electronic component fan?,"['adidas', 'BLACKHORSE-RACING', 'HumanCentric', 'YETI']",1
Which of the following brands provides the most similar products to the brand IN WIN in the product category electronic component fan?,"['aigo', 'Frienda', 'AIBRIT', 'Neutrogena']",0
Which of the following brands is the most similar to the brand Thermaltake in the product category electronic component fan?,"['Remikstyt', 'Easycargo', 'COVERGIRL', 'FANGOR']",1
Which of the following brands is the most similar to the brand Physicians Formula in the product category cosmetic powder?,"[""Johnson's Baby"", 'MAYBELLINE', 'NETGEAR', 'JBOS']",1
Which of the following brands provides the most similar products to the brand e.l.f. in the product category cosmetic powder?,"['War Paint', 'Snoozies', 'BORLTER CLAMP', 'TOUNTLETS']",0
Which of the following brands is the most similar to the brand e.l.f. in the product category cosmetic powder?,"['FridaBaby', 'Dahszhi', 'BliBling', 'Noctua']",2
Which of the following brands is the most similar to the brand Trueocity in the product category toothbrush?,"['Dewalt', 'uni', 'Lingito', 'Schwinn']",2
Consider the product type toothbrush and the brand Patelai. Which of the following brand is the most similar or related to it?,"['AGPTEK', 'INNZA', 'Noctua', 'Oral-B']",3
Consider the product type toothbrush and the brand newrichbee. Which of the following brand is the most similar or related to it?,"['Dreamfarm', 'COLGATE', 'Montana west', 'Gevi']",1
Consider the product type video projector and the brand ViewSonic. Which of the following brand is the most similar or related to it?,"['7AM2M', 'Acogedor', 'Real HD', 'AILESSOM']",3
Which of the following brands is the most similar to the brand EPSON in the product category video projector?,"['PVO', ""wet 'n wild"", 'OneBlade', 'nkomax']",0
Which of the following brands provides the most similar products to the brand TMY in the product category video projector?,"['GiiVEN', 'Disney', 'AuKing', 'Bansusu']",2
Consider the product type biometric monitor and the brand 3DActive. Which of the following brand is the most similar or related to it?,"['Fruit of the Loom', 'ZURURU', 'GARNIER', 'TP-Link']",1
Consider the product type biometric monitor and the brand 3DActive. Which of the following brand is the most similar or related to it?,"['JCHPINE', 'Everlast', 'SAMSUNG', 'OZO Fitness']",3
Which of the following brands is the most similar to the brand DR.VIVA in the product category biometric monitor?,"['Signature by Levi Strauss & Co. Gold', ""L'OREAL PARIS"", 'SEGMINISMART', 'GADIXY']",3
Consider the product type tablet computer and the brand YosaToo. Which of the following brand is the most similar or related to it?,"['Trendsmax', 'E-FAK', 'TOPELOTEK', 'ZOTAC']",2
Which of the following brands provides the most similar products to the brand Lenovo in the product category tablet computer?,"['Cremo', 'Natural Vine', 'PRITOM', 'BLUE LIZARD']",2
Consider the product type tablet computer and the brand MEIZE. Which of the following brand is the most similar or related to it?,"['KEMEI', 'GasSaf', 'Aelflane', 'Apple']",3
Which of the following brands is the most similar to the brand MERKUR in the product category razor blade cartridge?,"['Noctua', 'EVERSECU', 'Gillette', 'Scosche']",2
Consider the product type razor blade cartridge and the brand CANOPUS. Which of the following brand is the most similar or related to it?,"['Antec', 'KNG', 'American Line', 'The Friendly Swede']",2
Which of the following brands is the most similar to the brand derby in the product category razor blade cartridge?,"['SABRENT', 'MERKUR', 'iZEEKER', 'Akunbem']",1
Consider the product type dry shampoo and the brand Acure. Which of the following brand is the most similar or related to it?,"['Hanes', ""Not Your Mother's"", 'Carryown', 'OKKOSTAR']",1
Which of the following brands provides the most similar products to the brand Not Your Mother's in the product category dry shampoo?,"['MUSETEX', 'Eastman', '70mai', 'Dove']",3
Which of the following brands provides the most similar products to the brand Acure in the product category dry shampoo?,"['Adokoo', 'AMIKA:', 'SCOBUTY', 'Fitpolo']",1
Which of the following brands provides the most similar products to the brand Panasonic in the product category radio?,"['Fox Racing', 'Dynacraft', 'Victrola', 'Sanabul']",2
Which of the following brands is the most similar to the brand PowerBear in the product category radio?,"['UGREEN', 'Vondior', 'GooingTop', 'Hagibis']",1
Which of the following brands provides the most similar products to the brand Esky in the product category radio?,"['JOOMRA', 'Raynic', 'FUJIFILM', 'Slow Man']",1
Consider the product type electronic device docking station and the brand MOKiN. Which of the following brand is the most similar or related to it?,"['Dell', 'VTech', 'mafiti', 'SanDisk']",0
Which of the following brands is the most similar to the brand SiWiQU in the product category electronic device docking station?,"['Ghosthorn', 'Hagibis', 'KALINCO', 'NISHEL']",1
Which of the following brands provides the most similar products to the brand iHome in the product category electronic device docking station?,"['Jurassic World', 'BIGPETS', 'Emerson', 'Vansuny']",2
Consider the product type graphic tablet and the brand GKIDOER. Which of the following brand is the most similar or related to it?,"['mafiti', 'WONDERSKIN', 'Mueller Austria', 'BALEAF']",0
Consider the product type graphic tablet and the brand HUION. Which of the following brand is the most similar or related to it?,"['MAJESTIC PURE', 'NEWYES', 'Braun', 'PUMA']",1
Consider the product type graphic tablet and the brand UGEE. Which of the following brand is the most similar or related to it?,"['Pikeman', 'ianoni', 'XP-PEN', 'Mcbazel']",2
Which of the following brands is the most similar to the brand Phomemo in the product category printer?,"['Narwey', 'Novwang', 'Eschen', 'JOIONE']",2
Consider the product type printer and the brand caseling. Which of the following brand is the most similar or related to it?,"['Noctua', 'Aproca', 'VAN DER HAGEN', 'HEAD']",1
Which of the following brands provides the most similar products to the brand DYMO in the product category printer?,"['VisionTek', 'SUADEX', 'JADENS', 'TRADOCK']",2
Which of the following brands is the most similar to the brand Carpe in the product category body deodorant?,"['LANGZHEN', 'CERTAIN DRI', 'ECHOINE', 'bodum']",1
Which of the following brands provides the most similar products to the brand Each & Every in the product category body deodorant?,"['Clean & Clear', 'ZeroSweat', ""wet 'n wild"", 'JMFONE']",1
Consider the product type body deodorant and the brand Salvia. Which of the following brand is the most similar or related to it?,"['SVDSPHDE', 'CERTAIN DRI', 'Noctua', 'House of Jack Co.']",1
Which of the following brands is the most similar to the brand Teenitor in the product category nail polish?,"['Linkstyle', 'Revel Nail', 'Tee Miracle', 'Jacob Alexander']",1
Consider the product type nail polish and the brand Wadoy. Which of the following brand is the most similar or related to it?,"['ForPro Professional Collection', 'Anker', 'TEAMGROUP', 'Dayna Designs']",0
Which of the following brands is the most similar to the brand V VENALISA in the product category nail polish?,"['beetles Gel Polish', '3DActive', 'Everlast', 'THEFACESHOP']",0
Consider the product type sport racket and the brand Onix. Which of the following brand is the most similar or related to it?,"['NIKE', 'Retrospec', 'Star Case', 'PickleballCentral']",3
Which of the following brands provides the most similar products to the brand Pro Impact in the product category sport racket?,"['Thermaltake', 'SZBJ', 'FRESKOBALL', 'Nizoral']",2
Which of the following brands is the most similar to the brand Amicoson in the product category sport racket?,"['Gonex', 'Josh Bach', 'ZZ ZINFANDEL', 'N\\C']",0
Consider the product type television and the brand TCL. Which of the following brand is the most similar or related to it?,"['Amazon Essentials', 'INSIGNIA', 'TMY', 'ZOSI']",1
Which of the following brands is the most similar to the brand Supersonic in the product category television?,"['Tyler', 'Remington', 'Salimdy', 'Hicober']",0
Consider the product type television and the brand Tyler. Which of the following brand is the most similar or related to it?,"['eXuby', 'Sure Shot', 'minisopuru', 'CICATRICURE']",0
Which of the following brands provides the most similar products to the brand Teslong in the product category camera?,"['DEPSTECH', 'Carryown', 'JADENS', 'Stiive']",0
Consider the product type camera and the brand EPSON. Which of the following brand is the most similar or related to it?,"['iOCHOW', 'Cremo', 'Beard Gains', 'ISTON']",0
Which of the following brands provides the most similar products to the brand Teslong in the product category camera?,"['ZIONOR', 'DEPSTECH', 'fur story', 'RSG TODAY']",1
Which of the following brands is the most similar to the brand Timeless Tartans in the product category necktie?,"['Eagles Wings', 'Lee Jeans Company', '70mai', 'QOOGOT']",0
Which of the following brands provides the most similar products to the brand KissTies in the product category necktie?,"['Syntech', 'Taiss', 'FANGOR', 'Barry.Wang']",3
Which of the following brands is the most similar to the brand Jacob Alexander in the product category necktie?,"['MUNBYN', 'Hikvision', 'KissTies', 'Panasonic']",2
Consider the product type flash memory and the brand PNY. Which of the following brand is the most similar or related to it?,"['DCNETWORK', 'QFX', 'IK COLOURING', 'Gigastone']",3
Consider the product type flash memory and the brand INLAND. Which of the following brand is the most similar or related to it?,"['Tyler', 'Costzon', 'SAMSUNG', 'Paul Mitchell']",2
Consider the product type flash memory and the brand SAMSUNG. Which of the following brand is the most similar or related to it?,"['Gigastone', 'Selric', 'JUST MY SIZE', ""Johnson's Baby""]",0
Which of the following brands provides the most similar products to the brand Artist Unknown in the product category memory card reader?,"['ETEKJOY', 'Neutrogena', 'Satinior', 'Black+Decker']",0
Consider the product type memory card reader and the brand CATECK. Which of the following brand is the most similar or related to it?,"['Richgv', 'Sky Stone', 'MTAKYI', 'Aomago']",2
Consider the product type memory card reader and the brand WARRKY. Which of the following brand is the most similar or related to it?,"['TINYMILLS', 'ELTA MD', 'mafiti', 'uni']",3
Consider the product type dental floss and the brand Reach. Which of the following brand is the most similar or related to it?,"['SABRENT', 'Delphi Glass', 'Bob Wat', 'Plackers']",3
Consider the product type dental floss and the brand Oral-B. Which of the following brand is the most similar or related to it?,"['Aleath', 'RAZOKO', 'Sonoran Souvenirs', 'SANNCE']",1
Which of the following brands provides the most similar products to the brand Holy rose in the product category dental floss?,"['Yesimla', 'Vaci CHALK MARKERS', 'TreasLin', 'DenTek']",3
Which of the following brands is the most similar to the brand ROOFULL in the product category optical disc drive?,"['Dainty', 'CREATIVE', 'EXPRESSIONS GIRL', 'beetles Gel Polish']",0
Which of the following brands is the most similar to the brand Dell in the product category optical disc drive?,"['Aveeno', 'TAIKUU', 'Gxcdizx', 'Gonex']",2
Which of the following brands is the most similar to the brand Rioddas in the product category optical disc drive?,"['GIGABYTE', 'ROOFULL', 'COACH', 'Athbavib']",1
Consider the product type photographic film and the brand Polaroid ORIGINALS. Which of the following brand is the most similar or related to it?,"['Fruit of the Loom', 'BUZIO', 'Moshify', 'Panasonic']",2
Which of the following brands provides the most similar products to the brand Evergreen in the product category photographic film?,"['FUJIFILM', 'ETEKJOY', 'Listerine', 'Plackers']",0
Which of the following brands is the most similar to the brand KODAK in the product category photographic film?,"['Evergreen', 'Dress Up America', 'Hayabusa', 'ianoni']",0
Which of the following brands provides the most similar products to the brand CREATIVE in the product category sound card?,"['UGREEN', 'KING C. GILLETTE', 'HUAZUMEI', 'PRITECH']",0
Which of the following brands provides the most similar products to the brand ENVEL in the product category sound card?,"['SABRENT', 'Linksys', 'BestLand', 'TOOTON']",0
Which of the following brands provides the most similar products to the brand SABRENT in the product category sound card?,"['StarTech.com', 'SUPVAN', 'INNERSY', 'FUJIFILM']",0
Consider the product type video card and the brand LINKUP. Which of the following brand is the most similar or related to it?,"['EZDIY-FAB', 'Dental Expert', 'KALIYADI', 'SATINA']",0
Consider the product type video card and the brand msi. Which of the following brand is the most similar or related to it?,"['ASUS', 'Philips', 'Optix 55', 'Mcbazel']",0
Consider the product type video card and the brand ZOTAC. Which of the following brand is the most similar or related to it?,"['VisionTek', 'Hikvision', 'Amazfit', 'BAYKA']",0
Which of the following brands is the most similar to the brand Artist Unknown in the product category mouthwash?,"['Exershield', 'Fyy', 'Onix', 'FOPO']",0
Which of the following brands is the most similar to the brand PREVENTION in the product category mouthwash?,"['OGX', 'Oral-B', 'ALMAY', 'SUNVIE']",1
Consider the product type mouthwash and the brand COLGATE. Which of the following brand is the most similar or related to it?,"['Listerine', 'Neutrogena', 'REVLON', 'LIAMOSS']",0
Which of the following brands provides the most similar products to the brand Aomago in the product category voice recorder?,"['Goiple', 'EVISTR', 'Peraco', 'Arvazallia']",1
Which of the following brands is the most similar to the brand EVISTR in the product category voice recorder?,"['tonies', 'AiMoonsa', 'attodigit@l', 'CHI']",2
Which of the following brands is the most similar to the brand EVIDA in the product category voice recorder?,"['TKYGU', 'Halfword', 'Telele', 'Naturistick']",2
Which of the following brands is the most similar to the brand TP-Link in the product category networking router?,"['ORS', 'Mudder', 'GL.iNET', 'NYX PROFESSIONAL MAKEUP']",2
Which of the following brands provides the most similar products to the brand GL.iNET in the product category networking router?,"['TP-Link', 'Bofell', 'Aoremon', 'GooSpy']",0
Which of the following brands is the most similar to the brand TP-Link in the product category networking router?,"['Bialetti', '70mai', 'CaseSack', 'FRUCASE']",2
Consider the product type toothbrush head and the brand Oral-B. Which of the following brand is the most similar or related to it?,"['SUNBEAM', 'THERMOS', 'Futulkyus', 'Intel']",2
Which of the following brands provides the most similar products to the brand Betterchoi in the product category toothbrush head?,"['Keweilian', 'Amazfit', 'CHI', 'MOPHOTO']",0
Consider the product type toothbrush head and the brand Oral Shine. Which of the following brand is the most similar or related to it?,"['IOFVSSI', 'Nicpro', 'Oral-B', 'Schwarzkopf']",2
Which of the following brands provides the most similar products to the brand N\C in the product category computer processor?,"['CAMPSNAIL', 'Beroziyesi', 'INLAND', 'DinoFire']",2
Which of the following brands is the most similar to the brand Noctua in the product category computer processor?,"['EVO', 'SanDisk', 'N\\C', 'REVLON']",2
Which of the following brands is the most similar to the brand AMD in the product category computer processor?,"['FANGOR', 'CRZ YOGA', 'INLAND', ""L'OREAL PARIS""]",2
Consider the product type snowshoe and the brand G2 GO2GETHER. Which of the following brand is the most similar or related to it?,"['MyKirei by KAO', 'Easycargo', 'COMMOUDS', 'Seago']",2
Consider the product type snowshoe and the brand ALPS. Which of the following brand is the most similar or related to it?,"['Color Charm', 'Relavel', 'Odoland', 'NISHEL']",2
Consider the product type snowshoe and the brand Carryown. Which of the following brand is the most similar or related to it?,"['G2 GO2GETHER', 'Pyunkang Yul', 'MaxGear', 'SAYOYO']",0
Which of the following brands provides the most similar products to the brand REOLINK in the product category digital video recorder?,"['Gold N Hot', 'SanDisk', 'Hikvision', 'Arqumi']",2
Which of the following brands provides the most similar products to the brand ZOSI in the product category digital video recorder?,"['TOZO', 'TIGERSECU', 'Medline', 'aiworth']",1
Which of the following brands is the most similar to the brand ZOSI in the product category digital video recorder?,"['amscan', 'Annke', 'Makeup Revolution', 'BERGMAN KELLY']",1
Which of the following brands is the most similar to the brand NETGEAR in the product category modem?,"['ARRIS', 'Cooler Master', 'FosPower', 'N\\C']",0
Which of the following brands is the most similar to the brand Touchstone in the product category modem?,"['REDESS', 'MATEIN', 'Hitron', 'SKOLOO']",2
