question,choices,answer
Convert 2.295 Yards to Meters.,"[3.33, 35.13, 7.04, 2.1]",3
Convert 10.738 Miles per Hour to Kilometers per Hour.,"[17.28, 140.79, -78.02, 15.61]",0
Convert 18.775 Meters to Centimeters.,"[13870.0, 1877.5, 1904.95, 4719.62]",1
Convert 19.869 Kilograms to Ounces.,"[700.86, 2353.57, 668.23, 2189.86]",0
Convert 32.876 Inches to Yards.,"[0.46, 0.91, 86.73, 8.96]",1
Convert 12.223 Miles per Hour to Knots.,"[-42.95, 62.52, 42.87, 10.62]",3
Convert 96.259 Kilometers per Hour to Meters per Second.,"[184.58, 42.09, 26.74, 219.63]",2
Convert 90.487 Inches to Meters.,"[8.61, 9.14, -8.85, 2.3]",3
Convert 58.705 Kilometers per Hour to Miles per Hour.,"[36.48, 278.56, 135.04, 81.57]",0
Convert 82.063 Kilometers per Hour to Miles per Hour.,"[50.99, -38.38, 390.95, 259.72]",0
Convert 4.221 Miles per Hour to Kilometers per Hour.,"[6.79, 32.44, -45.91, 8.41]",0
Convert 46.576 Meters per Second to Miles per Hour.,"[139.69, 533.11, 246.08, 104.19]",3
Convert 64.408 Bytes to Kilobits.,"[3.53, 1.64, 0.52, 26.78]",2
Convert 25.31 Megabytes per Second to Megabits per Second.,"[1822.12, 261.21, 922.31, 202.48]",3
Convert 8.859 Gallons to Cubic Feet.,"[1.18, 5.72, 1.46, -8.5]",0
Convert 81.909 Miles per Gallon to Kilometers per Liter.,"[131.16, 34.82, 83.05, 59.66]",1
Convert 22.078 Yards to Meters.,"[20.19, 24.54, -6.75, 22.55]",0
Convert 99.36 Gallons to Cubic Yards.,"[0.49, 3.97, 0.52, 2.49]",0
Convert 35.439 Fahrenheit to Celsius.,"[-10.01, 1.91, 6.21, 8.9]",1
Convert 47.052 Inches to Centimeters.,"[241.96, 333.65, 119.51, 105.19]",2
Convert 40.277 Meters per Second to Kilometers per Hour.,"[727.2, 87.0, 145.0, 627.84]",2
Convert 89.246 Meters per Second to Knots.,"[99.31, 884.28, 173.48, 1410.07]",2
Convert 5.382 Kilometers per Hour to Knots.,"[2.91, 26.46, 61.86, 12.07]",0
Convert 31.869 Knots to Kilometers per Hour.,"[92.3, 59.02, 302.67, 398.66]",1
Convert 40.122 Bytes to Kilobits.,"[0.32, 0.11, 37.97, 0.75]",0
Convert 39.854 Tons to Metric Tons.,"[116.89, 307.45, 39.85, 96.25]",2
Convert 18.15 Miles per Hour to Meters per Second.,"[-54.17, 67.77, 8.11, 71.71]",2
Convert 81.836 Miles to Kilometers.,"[425.59, 140.83, 131.7, 1223.65]",2
Convert 79.943 Feet to Meters.,"[181.38, 28.79, 24.37, 75.39]",2
Convert 28.369 Fahrenheit to Celsius.,"[-1.66, -2.02, 2.35, -6.15]",1
Convert 37.977 Square Centimeters to Square Millimeters.,"[26180.0, 3797.7, 3815.75, 13350.0]",1
Convert 67.676 Miles per Gallon to Kilometers per Liter.,"[138.27, 28.77, 170.67, 128.65]",1
Convert 4.767 Meters per Second to Knots.,"[65.91, 9.27, 16.43, 28.21]",1
Convert 48.574 Calories to Joules.,"[203.23, 167.85, 815.63, 1878.89]",0
Convert 60.818 Gigabits to Gigabytes.,"[43.91, 7.6, 68.45, 13.9]",1
Convert 65.974 Kilometers per Liter to Miles per Gallon.,"[1387.1, 155.18, 123.86, 1093.03]",1
Convert 99.038 Kilometers per Liter to Miles per Gallon.,"[190.44, 232.95, 598.87, 1980.78]",1
Convert 94.988 Grams to Ounces.,"[27.37, 21.66, 3.35, -19.25]",2
Convert 82.474 Fahrenheit to Celsius.,"[113.76, 75.27, 42.29, 28.04]",3
Convert 5.883 Fahrenheit to Celsius.,"[-3.29, -105.0, -14.51, -117.17]",2
Convert 89.572 Inches to Yards.,"[-32.92, 2.49, 11.58, 1.59]",1
Convert 48.526 Meters per Second to Knots.,"[399.22, 94.33, 493.94, 0.41]",1
Convert 22.003 Celsius to Fahrenheit.,"[489.84, 71.61, -22.81, 182.16]",1
Convert 37.006 Kilometers per Hour to Miles per Hour.,"[22.99, 95.55, 140.26, 167.26]",0
Convert 62.442 Bytes to Bits.,"[2682.9, 499.54, 584.6, 2462.54]",1
Convert 62.887 Miles per Hour to Kilometers per Hour.,"[101.21, 21.28, 458.46, 765.03]",0
Convert 2.087 Fahrenheit to Celsius.,"[-129.7, 70.01, -86.18, -16.62]",3
Convert 38.234 Megabytes to Gigabits.,"[0.28, 0.31, 2.27, -0.55]",1
Convert 84.829 Cubic Inches to Liters.,"[59.81, 1.39, 5.45, 11.25]",1
Convert 41.441 Horsepower to Kilowatts.,"[3.25, 30.9, 279.76, 277.03]",1
Convert 91.639 Megabytes to Gigabits.,"[62.78, 5.34, 0.73, 7.27]",2
Convert 13.051 Square Centimeters to Square Inches.,"[2.02, 2.96, 19.97, 6.61]",0
Convert 94.183 Meters per Second to Knots.,"[313.42, 173.32, 1123.42, 183.08]",3
Convert 58.856 Knots to Kilometers per Hour.,"[109.0, 136.48, 603.15, 909.39]",0
Convert 20.263 Fahrenheit to Celsius.,"[-9.26, -11.55, -6.52, -19.52]",2
Convert 18.71 Gigabits to Megabytes.,"[2363.04, 16610.0, 4946.32, 2338.75]",3
Convert 45.716 Miles per Hour to Knots.,"[273.99, 177.76, 39.73, 52.82]",2
Convert 13.056 Pounds to Ounces.,"[1962.37, 221.3, 580.48, 208.9]",3
Convert 21.437 Gallons to Cubic Yards.,"[0.81, 0.11, 0.85, -98.68]",1
Convert 17.161 Fahrenheit to Celsius.,"[-8.24, -53.67, 45.69, -24.29]",0
Convert 58.59 Square Inches to Square Feet.,"[1.96, 0.34, 34.42, 0.41]",3
Convert 45.964 Miles per Hour to Knots.,"[354.31, 87.23, 39.94, 73.28]",2
Convert 11.694 Knots to Kilometers per Hour.,"[51.45, 21.66, 205.43, 90.63]",1
Convert 54.925 Kilometers per Liter to Miles per Gallon.,"[941.65, 224.13, 129.19, 52.87]",2
Convert 60.278 Tons to Metric Tons.,"[60.28, 37.49, 38.31, 234.22]",0
Convert 63.211 Meters per Second to Knots.,"[43.3, 122.87, 943.39, 1165.46]",1
Convert 16.278 Meters to Yards.,"[18.91, 99.08, 112.66, 17.8]",3
Convert 93.137 Square Yards to Square Feet.,"[838.23, 3415.14, 3812.55, 773.69]",0
Convert 34.516 Megabits to Kilobytes.,"[4339.47, 5549.11, 31660.0, 4314.5]",3
Convert 95.641 Gigabits per Second to Gigabytes per Second.,"[116.68, 11.96, -82.09, 28.17]",1
Convert 78.587 Megabytes to Gigabits.,"[4.48, 4.55, -15.52, 0.63]",3
Convert 82.718 Kilowatts to Horsepower.,"[164.99, 110.93, 12.74, 613.61]",1
Convert 5.79 Gigabits to Megabits.,"[27450.0, 27290.0, 5796.58, 5790.0]",3
Convert 6.95 Kilowatts to Watts.,"[7242.45, 6950.0, 6945.85, 4483.77]",1
Convert 85.191 Cubic Centimeters to Cubic Inches.,"[5.2, 49.19, -2.39, 13.26]",0
Convert 91.335 Kilobits per Second to Gigabytes per Second.,"[-20.07, 3.19e-06, 8.176e-06, 1.142e-05]",3
Convert 21.264 Millimeters to Miles.,"[91.57, 7.635e-05, 1.321e-05, 9.819e-05]",2
Convert 56.843 Gigabits per Second to Megabytes per Second.,"[19700.0, 7203.66, 7105.38, 20060.0]",2
Convert 18.71 Gigabits to Megabytes.,"[2363.04, 16610.0, 4946.32, 2338.75]",3
Convert 70.889 Millimeters to Centimeters.,"[7.09, 70.76, -61.16, 4.96]",0
Convert 68.822 Fahrenheit to Celsius.,"[62.37, 198.0, 98.4, 20.46]",3
Convert 61.858 Miles per Hour to Kilometers per Hour.,"[130.82, 99.55, 395.48, 440.44]",1
Convert 78.504 Inches to Meters.,"[14.08, 31.74, 2.63, 1.99]",3
Convert 62.639 Liters to Gallons.,"[16.55, 151.56, 39.82, -57.93]",0
Convert 78.51 Kilometers per Hour to Meters per Second.,"[21.81, 213.12, 209.96, 3.96]",0
Convert 54.357 Bytes to Bits.,"[434.86, 851.72, 2697.66, 406.68]",0
Convert 55.429 Kilometers per Liter to Miles per Gallon.,"[610.9, 177.16, 821.03, 130.38]",3
Convert 1.539 Meters per Second to Kilometers per Hour.,"[42.59, 12.37, 5.54, 18.37]",2
Convert 67.326 Meters per Second to Knots.,"[130.87, 153.86, 201.79, 174.2]",0
Convert 92.792 Knots to Kilometers per Hour.,"[270.78, 373.72, 1245.78, 171.85]",3
Convert 52.63 Kilometers per Hour to Miles per Hour.,"[54.6, 140.54, 32.7, 60.56]",2
Convert 19.869 Kilograms to Ounces.,"[700.86, 2353.57, 668.23, 2189.86]",0
Convert 67.567 Feet to Inches.,"[7587.92, 810.8, 4520.21, 830.01]",1
Convert 73.166 Kilowatts to Horsepower.,"[11.56, 534.59, 98.12, 472.57]",2
Convert 23.081 Inches to Kilometers.,"[0.0009183, 0.001992, -94.2, 0.0005863]",3
Convert 60.439 Kilometers per Hour to Knots.,"[32.63, 206.5, 43.57, 58.26]",0
Convert 95.947 Square Centimeters to Square Millimeters.,"[2176.7, 9594.7, 74600.0, 9504.82]",1
Convert 17.616 Miles per Hour to Kilometers per Hour.,"[28.35, 121.35, 62.08, 281.57]",0
Convert 54.45 Megabits to Bytes.,"[6806000.0, 48320000.0, 45240000.0, 48870000.0]",0
Convert 85.278 Square Feet to Square Yards.,"[43.27, 77.18, 9.44, 9.48]",3
Convert 78.195 Kilometers per Hour to Meters per Second.,"[21.72, 20.63, 183.82, 18.92]",0
Convert 15.529 Miles per Hour to Meters per Second.,"[-33.23, 45.3, 6.94, 49.23]",2
Convert 76.186 Cubic Inches to Cubic Centimeters.,"[1204.4, 3509.56, 351.89, 1248.46]",3
Convert 21.668 Horsepower to Kilowatts.,"[-31.61, 123.53, 16.16, 158.61]",2
Convert 81.501 Meters per Second to Miles per Hour.,"[33.74, 1218.92, 235.82, 182.31]",3
Convert 57.01 Miles per Hour to Meters per Second.,"[94.03, -55.75, 25.49, 157.16]",2
Convert 92.047 Square Millimeters to Square Centimeters.,"[0.92, -24.08, 2.58, 0.86]",0
Convert 20.772 Miles per Hour to Meters per Second.,"[1.2, -35.85, 9.29, 34.88]",2
Convert 8.618 Knots to Kilometers per Hour.,"[122.78, 55.24, 15.96, 86.88]",2
Convert 31.387 Celsius to Fahrenheit.,"[-0.77, 874.62, 500.11, 88.5]",3
Convert 61.2 Kilometers per Liter to Miles per Gallon.,"[221.97, 1041.71, 987.47, 143.95]",3
Convert 71.422 Miles per Hour to Kilometers per Hour.,"[755.53, 114.94, 209.28, 1029.59]",1
Convert 17.853 Feet to Meters.,"[74.26, 24.18, 1.19, 5.44]",3
Convert 7.965 Metric Tons to Tons.,"[7.96, -36.71, 3.67, 79.47]",0
Convert 29.291 Kilometers per Hour to Miles per Hour.,"[140.45, -47.43, 13.3, 18.2]",3
Convert 38.74 Bytes to Kilobits.,"[-60.29, 0.31, 0.12, 1.54]",1
Convert 39.045 Knots to Kilometers per Hour.,"[301.94, 72.31, 112.87, 69.08]",1
Convert 57.552 Bytes to Bits.,"[140.66, 461.52, 682.5, 460.42]",3
Convert 27.605 Kilobits to Bytes.,"[26480.0, 5569.16, 3450.62, 3478.95]",2
Convert 62.669 Cubic Centimeters to Cubic Inches.,"[3.82, 16.14, -55.82, 33.19]",0
Convert 59.76 Joules to Calories.,"[-13.88, 14.28, 49.95, 138.79]",1
Convert 65.607 Megabits per Second to Kilobytes per Second.,"[8214.85, 33130.0, 41920.0, 8200.88]",3
Convert 30.639 Liters to Cubic Feet.,"[8.06, 5.61, -94.31, 1.08]",3
Convert 88.006 Metric Tons to Kilograms.,"[73170.0, 87980.0, 88010.0, 763500.0]",2
Convert 11.493 Seconds to Hours.,"[0.003193, 0.02423, -63.79, 0.02496]",0
Convert 79.644 Feet to Centimeters.,"[11850.0, 8337.09, 2435.06, 2427.55]",3
Convert 92.53 Square Meters to Square Yards.,"[48.42, 76.44, 607.76, 110.66]",3
Convert 10.351 Kilowatt-Hours to Calories.,"[8906.15, 39750.0, 8821.41, 37370.0]",0
Convert 58.11 Square Meters to Square Feet.,"[6223.73, 2261.68, 625.49, 665.39]",2
Convert 15.901 Fahrenheit to Celsius.,"[-72.66, -74.78, -8.94, -83.88]",2
Convert 61.081 Kilometers per Liter to Miles per Gallon.,"[108.31, 54.61, 43.57, 143.67]",3
Convert 15.305 Knots to Miles per Hour.,"[77.42, 17.61, 175.84, 8.08]",1
Convert 16.866 Cubic Centimeters to Cubic Inches.,"[6.29, 1.7, 1.03, -59.42]",2
Convert 18.558 Feet to Centimeters.,"[3260.52, 565.65, 5090.99, 608.32]",1
Convert 7.03 Kilometers per Hour to Meters per Second.,"[56.1, 17.67, 1.95, 7.06]",2
Convert 54.172 Inches to Centimeters.,"[137.6, 163.3, 218.2, 526.97]",0
Convert 99.103 Megabytes to Gigabits.,"[6.13, 0.79, -57.35, 1.42]",1
Convert 64.735 Kilometers per Hour to Meters per Second.,"[57.22, 17.98, -76.42, 23.15]",1
Convert 57.449 Kilometers per Liter to Miles per Gallon.,"[135.13, 1022.17, 204.61, 273.06]",0
Convert 63.803 Kilometers per Liter to Miles per Gallon.,"[168.52, 1471.35, 150.07, 426.97]",2
Convert 63.815 Fahrenheit to Celsius.,"[33.34, 17.68, 30.84, -74.14]",1
Convert 20.691 Inches to Millimeters.,"[95.95, 560.37, 263.9, 525.55]",3
Convert 80.47 Watt-Hours to Calories.,"[272.91, 587.4, 125.13, 69.24]",3
Convert 86.158 Seconds to Minutes.,"[2.88, 1.44, -39.81, 5.76]",1
Convert 28.346 Miles to Kilometers.,"[243.97, -38.98, 45.62, 413.29]",2
Convert 70.377 Miles per Gallon to Kilometers per Liter.,"[41.03, -6.85, 29.92, 260.43]",2
Convert 73.31 Celsius to Fahrenheit.,"[234.14, 234.25, 1050.68, 163.96]",3
Convert 14.423 Bytes to Bits.,"[375.6, 115.38, 197.26, 519.7]",1
Convert 27.915 Cubic Inches to Liters.,"[2.51, 0.46, 3.63, -15.88]",1
Convert 40.869 Miles per Hour to Knots.,"[79.74, 35.51, -10.64, 49.96]",1
Convert 70.624 Miles per Hour to Meters per Second.,"[-2.31, 265.52, 208.47, 31.57]",3
Convert 60.05 Knots to Miles per Hour.,"[69.1, 556.66, 163.32, 581.58]",0
Convert 41.243 Calories to Watt-Hours.,"[369.07, 437.81, 47.93, 64.33]",2
Convert 49.891 Fahrenheit to Celsius.,"[9.94, 96.36, 61.27, 93.84]",0
Convert 68.376 Celsius to Fahrenheit.,"[267.33, 206.93, 155.08, 431.57]",2
Convert 90.39 Cubic Inches to Milliliters.,"[3731.82, 1495.64, 1481.23, 8503.31]",2
Convert 46.299 Square Centimeters to Square Inches.,"[87.0, 49.13, 36.24, 7.18]",3
Convert 21.663 Kilometers per Hour to Knots.,"[11.7, 43.01, 116.58, 69.56]",0
Convert 55.57 Meters per Second to Knots.,"[43.78, 888.92, 993.65, 108.02]",3
Convert 35.012 Yards to Millimeters.,"[62390.0, 60440.0, 31930.0, 32010.0]",3
Convert 4.832 Kilometers per Hour to Meters per Second.,"[1.34, 6.61, 8.37, 52.41]",0
Convert 23.503 Watts to Kilowatts.,"[0.22, -93.12, 0.13, 0.0235]",3
Convert 44.11 Cubic Centimeters to Milliliters.,"[215.41, 103.67, 44.11, 199.67]",2
Convert 89.657 Megabits per Second to Megabytes per Second.,"[50.92, 100.78, 45.06, 11.21]",3
Convert 76.511 Minutes to Hours.,"[-88.18, 4.59, 3.82, 1.28]",3
Convert 45.621 Centimeters to Meters.,"[0.43, 0.31, 59.76, 0.46]",3
Convert 89.993 Knots to Miles per Hour.,"[103.56, 156.01, 673.04, 946.9]",0
Convert 38.912 Square Centimeters to Square Millimeters.,"[3822.86, 3891.2, 961.3, 5413.93]",1
Convert 8.638 Meters per Second to Miles per Hour.,"[19.32, 149.61, 48.32, 68.53]",0
Convert 83.895 Tons to Metric Tons.,"[607.22, 83.89, 137.85, 104.72]",1
Convert 29.627 Knots to Kilometers per Hour.,"[54.87, 91.51, 303.12, -13.44]",0
Convert 70.728 Kilowatts to Horsepower.,"[523.02, 94.85, 251.8, 71.6]",1
Convert 99.124 Square Centimeters to Square Feet.,"[13.98, 0.11, 0.14, 0.84]",1
Convert 2.468 Knots to Miles per Hour.,"[2.84, -71.02, 2.41, 14.97]",0
Convert 81.357 Cubic Inches to Cubic Centimeters.,"[1431.04, 11560.0, 1333.2, 9275.0]",2
Convert 36.744 Kilometers per Hour to Knots.,"[143.07, 19.84, 79.43, 47.64]",1
Convert 18.848 Meters to Feet.,"[31.71, 61.84, 19.47, 391.83]",1
Convert 79.07 Cubic Meters to Cubic Feet.,"[2029.19, 2872.22, 10180.0, 2792.33]",3
Convert 52.26 Kilobytes per Second to Megabits per Second.,"[-53.59, 0.5, 0.42, 0.06786]",2
Convert 19.39 Miles per Hour to Knots.,"[-27.2, 134.98, 41.52, 16.85]",3
Convert 14.186 Centimeters to Meters.,"[0.65, 0.14, 1.24, -37.18]",1
Convert 34.455 Meters to Kilometers.,"[0.11, 34.91, 0.07509, 0.03445]",3
Convert 58.399 Kilometers per Hour to Knots.,"[31.53, 131.38, 29.12, 47.22]",0
Convert 91.091 Miles per Hour to Kilometers per Hour.,"[237.5, 507.13, 146.6, 1114.63]",2
Convert 85.635 Ounces to Kilograms.,"[16.95, 10.97, 2.43, 27.76]",2
Convert 6.436 Kilograms to Metric Tons.,"[-78.26, 0.006436, 0.03053, 0.03721]",1
Convert 75.064 Knots to Meters per Second.,"[86.18, 236.5, 25.54, 38.62]",3
Convert 14.778 Meters per Second to Knots.,"[28.73, 145.71, -2.48, 195.74]",0
Convert 86.613 Kilometers per Hour to Meters per Second.,"[99.97, 24.06, 77.87, -59.67]",1
Convert 38.115 Meters per Second to Knots.,"[736.06, 4.81, 214.17, 74.09]",3
Convert 98.089 Miles per Gallon to Kilometers per Liter.,"[172.97, 41.7, 115.44, 292.14]",1
Convert 4.388 Bytes to Bits.,"[89.02, 35.1, 341.57, 122.75]",1
Convert 63.69 Millimeters to Inches.,"[2.51, 13.87, -44.46, 6.37]",0
Convert 63.311 Kilometers per Hour to Miles per Hour.,"[26.82, 162.83, 345.01, 39.34]",3
Convert 66.492 Megabytes per Second to Gigabits per Second.,"[0.53, 48.53, 0.82, 1.91]",0
Convert 52.224 Square Meters to Square Feet.,"[2227.34, 651.27, 562.13, 4051.23]",2
Convert 4.412 Kilobytes to Gigabits.,"[4.327e-05, 3.53e-05, 89.73, 0.0002133]",1
Convert 82.826 Kilometers per Hour to Meters per Second.,"[87.57, 23.01, 204.57, 204.14]",1
Convert 16.6 Knots to Meters per Second.,"[8.54, 92.88, 37.88, 19.42]",0
Convert 66.242 Kilometers per Liter to Miles per Gallon.,"[822.57, 246.8, 155.81, 1302.86]",2
Convert 34.476 Square Feet to Square Meters.,"[3.2, 17.02, 4.13, -30.61]",0
Convert 32.906 Miles per Hour to Knots.,"[28.59, 238.54, 121.74, 191.7]",0
Convert 84.74 Inches to Centimeters.,"[628.59, 486.82, 215.24, 269.41]",2
Convert 27.851 Kilometers per Hour to Knots.,"[77.82, 15.04, 66.15, 30.89]",1
Convert 57.871 Bytes to Kilobits.,"[0.46, -74.06, 0.73, 2.57]",0
Convert 51.461 Square Inches to Square Yards.,"[71.59, 0.0255, 0.32, 0.03971]",3
Convert 6.3 Meters per Second to Miles per Hour.,"[62.79, 48.43, 14.09, 45.1]",2
Convert 20.234 Square Yards to Square Feet.,"[556.85, 182.11, 1626.69, 105.8]",1
Convert 59.85 Centimeters to Yards.,"[-37.25, 3.63, 6.0, 0.65]",3
Convert 28.188 Horsepower to Megawatts.,"[0.09568, -90.63, 0.02102, 0.07817]",2
Convert 3.375 Celsius to Fahrenheit.,"[358.81, 62.33, 337.26, 38.07]",3
Convert 9.695 Miles per Hour to Meters per Second.,"[5.85, 4.33, 39.55, 95.45]",1
Convert 84.869 Watts to Horsepower.,"[-34.37, 0.37, 0.11, 0.08212]",2
Convert 78.673 Kilometers per Hour to Miles per Hour.,"[48.89, 461.38, 145.86, 42.25]",0
Convert 68.255 Meters per Second to Miles per Hour.,"[152.68, 142.27, 966.2, 57.55]",0
Convert 53.001 Gigabits to Megabytes.,"[1166.28, 51550.0, 6588.81, 6625.12]",3
Convert 39.824 Fahrenheit to Celsius.,"[18.97, 4.35, 47.78, 7.21]",1
Convert 11.657 Kilometers per Liter to Miles per Gallon.,"[243.71, 236.97, 27.42, 52.51]",2
Convert 20.265 Kilowatts to Gigawatts.,"[23.25, 6.913e-06, 2.026e-05, 9.523e-05]",2
Convert 98.89 Calories to Kilowatt-Hours.,"[0.11, 0.06218, 0.1, 32.53]",0
Convert 73.937 Inches to Yards.,"[12.91, 2.05, -31.82, 16.65]",1
Convert 46.654 Square Meters to Square Yards.,"[238.37, 363.28, 96.56, 55.8]",3
Convert 34.297 Knots to Meters per Second.,"[101.33, 17.64, 84.46, 44.04]",1
Convert 80.682 Ounces to Pounds.,"[6.92, 17.81, 23.32, 5.04]",3
Convert 48.276 Megabytes per Second to Megabits per Second.,"[291.0, 730.26, 914.69, 386.21]",3
Convert 26.525 Kilobits per Second to Kilobytes per Second.,"[9.78, 3.32, -52.61, 2.68]",1
Convert 85.11 Kilometers per Hour to Knots.,"[17.42, 352.56, 45.96, 49.19]",2
Convert 15.761 Megawatts to Gigawatts.,"[0.13, 0.09294, 0.01576, 93.41]",2
Convert 98.339 Minutes to Seconds.,"[5900.34, 5830.68, 10980.0, 44340.0]",0
Convert 50.601 Meters per Second to Miles per Hour.,"[826.37, 192.83, 790.55, 113.19]",3
Convert 15.136 Kilometers to Feet.,"[49610.0, 209400.0, 126300.0, 49660.0]",3
Convert 93.605 Meters per Second to Kilometers per Hour.,"[3253.94, 2277.87, 257.58, 336.98]",3
Convert 87.39 Fahrenheit to Celsius.,"[-2.83, 222.59, 30.77, 151.84]",2
Convert 5.643 Calories to Joules.,"[157.92, 23.61, 131.34, -8.54]",1
Convert 22.292 Celsius to Fahrenheit.,"[136.72, 9.53, 623.24, 72.13]",3
Convert 87.011 Yards to Meters.,"[130.5, 79.56, 355.99, 643.67]",1
Convert 19.299 Miles per Gallon to Kilometers per Liter.,"[10.06, 8.2, 49.82, 50.15]",1
Convert 55.258 Bits per Second to Kilobits per Second.,"[88.83, 0.05526, 0.13, 0.15]",1
Convert 42.813 Kilometers per Liter to Miles per Gallon.,"[5.24, 524.65, 100.7, 521.55]",2
Convert 3.302 Feet to Millimeters.,"[2320.96, 7334.07, 1103.4, 1006.45]",3
Convert 46.272 Megabytes per Second to Gigabits per Second.,"[0.37, 0.87, 1.7, 29.04]",0
Convert 2.925 Pounds to Grams.,"[5837.18, 1326.76, 1271.0, 12450.0]",1
Convert 81.454 Gigawatts to Megawatts.,"[534000.0, 445500.0, 81380.0, 81450.0]",3
Convert 83.176 Celsius to Fahrenheit.,"[181.72, 225.09, 86.62, 1022.92]",0
Convert 67.256 Knots to Meters per Second.,"[133.56, 34.6, 43.8, 53.12]",1
Convert 89.282 Inches to Millimeters.,"[2267.76, 4169.87, 2308.72, 11920.0]",0
Convert 6.909 Knots to Miles per Hour.,"[7.95, 8.21, 11.45, -75.59]",0
Convert 53.303 Square Centimeters to Square Millimeters.,"[5373.88, 32820.0, 32190.0, 5330.3]",3
Convert 73.606 Celsius to Fahrenheit.,"[1264.38, 164.49, 79.78, 821.85]",1
Convert 89.892 Meters to Kilometers.,"[-91.23, 0.02636, 0.08989, 0.74]",2
Convert 57.228 Inches to Meters.,"[-64.66, 1.45, 11.54, 1.42]",1
Convert 21.644 Horsepower to Kilowatts.,"[93.3, 92.21, 115.88, 16.14]",3
Convert 11.546 Celsius to Fahrenheit.,"[170.4, 52.78, 106.87, 498.89]",1
Convert 7.19 Meters per Second to Kilometers per Hour.,"[227.11, 147.01, 93.08, 25.88]",3
Convert 84.273 Centimeters to Millimeters.,"[2895.88, 842.73, 5971.06, 809.15]",1
Convert 91.659 Ounces to Grams.,"[5542.0, 2598.49, 2632.96, 2998.55]",1
Convert 20.265 Centimeters to Yards.,"[2.19, -49.73, 1.59, 0.22]",3
Convert 2.423 Feet to Centimeters.,"[248.19, 38.81, 73.85, 434.92]",2
Convert 56.826 Meters per Second to Knots.,"[82.42, 110.46, 55.97, 727.25]",1
Convert 16.532 Joules to Calories.,"[3.95, 88.57, 34.38, 22.66]",0
Convert 46.136 Meters per Second to Kilometers per Hour.,"[166.09, 1027.65, 1634.7, 216.83]",0
Convert 19.592 Celsius to Fahrenheit.,"[578.53, 67.27, 38.48, 617.47]",1
Convert 25.612 Kilometers per Liter to Miles per Gallon.,"[92.16, 301.65, 54.04, 60.24]",3
Convert 63.403 Gigabytes per Second to Gigabits per Second.,"[523.61, 2126.37, 507.22, 598.78]",2
Convert 85.484 Pounds to Kilograms.,"[38.77, 119.5, 110.72, 5.35]",0
Convert 28.25 Cubic Meters to Cubic Yards.,"[36.95, 279.36, 149.95, 75.82]",0
Convert 77.925 Miles per Hour to Meters per Second.,"[75.16, 34.84, 18.22, 172.96]",1
Convert 54.513 Kilobits per Second to Bits per Second.,"[54480.0, 227700.0, 472700.0, 54510.0]",3
Convert 40.319 Kilometers per Hour to Miles per Hour.,"[9.43, 71.02, 25.05, 63.42]",2
Convert 17.216 Gallons to Milliliters.,"[325000.0, 65170.0, 512900.0, 578700.0]",1
Convert 59.439 Centimeters to Feet.,"[10.34, -56.61, 17.44, 1.95]",3
Convert 48.835 Square Feet to Square Yards.,"[-38.02, 5.43, 0.58, 10.19]",1
Convert 53.793 Celsius to Fahrenheit.,"[974.41, 78.0, 128.83, 1222.28]",2
Convert 93.381 Knots to Meters per Second.,"[89.48, 48.04, 364.67, 121.88]",1
Convert 39.334 Megabytes per Second to Megabits per Second.,"[676.66, 401.55, 356.61, 314.67]",3
Convert 35.477 Centimeters to Inches.,"[-7.48, 20.24, 13.97, 108.15]",2
Convert 82.759 Kilometers per Hour to Meters per Second.,"[-37.03, 9.74, 180.22, 22.99]",3
Convert 77.13 Calories to Watt-Hours.,"[137.38, 89.64, 739.01, 66.96]",1
Convert 72.868 Miles per Gallon to Kilometers per Liter.,"[184.7, 104.8, 30.98, -8.48]",2
Convert 68.762 Grams to Ounces.,"[11.63, 12.31, -45.06, 2.43]",3
Convert 68.927 Kilometers per Hour to Miles per Hour.,"[42.83, 177.74, 185.47, 12.45]",0
Convert 63.108 Millimeters to Centimeters.,"[6.31, 15.95, -90.84, 47.91]",0
Convert 61.791 Miles per Hour to Kilometers per Hour.,"[13.62, 606.36, 99.44, 96.74]",2
Convert 8.386 Liters to Cubic Feet.,"[0.3, -78.19, 0.37, 2.58]",0
Convert 39.035 Miles per Gallon to Kilometers per Liter.,"[93.74, 16.6, 63.01, 87.94]",1
Convert 9.251 Grams to Ounces.,"[0.15, 82.01, 0.33, 3.17]",2
Convert 36.752 Meters per Second to Kilometers per Hour.,"[880.26, 124.37, 710.91, 132.31]",3
Convert 66.928 Kilometers per Liter to Miles per Gallon.,"[1419.7, 157.42, 251.63, 107.19]",1
Convert 17.216 Kilobytes to Kilobits.,"[70.86, 259.27, 137.73, 208.19]",2
Convert 49.025 Square Millimeters to Square Centimeters.,"[2.5, 0.49, 97.72, 3.33]",1
Convert 79.367 Megabytes per Second to Gigabits per Second.,"[0.63, 5.68, 59.97, 0.09092]",0
Convert 49.597 Gigabits per Second to Gigabytes per Second.,"[43.74, 64.1, 6.2, 19.87]",2
Convert 93.128 Miles per Hour to Meters per Second.,"[160.92, 41.63, 321.53, 72.87]",1
Convert 4.219 Kilograms to Ounces.,"[227.13, 1094.67, 148.82, 1014.74]",2
Convert 11.927 Megabytes to Megabits.,"[592.04, 95.42, 26.3, 565.12]",1
Convert 6.85 Meters per Second to Miles per Hour.,"[145.44, 15.32, -57.71, 62.1]",1
Convert 30.009 Square Feet to Square Meters.,"[10.7, 2.79, 16.18, 23.59]",1
Convert 43.671 Joules to Calories.,"[61.08, 49.73, 10.44, 61.01]",2
Convert 90.736 Metric Tons to Tons.,"[90.74, 256.99, 368.88, 13.71]",0
Convert 86.608 Celsius to Fahrenheit.,"[1780.24, 68.3, 157.66, 187.89]",3
Convert 53.902 Square Meters to Square Yards.,"[64.47, 504.97, 68.69, 114.46]",0
Convert 78.22 Square Centimeters to Square Inches.,"[56.92, 34.74, 100.59, 12.12]",3
Convert 91.691 Meters to Feet.,"[662.39, 2395.74, 300.82, 315.41]",2
Convert 48.743 Miles per Hour to Knots.,"[288.35, 42.36, -41.21, 163.96]",1
Convert 83.877 Miles per Hour to Knots.,"[56.82, 72.89, 486.68, 82.73]",1
Convert 45.827 Fahrenheit to Celsius.,"[74.1, 7.68, 57.4, -48.0]",1
Convert 9.068 Miles per Hour to Knots.,"[7.88, 60.99, 75.72, -29.73]",0
Convert 20.921 Kilometers per Liter to Miles per Gallon.,"[145.6, 403.85, 49.21, 465.22]",2
Convert 76.346 Millimeters to Centimeters.,"[8.29, 72.09, 5.65, 7.63]",3
Convert 32.689 Horsepower to Kilowatts.,"[64.69, 24.38, -66.43, 211.84]",1
Convert 89.961 Kilometers per Hour to Meters per Second.,"[24.99, 128.35, 51.76, 221.53]",0
Convert 53.773 Kilometers per Hour to Knots.,"[29.04, 19.44, -65.03, 37.64]",0
Convert 71.338 Meters per Second to Miles per Hour.,"[457.77, 139.34, 159.58, 1485.98]",2
Convert 43.369 Feet to Centimeters.,"[11580.0, 1339.82, 1321.89, 6683.96]",2
Convert 47.612 Calories to Joules.,"[1448.59, 1412.94, 252.95, 199.21]",3
Convert 44.142 Gigabytes per Second to Gigabits per Second.,"[332.86, 353.14, 2790.12, 1195.64]",1
Convert 41.164 Fahrenheit to Celsius.,"[5.09, 26.56, 50.08, 39.24]",0
Convert 74.458 Kilometers per Liter to Miles per Gallon.,"[224.94, 175.14, 1294.86, 389.48]",1
Convert 94.356 Meters per Second to Kilometers per Hour.,"[2212.06, 339.68, 2798.13, 396.64]",1
Convert 17.497 Calories to Watt-Hours.,"[82.77, 127.06, 80.9, 20.34]",3
Convert 35.79 Miles per Hour to Kilometers per Hour.,"[57.6, 348.64, 70.55, 40.94]",0
Convert 11.327 Cubic Millimeters to Milliliters.,"[0.01133, 37.81, 0.06915, 0.07615]",0
Convert 92.86 Square Yards to Square Feet.,"[675.36, 835.74, 749.72, 2167.43]",1
Convert 23.455 Kilobits per Second to Kilobytes per Second.,"[2.69, 26.29, 58.74, 2.93]",3
Convert 46.811 Kilometers per Liter to Miles per Gallon.,"[110.11, 195.82, 274.32, 316.74]",0
Convert 78.607 Fahrenheit to Celsius.,"[32.59, 74.39, 25.89, 68.12]",2
Convert 24.175 Centimeters to Meters.,"[0.24, 71.01, 1.61, 1.05]",0
Convert 97.228 Milligrams to Tons.,"[5.277e-07, 1.072e-07, -47.41, 4.478e-07]",1
Convert 56.21 Cubic Feet to Cubic Meters.,"[1.59, 11.38, 13.0, 3.48]",0
Convert 15.982 Square Meters to Square Feet.,"[1559.83, 146.12, 1118.23, 172.03]",3
Convert 85.329 Calories to Joules.,"[2666.4, 2549.19, 332.8, 357.02]",3
Convert 70.736 Miles per Hour to Kilometers per Hour.,"[528.81, 107.72, 113.84, 895.08]",2
Convert 35.447 Knots to Meters per Second.,"[72.61, 18.24, 69.38, 92.19]",1
Convert 84.505 Square Millimeters to Square Centimeters.,"[6.45, 95.76, 4.87, 0.85]",3
Convert 42.281 Megabytes to Gigabits.,"[-21.63, 2.17, 0.34, 3.29]",2
Convert 95.256 Gallons to Cubic Yards.,"[71.41, 4.02, 0.47, 1.09]",2
Convert 30.058 Gigabits to Gigabytes.,"[-68.04, 32.07, 29.28, 3.76]",3
Convert 56.079 Feet to Meters.,"[-32.27, 17.09, 169.19, 8.31]",1
Convert 62.502 Miles per Gallon to Kilometers per Liter.,"[4.54, 70.41, 26.57, 80.43]",2
Convert 63.108 Millimeters to Centimeters.,"[6.31, 15.95, -90.84, 47.91]",0
Convert 72.485 Kilobytes to Kilobits.,"[2237.85, 4608.56, 572.63, 579.88]",3
Convert 23.718 Milligrams to Tons.,"[-94.21, 2.614e-08, 7.747e-08, 1.801e-07]",1
Convert 27.583 Square Millimeters to Square Feet.,"[23.66, 0.0002969, 0.001635, 0.001541]",1
Convert 7.705 Megabytes per Second to Megabits per Second.,"[17.82, 30.43, 564.41, 61.64]",3
Convert 81.443 Watts to Horsepower.,"[0.46, 0.2, -64.11, 0.11]",3
Convert 35.579 Horsepower to Kilowatts.,"[238.25, -32.35, 142.45, 26.53]",3
Convert 25.699 Yards to Feet.,"[64.33, 77.1, 47.15, 136.55]",1
Convert 47.223 Miles per Gallon to Kilometers per Liter.,"[20.08, 90.57, 115.0, 107.81]",0
Convert 98.371 Kilometers per Liter to Miles per Gallon.,"[231.38, 422.21, 160.47, 1301.84]",0
Convert 67.419 Kilometers per Hour to Miles per Hour.,"[-56.71, 245.04, 217.88, 41.89]",3
Convert 19.572 Grams to Kilograms.,"[0.16, 0.01957, -14.36, 0.0788]",1
Convert 46.947 Megabytes to Gigabytes.,"[74.16, 0.04695, 0.31, 0.25]",1
Convert 72.051 Bytes to Kilobits.,"[0.39, 0.58, 1.47, -70.81]",1
Convert 57.488 Liters to Cubic Inches.,"[17880.0, 3554.2, 3508.13, 16890.0]",2
Convert 56.117 Kilobytes per Second to Megabits per Second.,"[0.45, -57.89, 3.52, 3.13]",0
Convert 2.131 Liters to Cubic Inches.,"[856.33, 130.04, 74.82, 343.61]",1
Convert 62.052 Meters per Second to Miles per Hour.,"[134.92, 545.07, 1206.79, 138.81]",3
Convert 84.047 Kilometers per Hour to Miles per Hour.,"[155.57, 132.89, 52.22, 92.78]",2
Convert 12.818 Gigabits to Megabytes.,"[1608.05, 4626.21, 1602.25, 3800.37]",2
Convert 26.82 Celsius to Fahrenheit.,"[80.28, 42.18, 308.5, 242.98]",0
Convert 8.366 Kilobits to Bytes.,"[2107.03, 3719.25, 1045.75, 972.58]",2
Convert 69.112 Kilometers per Hour to Knots.,"[196.66, 76.5, 37.32, 64.21]",2
Convert 66.874 Fahrenheit to Celsius.,"[-49.14, 19.37, 118.05, 95.8]",1
Convert 46.956 Miles per Gallon to Kilometers per Liter.,"[19.92, 32.81, 70.6, 19.96]",3
Convert 60.108 Centimeters to Inches.,"[228.63, 44.37, 180.98, 23.66]",3
Convert 64.377 Megabytes per Second to Megabits per Second.,"[4929.69, 515.02, 572.56, 2013.25]",1
Convert 37.619 Cubic Centimeters to Milliliters.,"[358.89, 37.62, 128.17, 190.22]",1
Convert 57.559 Square Meters to Square Yards.,"[68.84, 401.19, -8.56, 193.57]",0
Convert 78.327 Knots to Kilometers per Hour.,"[483.36, 145.06, 1300.3, 133.08]",1
Convert 39.767 Gigabits per Second to Megabytes per Second.,"[38940.0, 4970.88, 5054.27, 39120.0]",1
Convert 63.094 Miles per Hour to Meters per Second.,"[82.21, 28.21, 91.42, 222.24]",1
Convert 5.489 Fahrenheit to Celsius.,"[-36.62, -105.73, 13.76, -14.73]",3
Convert 81.425 Miles per Hour to Kilometers per Hour.,"[131.04, 539.92, 1010.15, 32.89]",0
Convert 9.373 Watt-Hours to Kilowatt-Hours.,"[0.009373, 0.08813, 7.2, 0.0159]",0
Convert 35.11 Horsepower to Kilowatts.,"[75.68, 5.38, 220.08, 26.18]",3
Convert 17.905 Kilograms to Pounds.,"[96.43, -14.5, 39.47, 6.55]",2
Convert 48.318 Fahrenheit to Celsius.,"[9.68, 9.07, 7.94, 3.31]",1
Convert 1.477 Gigabits per Second to Gigabytes per Second.,"[0.18, -48.24, 1.0, 1.46]",0
Convert 22.444 Megabits to Kilobytes.,"[2778.1, 2805.5, 26660.0, 1148.16]",1
Convert 73.719 Miles per Hour to Kilometers per Hour.,"[67.27, 704.6, 1123.29, 118.64]",3
Convert 75.814 Knots to Miles per Hour.,"[57.08, 127.79, 725.41, 87.25]",3
Convert 76.462 Meters to Inches.,"[15830.0, 3107.29, 3010.31, 22530.0]",2
Convert 4.497 Minutes to Seconds.,"[205.42, 1950.34, 269.82, 979.11]",2
Convert 74.648 Miles per Hour to Knots.,"[9.76, 596.32, 64.87, 150.11]",2
Convert 79.145 Square Meters to Square Feet.,"[851.91, 885.55, 5360.71, 7575.06]",0
Convert 68.514 Fahrenheit to Celsius.,"[88.44, 151.85, 20.29, 48.75]",2
Convert 26.127 Knots to Miles per Hour.,"[5.12, 237.91, 275.13, 30.07]",3
Convert 44.384 Meters per Second to Knots.,"[103.8, 687.46, 451.83, 86.28]",3
Convert 24.263 Gigabytes per Second to Gigabits per Second.,"[223.59, 194.1, 1545.37, 645.48]",1
Convert 48.27 Kilometers per Liter to Miles per Gallon.,"[113.54, 866.29, 437.2, 95.98]",0
